-- phpMyAdmin SQL Dump
-- version 5.2.2
-- https://www.phpmyadmin.net/
--
-- Host: localhost:3306
-- Generation Time: May 21, 2025 at 11:44 AM
-- Server version: 10.11.11-MariaDB-cll-lve
-- PHP Version: 8.3.20

SET SQL_MODE = "NO_AUTO_VALUE_ON_ZERO";
START TRANSACTION;
SET time_zone = "+00:00";


/*!40101 SET @OLD_CHARACTER_SET_CLIENT=@@CHARACTER_SET_CLIENT */;
/*!40101 SET @OLD_CHARACTER_SET_RESULTS=@@CHARACTER_SET_RESULTS */;
/*!40101 SET @OLD_COLLATION_CONNECTION=@@COLLATION_CONNECTION */;
/*!40101 SET NAMES utf8mb4 */;

--
-- Database: `itplanbd2_mollabari`
--

-- --------------------------------------------------------

--
-- Table structure for table `bank_transactions`
--

CREATE TABLE `bank_transactions` (
  `id` bigint(20) UNSIGNED NOT NULL,
  `user_id` bigint(20) UNSIGNED NOT NULL,
  `payment_method_id` bigint(20) UNSIGNED NOT NULL,
  `reference` varchar(255) DEFAULT NULL,
  `amount` decimal(40,2) NOT NULL,
  `date` datetime NOT NULL,
  `image` varchar(255) DEFAULT NULL,
  `note` text DEFAULT NULL,
  `type` tinyint(4) NOT NULL COMMENT '1 means deposite and 2 means withdraw',
  `created_at` timestamp NULL DEFAULT NULL,
  `updated_at` timestamp NULL DEFAULT NULL
) ENGINE=InnoDB DEFAULT CHARSET=utf8mb4 COLLATE=utf8mb4_unicode_ci;

-- --------------------------------------------------------

--
-- Table structure for table `categories`
--

CREATE TABLE `categories` (
  `id` bigint(20) UNSIGNED NOT NULL,
  `user_id` bigint(20) UNSIGNED NOT NULL,
  `name` varchar(255) NOT NULL,
  `status` tinyint(4) NOT NULL,
  `created_at` timestamp NULL DEFAULT NULL,
  `updated_at` timestamp NULL DEFAULT NULL
) ENGINE=InnoDB DEFAULT CHARSET=utf8mb4 COLLATE=utf8mb4_unicode_ci;

-- --------------------------------------------------------

--
-- Table structure for table `designations`
--

CREATE TABLE `designations` (
  `id` bigint(20) UNSIGNED NOT NULL,
  `user_id` bigint(20) UNSIGNED NOT NULL,
  `name` varchar(255) NOT NULL,
  `created_at` timestamp NULL DEFAULT NULL,
  `updated_at` timestamp NULL DEFAULT NULL
) ENGINE=InnoDB DEFAULT CHARSET=utf8mb4 COLLATE=utf8mb4_unicode_ci;

-- --------------------------------------------------------

--
-- Table structure for table `employees`
--

CREATE TABLE `employees` (
  `id` bigint(20) UNSIGNED NOT NULL,
  `user_id` bigint(20) UNSIGNED NOT NULL,
  `designation_id` bigint(20) UNSIGNED NOT NULL,
  `name` varchar(255) NOT NULL,
  `email` varchar(255) NOT NULL,
  `phone` varchar(255) NOT NULL,
  `image` varchar(255) NOT NULL,
  `salary` decimal(8,2) NOT NULL,
  `join_date` datetime NOT NULL,
  `join_month` int(11) NOT NULL,
  `join_year` int(11) NOT NULL,
  `description` varchar(255) DEFAULT NULL,
  `created_at` timestamp NULL DEFAULT NULL,
  `updated_at` timestamp NULL DEFAULT NULL
) ENGINE=InnoDB DEFAULT CHARSET=utf8mb4 COLLATE=utf8mb4_unicode_ci;

-- --------------------------------------------------------

--
-- Table structure for table `failed_jobs`
--

CREATE TABLE `failed_jobs` (
  `id` bigint(20) UNSIGNED NOT NULL,
  `uuid` varchar(255) NOT NULL,
  `connection` text NOT NULL,
  `queue` text NOT NULL,
  `payload` longtext NOT NULL,
  `exception` longtext NOT NULL,
  `failed_at` timestamp NOT NULL DEFAULT current_timestamp()
) ENGINE=InnoDB DEFAULT CHARSET=utf8mb4 COLLATE=utf8mb4_unicode_ci;

-- --------------------------------------------------------

--
-- Table structure for table `floors`
--

CREATE TABLE `floors` (
  `id` bigint(20) UNSIGNED NOT NULL,
  `user_id` bigint(20) UNSIGNED NOT NULL,
  `house_id` bigint(20) UNSIGNED NOT NULL,
  `name` varchar(255) NOT NULL,
  `info` varchar(255) DEFAULT NULL,
  `status` tinyint(4) NOT NULL,
  `created_at` timestamp NULL DEFAULT NULL,
  `updated_at` timestamp NULL DEFAULT NULL
) ENGINE=InnoDB DEFAULT CHARSET=utf8mb4 COLLATE=utf8mb4_unicode_ci;

--
-- Dumping data for table `floors`
--

INSERT INTO `floors` (`id`, `user_id`, `house_id`, `name`, `info`, `status`, `created_at`, `updated_at`) VALUES
(1, 2, 1, 'Floor 02', 'সর্বমোট ১২টা রুম আছে , এর মধ্যে এটাস্টবাথ বিশিষ্ট রুম-০৪টা, কমন বাথরুম আছে-০৩টা।', 1, '2025-01-13 01:12:52', '2025-02-14 02:47:20'),
(2, 2, 1, 'Floor 03', 'সর্বমোট ১৩টা রুম আছে , এর মধ্যে এটাস্টবাথ বিশিষ্ট রুম-০৬টা, কমন বাথরুম আছে-০২টা।', 1, '2025-02-14 02:43:19', '2025-02-14 02:47:30'),
(3, 2, 1, 'Floor 04', 'সর্বমোট ১৩টা রুম আছে , এর মধ্যে এটাস্টবাথ বিশিষ্ট রুম-০৬টা, কমন বাথরুম আছে-০২টা।', 1, '2025-02-14 02:46:33', '2025-02-14 02:46:33'),
(4, 2, 1, 'Floor 05', 'সর্বমোট ১৩টা রুম আছে , এর মধ্যে এটাস্টবাথ বিশিষ্ট রুম-০২টা, কমন বাথরুম আছে-০৪টা।', 1, '2025-02-14 02:48:12', '2025-02-14 02:48:12'),
(5, 2, 2, 'নিচ তলা', 'সর্বমোট ১১টা রুম আছে , এর মধ্যে এটাস্টবাথ বিশিষ্ট রুম-০৪টা, কমন বাথরুম আছে-০২টা।', 1, '2025-02-26 00:56:17', '2025-02-26 00:56:17'),
(6, 2, 3, 'Floor 01', 'সোর্বমোট ১টা ফ্ল্যাট, ফ্ল্যাট নংঃ-১০১', 1, '2025-02-26 03:05:34', '2025-02-26 03:11:25'),
(7, 2, 3, 'Floor 02', 'সর্বমোট ৪টা ফ্ল্যাট, ফ্ল্যাট নংঃ-২০১,২০২,২০৩,২০৪,', 1, '2025-02-26 03:06:25', '2025-02-26 03:07:22'),
(8, 2, 3, 'Floor 03', 'সর্বমোট ৪টা ফ্ল্যাট, ফ্ল্যাট নংঃ-301,302,303,304', 1, '2025-02-26 03:08:14', '2025-02-26 03:08:14'),
(9, 2, 3, 'Floor 04', 'সর্বমোট ৪টা ফ্ল্যাট, ফ্ল্যাট নংঃ-401,402,403,404', 1, '2025-02-26 03:09:21', '2025-02-26 03:09:21'),
(10, 2, 4, 'টিনশেড বাসা', '৮টি ইউনিটের ফ্যামিলী বাসা রয়েছে।', 1, '2025-02-26 03:16:04', '2025-02-26 03:16:04'),
(11, 2, 5, 'টিনশেড মেছ', 'সর্বমোট ১১টি রুম আছে যেগুলোর রুম নাম্বার হচ্ছে ১ থেকে ১১ পর্যন্ত।', 1, '2025-02-26 03:54:53', '2025-02-26 03:54:53');

-- --------------------------------------------------------

--
-- Table structure for table `houses`
--

CREATE TABLE `houses` (
  `id` bigint(20) UNSIGNED NOT NULL,
  `user_id` bigint(20) UNSIGNED NOT NULL,
  `house_name` varchar(255) NOT NULL,
  `owner_name` varchar(255) DEFAULT NULL,
  `contract_number` varchar(255) DEFAULT NULL,
  `holding_number` varchar(255) DEFAULT NULL,
  `address` varchar(255) NOT NULL,
  `land_info` varchar(255) DEFAULT NULL,
  `opening_balance` int(11) NOT NULL,
  `document` varchar(255) DEFAULT NULL,
  `status` tinyint(4) NOT NULL,
  `created_at` timestamp NULL DEFAULT NULL,
  `updated_at` timestamp NULL DEFAULT NULL
) ENGINE=InnoDB DEFAULT CHARSET=utf8mb4 COLLATE=utf8mb4_unicode_ci;

--
-- Dumping data for table `houses`
--

INSERT INTO `houses` (`id`, `user_id`, `house_name`, `owner_name`, `contract_number`, `holding_number`, `address`, `land_info`, `opening_balance`, `document`, `status`, `created_at`, `updated_at`) VALUES
(1, 2, 'হাজী-মার্কেট কর্মজীবী ও ছাত্র নিবাস ব্যাচেলর মেছ', NULL, '01721066352', '03', 'প্রেম বাগান,হাজী-মার্কেট,শহীদ লতিফ রোড,দক্ষিণখান,ঢাকা-১২৩০।', 'দাগ-১৭৮।', 0, NULL, 1, '2025-01-13 01:11:22', '2025-01-13 01:11:22'),
(2, 2, 'হাজী-মার্কেট ভি.আই.পি কর্মজীবী ও ছাত্র নিবাস ব্যাচেলর মেছ', NULL, '01721066352', '03', 'প্রেম বাগান,হাজী-মার্কেট, শহীদ লতিফ রোড, দক্ষিণখান,ঢাকা-১২৩০।', 'DAG NO: 178', 0, NULL, 1, '2025-02-26 00:54:21', '2025-02-26 00:54:21'),
(3, 2, 'হাজী-মার্কেট ফ্ল্যাট বাসা', NULL, '01721066352', '03', 'প্রেম বাগান,হাজী-মার্কেট,শহীদ লতিফ রোড,দক্ষিণখান,ঢাকা-১২৩০।', 'DAG NO: 178', 0, NULL, 1, '2025-02-26 02:56:59', '2025-02-26 02:56:59'),
(4, 2, 'মোল্লাবাড়ি', NULL, '01721066352', '02', 'গাওয়াইর, কলিলবোক্স রোড, দক্ষিণখান,ঢাকা-১২৩০।', 'DAG NO: 2560', 0, NULL, 1, '2025-02-26 02:59:52', '2025-02-26 02:59:52'),
(5, 2, 'মাতৃকুঠির কর্মজীবী ও ছাত্রনিবাস ব্যাচেলর মেছ', NULL, '01721066352', NULL, 'গাওয়াইর,কলিলবোক্স রোড,দক্ষিণখান,ঢাকা-১২৩০।', 'DAG NO: 2560', 0, NULL, 1, '2025-02-26 03:01:10', '2025-03-08 03:47:37'),
(6, 2, 'হাজী-মার্কেট সকল দোকান', NULL, '01721066352', '03', 'প্রেম বাগান,হাজী-মার্কেট,শহীদ লতিফ রোড,দক্ষিণখান,ঢাকা-১২৩০।', 'DAG NO: 03', 0, NULL, 1, '2025-02-26 03:03:26', '2025-02-26 03:03:26');

-- --------------------------------------------------------

--
-- Table structure for table `income_expences`
--

CREATE TABLE `income_expences` (
  `id` bigint(20) UNSIGNED NOT NULL,
  `user_id` bigint(20) UNSIGNED NOT NULL,
  `income_expence_category_id` bigint(20) UNSIGNED NOT NULL,
  `payment_method_id` bigint(20) UNSIGNED NOT NULL,
  `house_id` bigint(20) UNSIGNED DEFAULT NULL,
  `date` datetime NOT NULL,
  `reference` varchar(255) DEFAULT NULL,
  `income_amount` decimal(40,2) DEFAULT NULL,
  `expence_amount` decimal(40,2) DEFAULT NULL,
  `note` text DEFAULT NULL,
  `type` tinyint(4) NOT NULL COMMENT '1: INcome 2:Expense',
  `created_at` timestamp NULL DEFAULT NULL,
  `updated_at` timestamp NULL DEFAULT NULL
) ENGINE=InnoDB DEFAULT CHARSET=utf8mb4 COLLATE=utf8mb4_unicode_ci;

--
-- Dumping data for table `income_expences`
--

INSERT INTO `income_expences` (`id`, `user_id`, `income_expence_category_id`, `payment_method_id`, `house_id`, `date`, `reference`, `income_amount`, `expence_amount`, `note`, `type`, `created_at`, `updated_at`) VALUES
(14, 2, 6, 2, 1, '2025-03-01 00:00:00', 'TI', NULL, 1000.00, NULL, 2, '2025-02-28 20:39:01', '2025-02-28 20:39:01'),
(15, 2, 7, 2, 1, '2025-03-01 00:00:00', 'TI', NULL, 1000.00, NULL, 2, '2025-02-28 20:40:41', '2025-02-28 20:40:41'),
(16, 2, 8, 2, 1, '2025-03-01 00:00:00', 'TI', NULL, 1000.00, NULL, 2, '2025-02-28 20:41:25', '2025-02-28 20:41:25'),
(17, 2, 17, 2, 3, '2025-03-01 00:00:00', 'TI', NULL, 1000.00, NULL, 2, '2025-02-28 20:42:38', '2025-02-28 20:42:38'),
(18, 2, 18, 2, 3, '2025-03-01 00:00:00', 'TI', NULL, 1000.00, NULL, 2, '2025-02-28 20:43:24', '2025-02-28 20:43:24'),
(19, 2, 21, 1, 4, '2025-03-02 00:00:00', 'TI', NULL, 220.00, 'টমেটো২কেজি, সিম১কেজি, গাজর ১কেজি, খিরাই১কেজি, লেবু ১হালি।', 2, '2025-03-02 03:48:42', '2025-03-02 03:48:42'),
(20, 2, 5, 2, 1, '2025-03-02 00:00:00', 'TI', NULL, 1000.00, NULL, 2, '2025-03-02 10:23:11', '2025-03-02 10:23:11'),
(21, 2, 21, 1, 4, '2025-03-03 00:00:00', 'TI', NULL, 50.00, 'উস্তা হাপ কেজি -৫০', 2, '2025-03-03 01:06:41', '2025-03-03 01:06:41'),
(22, 2, 19, 1, 1, '2025-03-04 00:00:00', 'TI', NULL, 1000.00, 'টানা মটরের অটো ক্রয়-৭০০+মিস্ত্রি বিল বাবদ-৩০০।', 2, '2025-03-03 23:43:57', '2025-03-03 23:43:57'),
(23, 2, 22, 1, 1, '2025-03-04 00:00:00', 'TI', NULL, 3000.00, 'ইসলামপুর মাদ্রাসায় দান বাবদ।', 2, '2025-03-03 23:55:57', '2025-03-03 23:55:57'),
(24, 2, 22, 1, 1, '2025-03-04 00:00:00', 'TI', NULL, 1600.00, 'বিলতুর জামা ক্রয় বাবদ', 2, '2025-03-04 00:55:50', '2025-03-04 00:55:50'),
(25, 2, 22, 1, 1, '2025-03-04 00:00:00', 'TI', NULL, 200.00, 'দান বাবদ', 2, '2025-03-04 10:32:00', '2025-03-04 10:32:00'),
(26, 2, 21, 1, 4, '2025-03-05 00:00:00', 'TI', NULL, 285.00, '১টা বেল-৮০, দারা সাক৩মুডা-৩৫,সিম১কেজি-৬০, পালঙ্গ সাক,বেগুন-১১০।', 2, '2025-03-05 01:15:05', '2025-03-05 01:15:05'),
(28, 2, 21, 1, 4, '2025-03-06 00:00:00', 'TI', NULL, 1000.00, 'বাসার ০৯ নং বিদ্যুৎ মিটারে টাকা রিচার্জ।', 2, '2025-03-06 00:56:06', '2025-03-06 00:56:06'),
(29, 2, 9, 1, 1, '2025-03-06 00:00:00', 'TI', NULL, 1000.00, NULL, 2, '2025-03-06 07:18:39', '2025-03-06 07:18:39'),
(30, 2, 21, 1, 4, '2025-03-03 00:00:00', 'Ti', NULL, 1000.00, '৪লিটার তেল-৭০০,৫কেজি আলু-১২৫,লেবু-৪০।', 2, '2025-03-07 04:24:44', '2025-03-07 04:24:44'),
(31, 2, 21, 1, 4, '2025-03-02 00:00:00', 'TI', NULL, 2900.00, 'পাঙ্গাস মাস ৪কেজি-৮০০ চিংড়ি মাছ২কেজি-১২০০, রুই মাছ ৩কেজি-৯০০ -ফ্ল্যাট জানুয়ারী মাস পাবে বাসা থেকে।', 2, '2025-03-07 04:43:22', '2025-03-07 04:43:22'),
(32, 2, 21, 1, 4, '2025-03-05 00:00:00', 'TI', NULL, 55.00, 'টমেটো ২কেজি-৪০, কাঁচা মরিচ-১৫', 2, '2025-03-08 00:18:29', '2025-03-08 00:18:29'),
(33, 2, 21, 1, 4, '2025-03-04 00:00:00', 'TI', NULL, 150.00, 'দ্বারা সাক,লম্বা বেগুন,সিম বিচি,ধনিয়াপাতা-১৫০', 2, '2025-03-08 00:22:40', '2025-03-08 00:22:40'),
(34, 2, 21, 1, 4, '2025-03-08 00:00:00', 'TI', NULL, 530.00, 'পাবদা মাছ১কেজি- ৩০০টাকা, লাউ,উস্তা,দ্বারা সাক, টমেটো-২৩০ টাকা।', 2, '2025-03-08 00:31:01', '2025-03-08 00:31:01'),
(36, 2, 22, 1, 1, '2025-03-08 00:00:00', 'TI', NULL, 1350.00, '২৫কেজি চাউলের বস্তা দান বাবদ।', 2, '2025-03-08 01:15:10', '2025-03-08 01:15:10'),
(37, 2, 6, 1, 1, '2025-03-08 00:00:00', 'TI', NULL, 1000.00, '২নং মিটারে টাকা রিচার্জ।', 2, '2025-03-08 10:35:18', '2025-03-08 10:35:18'),
(38, 2, 11, 1, 1, '2025-03-08 00:00:00', 'TI', NULL, 500.00, '০৭ নং মিটারে টাকা রিচার্জ।', 2, '2025-03-08 10:40:03', '2025-03-08 10:40:03'),
(39, 2, 12, 1, 1, '2025-03-08 00:00:00', 'TI', NULL, 500.00, '০৮ নং মিটারে টাকা রিচার্জ।', 2, '2025-03-08 10:42:14', '2025-03-08 10:42:14'),
(40, 2, 13, 1, 1, '2025-03-08 00:00:00', 'TI', NULL, 500.00, '০৯ নং মিটারে টাকা রিচার্জ।', 2, '2025-03-08 10:42:41', '2025-03-08 10:42:41'),
(41, 2, 17, 1, 3, '2025-03-08 00:00:00', NULL, NULL, 1000.00, 'পানি টানা মটরের মিটারে টাকা রিচার্জ-১০০০।', 2, '2025-03-08 10:44:46', '2025-03-08 10:44:46'),
(42, 2, 18, 1, 3, '2025-03-08 00:00:00', 'TI', NULL, 1000.00, 'সাবমার্সিবল মটরের বিদ্যুৎ মিটারে টাকা রিচার্জ-১০০০।', 2, '2025-03-08 10:45:59', '2025-03-08 10:45:59'),
(43, 2, 21, 1, 4, '2025-03-09 00:00:00', 'TI', NULL, 110.00, 'মিষ্টি কুমড়া-৫০, মিস্টি আলু২কেজি-৬০', 2, '2025-03-09 01:49:22', '2025-03-09 01:49:22'),
(44, 2, 21, 1, 4, '2025-03-09 00:00:00', 'TI', NULL, 2200.00, '২৫ কেজি চাউলের বস্তা ক্রয় বাবদ।', 2, '2025-03-09 07:31:47', '2025-03-09 07:31:47'),
(45, 2, 22, 1, 5, '2025-03-09 00:00:00', 'TI', NULL, 1000.00, 'শিবপুর মাদ্রাসায় দান বাবদ', 2, '2025-03-09 08:11:53', '2025-03-09 08:11:53'),
(46, 2, 21, 1, 4, '2025-03-10 00:00:00', 'TI', NULL, 160.00, 'সিম ১কেজি,ফুল কবি,কঁচুর লতি।', 2, '2025-03-09 23:58:51', '2025-03-09 23:58:51'),
(47, 2, 21, 1, 4, '2025-03-10 00:00:00', 'TI', NULL, 1000.00, '০৯নং বিদ্যুৎ মিটারে টাকা রিচার্জ।', 2, '2025-03-10 00:09:44', '2025-03-10 00:09:44'),
(48, 2, 19, 1, 1, '2025-03-10 00:00:00', 'TI', NULL, 6000.00, 'কাকার বেতন ফেব্রূয়ারী-২০২৫ইং মাস ।', 2, '2025-03-10 11:29:36', '2025-03-10 11:29:36'),
(49, 2, 20, 1, 3, '2025-03-10 00:00:00', 'TI', NULL, 6000.00, 'কাকার বেতন ফেব্রূয়ারী-২০২৫ইং মাস।', 2, '2025-03-10 11:30:56', '2025-03-10 11:30:56'),
(50, 2, 22, 1, 1, '2025-03-11 00:00:00', 'TI', NULL, 1000.00, 'বিলতু নগত ১০০০ টাকা।', 2, '2025-03-11 07:49:28', '2025-03-11 07:49:28'),
(51, 2, 6, 2, 1, '2025-03-12 00:00:00', 'TI', NULL, 1000.00, '০২নং মিটারে ১০০০ টাকা রিচার্জ বাবদ।', 2, '2025-03-12 01:13:16', '2025-03-12 01:13:16'),
(52, 2, 21, 1, 4, '2025-03-11 00:00:00', 'TI', NULL, 4000.00, 'বুয়ার ফেব্রুয়ারি ২৫ইং মাসের বেতন।', 2, '2025-03-12 02:17:40', '2025-03-12 02:17:40'),
(53, 2, 21, 1, 4, '2025-03-12 00:00:00', 'TI', NULL, 1340.00, 'চাকা পাওডার ক্রয়২কেজি-৩০০, কাঁচ কলা,লাউ, লম্বা বেগুন,ধনিয়া পাতা-১৮০, শিং মাছ ২.৪০০গ্রাম-৮৬০.', 2, '2025-03-12 02:25:34', '2025-03-12 02:25:34'),
(54, 2, 17, 1, 3, '2025-03-13 00:00:00', 'TI', NULL, 1000.00, 'ফ্ল্যাট বাসার পানির টানা মটরের বিদ্যুৎ মিটারে রিচার্জ-১০০০।', 2, '2025-03-13 03:10:47', '2025-03-13 03:10:47'),
(55, 2, 21, 1, 4, '2025-03-13 00:00:00', 'TI', NULL, 4000.00, 'বুয়ার বেতন বাবদ।', 2, '2025-03-13 05:55:32', '2025-03-13 05:55:32'),
(56, 2, 21, 1, 4, '2025-03-13 00:00:00', 'TI', NULL, 40.00, '২কেজি টমেটো ।', 2, '2025-03-13 09:01:57', '2025-03-13 09:01:57'),
(57, 2, 22, 1, 1, '2025-03-13 00:00:00', 'TI', NULL, 500.00, NULL, 2, '2025-03-13 09:24:36', '2025-03-13 09:24:36'),
(58, 2, 21, 1, 4, '2025-03-14 00:00:00', 'TI', NULL, 160.00, '২কেজি রসুন ক্রয়।', 2, '2025-03-14 08:18:02', '2025-03-14 08:18:02'),
(59, 2, 21, 1, 4, '2025-03-14 00:00:00', 'TI', NULL, 1000.00, '১০ নং বিদ্যুৎ মিটারে টাকা রিচার্জ।', 2, '2025-03-14 08:42:26', '2025-03-14 08:42:26'),
(60, 2, 7, 1, 1, '2025-03-14 00:00:00', 'TI', NULL, 1000.00, '৩নং বিদ্যুৎ মিটারে রিচার্জ।', 2, '2025-03-14 08:56:15', '2025-03-14 08:56:15'),
(61, 2, 22, 1, 1, '2025-03-14 00:00:00', 'TI', NULL, 500.00, 'এসি সার্ভিসিং বাবদ।', 2, '2025-03-14 09:50:56', '2025-03-14 09:50:56'),
(62, 2, 22, 1, 1, '2025-03-15 00:00:00', 'TI', NULL, 1000.00, 'তাজুল খরচা বাবদ।', 2, '2025-03-15 03:39:14', '2025-03-15 03:39:14'),
(63, 2, 21, 1, 4, '2025-03-15 00:00:00', 'TI', NULL, 60.00, 'খিরাই১কেজি-৩০, পুই সক ১মুডা-৩০।', 2, '2025-03-15 03:40:31', '2025-03-15 03:40:31'),
(64, 2, 22, 1, 1, '2025-03-15 00:00:00', 'TI', NULL, 1000.00, NULL, 2, '2025-03-15 10:27:59', '2025-03-15 10:27:59'),
(65, 2, 21, 1, 4, '2025-03-16 00:00:00', 'TI', NULL, 200.00, 'দ্বারা সাক,লাউ,লাউ সাক,টমেটো=২০০টাকা।', 2, '2025-03-16 01:11:16', '2025-03-16 01:11:16'),
(66, 2, 22, 1, 1, '2025-03-16 00:00:00', 'TI', NULL, 500.00, 'বাইতুস্সালাম জামে মসজিদে এপ্রিল মাসের হাদিয়া বাবদ।', 2, '2025-03-16 01:43:14', '2025-03-16 01:43:14'),
(67, 2, 21, 1, 4, '2025-03-16 00:00:00', 'TI', NULL, 2000.00, '০১, ১০ নং বিদ্যুৎ মিটারে টাকা রিচার্জ বাবদ।', 2, '2025-03-16 01:45:11', '2025-03-16 01:45:11'),
(68, 2, 21, 1, 4, '2025-03-16 00:00:00', 'TI', NULL, 7000.00, 'দোকানের জানুয়ারী,ফেব্রূয়ারী-২৫ইং মাসের বকেয়া পরিশোধ।', 2, '2025-03-16 02:10:06', '2025-03-16 02:10:06'),
(70, 2, 8, 1, 1, '2025-03-17 00:00:00', 'TI', NULL, 1000.00, NULL, 2, '2025-03-17 08:16:21', '2025-03-17 08:16:21'),
(71, 2, 6, 1, 1, '2025-03-17 00:00:00', 'TI', NULL, 1000.00, NULL, 2, '2025-03-17 08:17:18', '2025-03-17 08:17:18'),
(72, 2, 19, 1, 1, '2025-03-17 00:00:00', 'TI', NULL, 500.00, 'ময়লার বিল', 2, '2025-03-17 08:17:54', '2025-03-17 08:17:54'),
(73, 2, 20, 1, 3, '2025-03-17 00:00:00', 'TI', NULL, 500.00, 'ময়লার বিল।', 2, '2025-03-17 08:18:47', '2025-03-17 08:18:47'),
(74, 2, 21, 1, 4, '2025-03-17 00:00:00', 'TI', NULL, 200.00, 'ময়লার বিল বাবদ।', 2, '2025-03-17 08:46:46', '2025-03-17 08:46:46'),
(75, 2, 22, 1, 1, '2025-03-18 00:00:00', 'TI', NULL, 500.00, 'তাজুল খরচা বাবদ জিয়াউর হাফেজ কে।', 2, '2025-03-18 10:01:23', '2025-03-18 10:01:23'),
(76, 2, 18, 1, 3, '2025-03-17 00:00:00', 'TI', NULL, 1000.00, 'সাবমার্সিবল মটরের বিদ্যুৎ মিটারে টাকা রিচার্জ বাবদ।', 2, '2025-03-18 10:26:01', '2025-03-18 10:26:01'),
(77, 2, 5, 1, 1, '2025-03-18 00:00:00', 'TI', NULL, 1000.00, NULL, 2, '2025-03-18 10:27:04', '2025-03-18 10:27:04'),
(78, 2, 9, 1, 1, '2025-03-18 00:00:00', 'TI', NULL, 1000.00, NULL, 2, '2025-03-18 10:27:27', '2025-03-18 10:27:27'),
(79, 2, 21, 1, 4, '2025-03-19 00:00:00', 'TI', NULL, 280.00, 'ঝালি১টা,করল্লা১কেজি,কাঁচা মরিচ,দুনদুল,মুলা,টমেটো২কেজি।', 2, '2025-03-19 08:55:59', '2025-03-19 08:55:59'),
(80, 2, 20, 1, 3, '2025-03-10 00:00:00', 'TI', NULL, 2000.00, '204,304 ফ্ল্যাটের কলের গোরাদিয়ে পানি পড়ে মেরামত করা স্যানেটারী মিস্ত্রি+লেবার বিল।', 2, '2025-03-19 11:03:59', '2025-03-19 11:03:59'),
(81, 2, 21, 1, 4, '2025-03-20 00:00:00', 'TI', NULL, 1000.00, '০৯ নং বিদ্যুৎ মিটারে টাকা রিচার্জ।', 2, '2025-03-20 00:00:41', '2025-03-20 00:00:41'),
(83, 2, 22, 1, 1, '2025-03-20 00:00:00', 'TI', NULL, 800.00, 'ফেতরা বাবদ ।', 2, '2025-03-20 03:14:51', '2025-03-20 03:14:51'),
(85, 2, 21, 1, 4, '2025-03-20 00:00:00', 'TI', NULL, 640.00, 'লাউ,টমেটো-১২০, কঁচু,করল্লা,বেগুন-১৮০, চিংড়ি মাছ ১কেজি-৮০০, ভাড়া-৪০।', 2, '2025-03-20 03:29:17', '2025-03-20 03:29:17'),
(86, 2, 21, 1, 4, '2025-03-20 00:00:00', 'TI', NULL, 1000.00, 'ওয়াসার লোককে খরচা বাবদ-১০০০।', 2, '2025-03-20 03:45:25', '2025-03-20 03:45:25'),
(87, 2, 21, 1, 4, '2025-03-20 00:00:00', NULL, NULL, 225.00, 'হুইল পাওডার ক্রয়।', 2, '2025-03-20 09:35:50', '2025-03-20 09:35:50'),
(88, 2, 22, 1, 1, '2025-03-20 00:00:00', 'TI', NULL, 300.00, 'বাথরুম ফ্রেশনার,হারপিক পাওডার।', 2, '2025-03-20 09:44:25', '2025-03-20 09:44:25'),
(89, 2, 19, 1, 1, '2025-03-20 00:00:00', 'TI', NULL, 400.00, 'হারপিক,+পাওডার ক্রয়।', 2, '2025-03-20 09:53:13', '2025-03-20 09:53:13'),
(90, 2, 21, 1, 4, '2025-03-21 00:00:00', 'TI', NULL, 130.00, 'মিস্টি কুমড়া সাক, সিম ১কেজি।', 2, '2025-03-21 00:21:46', '2025-03-21 00:21:46'),
(91, 2, 17, 4, 3, '2025-03-21 00:00:00', 'TI', NULL, 1000.00, 'ফ্ল্যাটের টানা মটরের মিটারে টাকা রিচার্জ।', 2, '2025-03-21 02:00:52', '2025-03-21 02:00:52'),
(92, 2, 2, 4, 1, '2025-03-21 00:00:00', 'TI', NULL, 5500.00, 'গ্যাস বিল নভেম্বর-২৪ইং বাবদ।', 2, '2025-03-21 02:15:49', '2025-03-21 02:15:49'),
(93, 2, 14, 4, 3, '2025-03-21 00:00:00', 'TI', NULL, 6540.00, 'গ্যাস বিল নভেম্বর-২৪ইং বাবদ।', 2, '2025-03-21 02:17:24', '2025-03-21 02:17:24'),
(94, 2, 3, 4, 1, '2025-03-21 00:00:00', 'TI', NULL, 5972.00, 'পানির বিল ফেব্রূয়ারী-২৪ইং=৪২২২ এক্সট্রা=১৭৫০।', 2, '2025-03-21 02:29:44', '2025-03-21 02:29:44'),
(95, 2, 15, 4, 3, '2025-03-21 00:00:00', 'TI', NULL, 5972.00, 'পানির বিল ফেব্রূয়ারী-২৪ইং=৪২২২ এক্সট্রা=১৭৫০।', 2, '2025-03-21 02:30:34', '2025-03-21 02:30:34'),
(96, 2, 6, 3, 1, '2025-03-22 00:00:00', 'TI', NULL, 1200.00, '২নং বিদ্যুৎ মিটারে রিচার্জ।', 2, '2025-03-22 01:44:26', '2025-03-22 01:44:26'),
(97, 2, 21, 1, 4, '2025-03-23 00:00:00', 'TI', NULL, 700.00, 'ড্রেন পরিষ্কার বাবদ সুইপার কে নগত।', 2, '2025-03-22 23:57:27', '2025-03-22 23:57:27'),
(98, 2, 22, 1, 1, '2025-03-23 00:00:00', 'TI', NULL, 6000.00, 'নাম্বার খোজার জন্য-২০০০, শিকদার বাড়ি মসজিদ ঘড়ি-২০০০, হাঁস ক্রয় ৫টা-২০০০।', 2, '2025-03-23 05:22:08', '2025-03-23 05:22:08'),
(99, 2, 21, 1, 4, '2025-03-24 00:00:00', 'TI', NULL, 400.00, 'খিরাই,লাউ,সিম,উস্তা,ধনিয়া পাতা,কাঁচা মরিচ-৩৪০, ভাড়া-৪০।', 2, '2025-03-24 04:48:16', '2025-03-24 04:48:16'),
(100, 2, 6, 2, 1, '2025-03-25 00:00:00', 'TI', NULL, 1000.00, '২নং মিটারে টাকা রিচার্জ।', 2, '2025-03-25 00:56:32', '2025-03-25 00:56:32'),
(101, 2, 19, 1, 1, '2025-03-27 00:00:00', 'TI', NULL, 6000.00, NULL, 2, '2025-03-27 07:59:56', '2025-03-27 07:59:56'),
(102, 2, 22, 1, 1, '2025-03-27 00:00:00', 'TI', NULL, 500.00, NULL, 2, '2025-03-27 08:03:59', '2025-03-27 08:03:59'),
(103, 2, 22, 1, 1, '2025-03-28 00:00:00', 'TI', NULL, 500.00, 'লন্ড্রি বাবদ।', 2, '2025-03-28 00:07:23', '2025-03-28 00:07:23'),
(104, 2, 20, 1, 3, '2025-03-28 00:00:00', 'TI', NULL, 1000.00, 'কেচি গেইট ঠিক করা ওয়ার্কশপ মেস্ত্রি বিল বাবদ।', 2, '2025-03-28 00:26:38', '2025-03-28 00:26:38'),
(105, 2, 19, 1, 1, '2025-03-28 00:00:00', 'TI', NULL, 500.00, 'ময়লা ক্লিনের লোকদের বকশিশ-৫০০।', 2, '2025-03-28 10:54:19', '2025-03-28 10:54:19'),
(106, 2, 6, 2, 1, '2025-04-01 00:00:00', 'TI', NULL, 1000.00, '২নং মিটারে টাকা রিচার্জ।', 2, '2025-04-01 01:46:33', '2025-04-01 01:46:33'),
(107, 2, 8, 2, 1, '2025-04-01 00:00:00', 'TI', NULL, 1000.00, '৪নং মিটারে টাকা রিচার্জ।', 2, '2025-04-01 01:47:49', '2025-04-01 01:47:49'),
(108, 2, 5, 2, 1, '2025-04-01 00:00:00', 'TI', NULL, 1000.00, '১নং মিটারে টাকা রিচার্জ।', 2, '2025-04-01 01:51:08', '2025-04-01 01:51:08'),
(109, 2, 7, 2, 1, '2025-04-01 00:00:00', 'TI', NULL, 1000.00, '৩নং মিটারে টাকা রিচার্জ।', 2, '2025-04-01 01:51:44', '2025-04-01 01:51:44'),
(110, 2, 17, 2, 3, '2025-04-01 00:00:00', 'Ti', NULL, 1000.00, NULL, 2, '2025-04-01 01:53:03', '2025-04-01 01:53:03'),
(111, 2, 18, 2, 3, '2025-04-01 00:00:00', 'TI', NULL, 1000.00, NULL, 2, '2025-04-01 01:53:27', '2025-04-01 01:53:27'),
(112, 2, 21, 2, 4, '2025-04-01 00:00:00', 'TI', NULL, 3000.00, '০১,০৯,১০ মিটারে টাকা রিচার্জ।', 2, '2025-04-01 01:56:31', '2025-04-01 01:56:31'),
(113, 2, 21, 1, 4, '2025-04-01 00:00:00', 'Ti', NULL, 4000.00, 'বুয়ার বেতন মার্চ-২০২৫ইং মাসের-৪০০০টাাকা।', 2, '2025-04-01 02:08:58', '2025-04-01 02:08:58'),
(114, 2, 19, 1, 1, '2025-04-01 00:00:00', 'TI', NULL, 600.00, 'মেস পরিষ্কার করার জন্য সুইপার কে নগত।', 2, '2025-04-02 01:10:35', '2025-04-02 01:10:35'),
(115, 2, 21, 1, 4, '2025-04-08 00:00:00', 'TI', NULL, 3500.00, 'বাসার০১ নং বিদ্যুৎ মিটারে রিচার্জ-১৫০০। ০৯ নং বিদ্যুৎ মিটারে রিচার্জ-১০০০। ১০ নং বিদ্যুৎ মিটারে রিচার্জ-১০০০।', 2, '2025-04-08 02:17:35', '2025-04-08 02:17:35'),
(116, 2, 21, 1, 4, '2025-04-08 00:00:00', 'TI', NULL, 1000.00, 'শরিষার তেল ক্রয় বাবদ।', 2, '2025-04-08 02:19:02', '2025-04-08 02:19:02'),
(117, 2, 6, 2, 1, '2025-04-08 00:00:00', 'TI', NULL, 1000.00, NULL, 2, '2025-04-08 02:37:50', '2025-04-08 02:37:50'),
(118, 2, 9, 2, 1, '2025-04-08 00:00:00', 'Ti', NULL, 1000.00, NULL, 2, '2025-04-08 02:38:27', '2025-04-08 02:38:27'),
(119, 2, 17, 2, 3, '2025-04-08 00:00:00', 'TI', NULL, 1000.00, NULL, 2, '2025-04-08 03:19:20', '2025-04-08 03:19:20'),
(120, 2, 21, 1, 4, '2025-04-09 00:00:00', 'TI', NULL, 500.00, '১০নং বিদ্যুৎ মিটারে রিচার্জ।', 2, '2025-04-09 06:02:31', '2025-04-09 06:02:31'),
(121, 2, 6, 2, 1, '2025-04-12 00:00:00', 'TI', NULL, 1000.00, NULL, 2, '2025-04-12 00:06:25', '2025-04-12 00:06:25'),
(122, 2, 17, 4, 3, '2025-04-13 00:00:00', 'TI', NULL, 1000.00, NULL, 2, '2025-04-13 19:04:08', '2025-04-13 19:04:08'),
(123, 2, 19, 1, 1, '2025-04-14 00:00:00', 'TI', NULL, 2000.00, 'তাজুল খরচা বাবদ ।', 2, '2025-04-15 09:23:22', '2025-04-15 09:23:22'),
(124, 2, 6, 2, 1, '2025-04-16 00:00:00', 'TI', NULL, 1000.00, NULL, 2, '2025-04-16 00:58:53', '2025-04-16 00:58:53'),
(125, 2, 21, 2, 4, '2025-04-16 00:00:00', 'TI', NULL, 1000.00, '10 নং মিটারে টাকা রিচার্জ বাবাদ।', 2, '2025-04-16 00:59:44', '2025-04-16 00:59:44'),
(126, 2, 19, 1, 1, '2025-04-16 00:00:00', 'TI', NULL, 2450.00, '2টা অটো অন/অফ লাইট, ১টা গেটের জন্য পানি টানার মটর ক্রয়।', 2, '2025-04-16 03:15:45', '2025-04-16 03:15:45'),
(127, 2, 5, 2, 1, '2025-04-17 00:00:00', 'TI', NULL, 1000.00, NULL, 2, '2025-04-17 02:02:58', '2025-04-17 02:02:58'),
(128, 2, 19, 1, 1, '2025-04-17 00:00:00', 'TI', NULL, 600.00, 'লেপটপ এর এ্যাডেপ্টার ক্রয়+ভাড়া।', 2, '2025-04-17 05:56:14', '2025-04-17 05:56:14'),
(129, 2, 23, 1, 1, '2025-04-17 00:00:00', 'TI', NULL, 2500.00, 'ক্যামেরা ঠিক করা বাবাদ।', 2, '2025-04-17 07:00:01', '2025-04-17 07:00:01'),
(130, 2, 21, 1, 4, '2025-04-17 00:00:00', 'TI', NULL, 7000.00, 'দোকানের মার্চ-২৫ইং মাসের বকেয়া পরিশোধ।', 2, '2025-04-17 10:52:18', '2025-04-17 10:52:18'),
(131, 2, 22, 1, 1, '2025-04-17 00:00:00', 'TI', NULL, 1050.00, 'অনলাইনে প্রোডাক্ট ক্রয় ।', 2, '2025-04-17 11:25:55', '2025-04-17 11:25:55'),
(132, 2, 21, 1, 4, '2025-04-18 00:00:00', 'Mother', NULL, 5000.00, 'বুয়ার বেতন মার্চ-২৫ইং মাস-৫০০০টাকা', 2, '2025-04-18 06:57:37', '2025-04-18 06:57:37'),
(133, 2, 21, 1, 4, '2025-04-18 00:00:00', 'Mother', NULL, 1000.00, 'মা বাজার সদাই বাবদ।', 2, '2025-04-18 06:59:50', '2025-04-18 06:59:50'),
(134, 2, 21, 1, 4, '2025-04-18 00:00:00', 'Mother', NULL, 200.00, 'মা নগত বাজার সদাই বাবদ নগত নিয়েছেন-২০০টাকা ০৭নং ইউনিট থেকে।', 2, '2025-04-18 07:01:23', '2025-04-18 07:01:23'),
(135, 2, 22, 1, 1, '2025-04-18 00:00:00', 'TI', NULL, 500.00, 'বাইতুসসালাম মসজিদে হাদিয়া বাবদ মার্চ-২৫ইং মাস।', 2, '2025-04-18 08:00:11', '2025-04-18 08:00:11'),
(136, 2, 21, 1, 4, '2025-04-18 00:00:00', 'TI', NULL, 1100.00, '২লিটার সবিন তেল ২টা , হুইল পাওডার ১কেজি।', 2, '2025-04-18 09:28:50', '2025-04-18 09:28:50'),
(137, 2, 17, 1, 3, '2025-04-18 00:00:00', 'TI', NULL, 1000.00, NULL, 2, '2025-04-18 09:40:19', '2025-04-18 09:40:19'),
(138, 2, 18, 1, 3, '2025-04-18 00:00:00', 'TI', NULL, 1000.00, NULL, 2, '2025-04-18 09:40:53', '2025-04-18 09:40:53'),
(139, 2, 22, 1, 1, '2025-04-18 00:00:00', 'TI', NULL, 1350.00, '২৫কেজি চাউলের বস্তা ক্রয় দান করার জন্য।', 2, '2025-04-18 10:55:00', '2025-04-18 10:55:00'),
(141, 2, 7, 2, 1, '2025-04-19 00:00:00', 'TI', NULL, 1000.00, NULL, 2, '2025-04-19 00:58:17', '2025-04-19 00:58:17'),
(142, 2, 9, 2, 1, '2025-04-19 00:00:00', 'TI', NULL, 1000.00, NULL, 2, '2025-04-19 00:59:00', '2025-04-19 00:59:00'),
(143, 2, 21, 1, 4, '2025-04-19 00:00:00', 'TI', NULL, 4200.00, '০১,০৯ নং মিটারে টাকা রিচার্জ-২০০০টাকা। ২৫কেজি ১বস্তা চাউল-২২০০।', 2, '2025-04-19 01:11:19', '2025-04-19 01:11:19'),
(144, 2, 21, 1, 4, '2025-04-19 00:00:00', 'TI', NULL, 400.00, 'সিমেন্ট দোকানের গিফ্ট আইটেম ক্রয় বাবদ-৪০০টাকা', 2, '2025-04-19 01:24:15', '2025-04-19 01:24:15'),
(145, 2, 21, 1, 4, '2025-04-19 00:00:00', 'TI', NULL, 1000.00, 'ওয়াসার লোককে নগত খরচা বাবদ-১০০০।', 2, '2025-04-19 05:32:50', '2025-04-19 05:32:50'),
(146, 2, 3, 4, 1, '2025-04-19 00:00:00', 'TI', NULL, 6300.00, 'পানির বিল মার্চ-২৫ইং=৪৫৫২ এক্সট্রা=১৭৫০।', 2, '2025-04-19 06:49:20', '2025-04-19 06:49:20'),
(147, 2, 15, 4, 3, '2025-04-19 00:00:00', 'TI', NULL, 6300.00, 'পানির বিল মার্চ-২৫ইং=৪৫৫২ এক্সট্রা=১৭৫০।', 2, '2025-04-19 06:50:03', '2025-04-19 06:50:03'),
(148, 2, 21, 1, 4, '2025-04-19 00:00:00', 'TI', NULL, 195.00, 'মুটা নুডুস ক্রয়।', 2, '2025-04-19 10:49:43', '2025-04-19 10:49:43'),
(149, 2, 6, 2, 1, '2025-04-22 00:00:00', 'TI', NULL, 1000.00, NULL, 2, '2025-04-23 23:41:17', '2025-04-23 23:41:17'),
(150, 2, 8, 2, 1, '2025-04-23 00:00:00', 'TI', NULL, 1000.00, NULL, 2, '2025-04-23 23:41:54', '2025-04-23 23:41:54'),
(151, 2, 18, 2, 3, '2025-04-24 00:00:00', 'TI', NULL, 2000.00, NULL, 2, '2025-04-23 23:43:45', '2025-04-23 23:43:45'),
(152, 2, 17, 2, 3, '2025-04-24 00:00:00', 'TI', NULL, 1000.00, NULL, 2, '2025-04-23 23:49:42', '2025-04-23 23:49:42'),
(153, 2, 22, 1, 1, '2025-04-24 00:00:00', 'TI', NULL, 2500.00, 'তাজুল খরচা বাবদ নরসিংদী।', 2, '2025-04-24 00:00:28', '2025-04-24 00:00:28'),
(154, 2, 21, 1, 4, '2025-04-24 00:00:00', 'TI', NULL, 270.00, 'চেপা শুটকি ক্রয় নরসিংদী থেকে ২০০গ্রাম।', 2, '2025-04-24 00:02:13', '2025-04-24 00:02:13'),
(156, 2, 4, 1, 1, '2025-04-25 00:00:00', 'TI', NULL, 500.00, NULL, 2, '2025-04-25 09:41:29', '2025-04-25 09:41:29'),
(157, 2, 16, 1, 3, '2025-04-25 00:00:00', 'TI', NULL, 500.00, NULL, 2, '2025-04-25 09:42:41', '2025-04-25 09:42:41'),
(158, 2, 21, 1, 4, '2025-04-25 00:00:00', 'TI', NULL, 200.00, 'ময়লার বিল।', 2, '2025-04-25 09:43:24', '2025-04-25 09:43:24'),
(160, 2, 21, 1, 4, '2025-04-26 00:00:00', 'TI', NULL, 1000.00, '১০ নং বিদ্যুৎ  মিটারে রিচার্জ-১০০০টাকা।', 2, '2025-04-26 01:23:42', '2025-04-26 01:23:42'),
(161, 2, 6, 2, 1, '2025-04-26 00:00:00', 'TI', NULL, 1000.00, NULL, 2, '2025-04-26 01:31:27', '2025-04-26 01:31:27'),
(162, 2, 21, 4, 4, '2025-04-26 00:00:00', 'TI', NULL, 3100.00, 'পানির বিল ডিসেম্বার-২০২৪ইং মাস  টোটাল=৪৬০১-মাতৃকুঠির=১৫০০, বাসার-৩১০১।', 2, '2025-04-26 02:01:07', '2025-04-26 02:01:07'),
(163, 2, 24, 1, 1, '2025-04-26 00:00:00', 'TI', NULL, 6000.00, NULL, 2, '2025-04-26 03:28:11', '2025-04-26 03:28:11'),
(164, 2, 23, 1, 1, '2025-04-26 00:00:00', 'TI', NULL, 15600.00, 'ইন্ডিয়া থেকে ঔষধ ক্রয়।', 2, '2025-04-26 07:57:06', '2025-04-26 07:57:06'),
(165, 2, 6, 1, 1, '2025-04-27 00:00:00', 'TI', NULL, 800.00, NULL, 2, '2025-04-27 01:25:55', '2025-04-27 01:25:55'),
(166, 2, 7, 2, 1, '2025-04-27 00:00:00', 'TI', NULL, 1000.00, NULL, 2, '2025-04-27 01:26:24', '2025-04-27 01:26:24'),
(167, 2, 17, 2, 3, '2025-04-27 00:00:00', 'TI', NULL, 1000.00, NULL, 2, '2025-04-27 01:27:59', '2025-04-27 01:27:59'),
(170, 2, 2, 4, 1, '2025-04-27 00:00:00', 'TI', NULL, 5500.00, 'গ্যাস বিল ডিসেম্বর-২৪ইং বাবদ।', 2, '2025-04-27 01:35:07', '2025-04-27 01:35:07'),
(171, 2, 14, 4, 3, '2025-04-27 00:00:00', 'TI', NULL, 6540.00, 'গ্যাস বিল ডিসেম্বর-২৪ইং বাবদ।', 2, '2025-04-27 01:36:06', '2025-04-27 01:36:06'),
(173, 2, 21, 1, 4, '2025-04-27 00:00:00', 'TI', NULL, 12000.00, 'তাজুল নগত ফেব্রূয়ার-২৫ইং মাসে ২ ও ৫ নং ইউনিট রং করা মালামাল ক্রয়+রং মিস্ত্রি বিল,+ইলেক্ট্রিক মালামল ক্রয়+ইলেক্ট্রিক মিস্ত্রি বিল টোটাল খরচ হয়েছে-১৪৪০০-১২০০০নিয়েছেন=২৪০০বাকি', 2, '2025-04-27 04:36:10', '2025-04-27 04:36:10'),
(174, 2, 21, 1, 4, '2025-04-27 00:00:00', 'TI', NULL, 110.00, '১কেজি দেরস, ১কেজি করল্লা।', 2, '2025-04-27 09:10:53', '2025-04-27 09:10:53'),
(175, 2, 22, 1, 1, '2025-04-28 00:00:00', 'TI', NULL, 1200.00, '২টা পার্সেল ক্রয়।', 2, '2025-04-28 01:15:00', '2025-04-28 01:15:00'),
(176, 2, 21, 1, 4, '2025-04-29 00:00:00', 'TI', NULL, 420.00, 'হুইল পাওডার ২কেজি-২২৫, লুসনি ৮পিছ-১১৫, হারপিক পাওডার-৮০', 2, '2025-04-29 04:37:14', '2025-04-29 04:37:14'),
(177, 2, 19, 1, 1, '2025-04-30 00:00:00', 'TI', NULL, 500.00, 'ড্রেন পরিষ্কার করা সুইপার কে নগত।', 2, '2025-04-30 09:15:15', '2025-04-30 09:15:15'),
(179, 2, 21, 1, 4, '2025-04-30 00:00:00', 'TI', NULL, 223.00, 'মা নগত বাজার বাবদ-১০০। ৪টা আনারস ক্রয়-১৩০।', 2, '2025-05-01 00:59:10', '2025-05-01 00:59:10'),
(180, 2, 22, 1, 1, '2025-05-01 00:00:00', 'TI', NULL, 1600.00, 'ক্রেডিট কার্ড বিল পরিশোধ।', 2, '2025-05-01 01:18:45', '2025-05-01 01:18:45'),
(181, 2, 6, 4, 1, '2025-05-01 00:00:00', 'TI', NULL, 1000.00, NULL, 2, '2025-05-01 03:22:25', '2025-05-01 03:22:25'),
(182, 2, 12, 1, 1, '2025-05-01 00:00:00', 'TI', NULL, 500.00, NULL, 2, '2025-05-01 03:23:05', '2025-05-01 03:23:05'),
(183, 2, 18, 2, 3, '2025-05-01 00:00:00', 'TI', NULL, 3000.00, NULL, 2, '2025-05-01 03:26:02', '2025-05-01 03:26:02'),
(184, 2, 17, 2, 3, '2025-05-01 00:00:00', 'TI', NULL, 1000.00, NULL, 2, '2025-05-01 03:26:29', '2025-05-01 03:26:29'),
(185, 2, 21, 2, 4, '2025-05-01 00:00:00', 'TI', NULL, 2000.00, '০৯ ও ১০ নং বিদ্যুৎ মিটারে রিচার্জ-২০০০।', 2, '2025-05-01 03:30:05', '2025-05-01 03:30:05'),
(186, 2, 23, 1, 1, '2025-04-27 00:00:00', 'TI', NULL, 6500.00, '২টা মটর ঠিক করা ১টা সার্ভিস করা -১৫০০। ১টা কয়েল বাধাই করা বাবদ-২৫০০, পানির টাংকী পরিষ্কা করা-২৫০০, বাবার খাতায় উঠবে।', 2, '2025-05-01 05:20:53', '2025-05-01 05:20:53'),
(187, 2, 23, 1, 1, '2025-04-30 00:00:00', NULL, NULL, 11200.00, '৬ইঞ্চি ক্লাম ক্রয়-২৬০০, ৪০ফিট পাইব ক্রয়-৬০০, মিস্ত্রি ও লেবার  ৭জন বাবদ-৮০০০টাকা।', 2, '2025-05-01 09:30:58', '2025-05-01 09:30:58'),
(188, 2, 23, 1, 1, '2025-04-26 00:00:00', NULL, NULL, 5100.00, '০৫ বস্তা সিমেন্ট=২৬০০, ৫০বস্তা বালু=২৫০০', 2, '2025-05-01 09:53:58', '2025-05-01 09:53:58'),
(189, 2, 19, 1, 1, '2025-05-03 00:00:00', 'TI', NULL, 200.00, 'কেচি গেটের তালা ঠিক করা।', 2, '2025-05-03 02:44:07', '2025-05-03 02:44:07'),
(190, 2, 6, 1, 1, '2025-05-04 00:00:00', 'TI', NULL, 1000.00, NULL, 2, '2025-05-03 23:23:48', '2025-05-03 23:23:48'),
(191, 2, 22, 1, 1, '2025-05-04 00:00:00', 'TI', NULL, 500.00, 'মোবাইল রিচার্জ,এমবি ক্রয়  বাবদ।', 2, '2025-05-03 23:24:41', '2025-05-03 23:24:41'),
(192, 2, 9, 4, 1, '2025-05-04 00:00:00', 'TI', NULL, 1000.00, NULL, 2, '2025-05-03 23:37:19', '2025-05-03 23:37:19'),
(193, 2, 22, 1, 1, '2025-05-05 00:00:00', 'TI', NULL, 300.00, 'ফ্রিজের কস্টিপ ক্রয় ।', 2, '2025-05-05 00:08:22', '2025-05-05 00:08:22'),
(194, 2, 22, 1, 1, '2025-05-05 00:00:00', 'TI', NULL, 2000.00, 'চশমা ক্রয় বাবদ।', 2, '2025-05-05 00:11:04', '2025-05-05 00:11:04'),
(195, 2, 21, 1, 4, '2025-05-05 00:00:00', 'TI', NULL, 1500.00, 'মার চশমা ক্রয় বাবদ।', 2, '2025-05-05 00:30:34', '2025-05-05 00:30:34'),
(196, 2, 21, 4, 4, '2025-05-05 00:00:00', 'TI', NULL, 1000.00, NULL, 2, '2025-05-05 03:05:59', '2025-05-05 03:05:59'),
(197, 2, 5, 2, 1, '2025-05-06 00:00:00', 'TI', NULL, 1000.00, NULL, 2, '2025-05-06 10:41:35', '2025-05-06 10:41:35'),
(198, 2, 6, 2, 1, '2025-05-06 00:00:00', 'TI', NULL, 1000.00, NULL, 2, '2025-05-06 10:42:00', '2025-05-06 10:42:00'),
(199, 2, 7, 2, 1, '2025-05-06 00:00:00', 'TI', NULL, 1000.00, NULL, 2, '2025-05-06 10:42:28', '2025-05-06 10:42:28'),
(201, 2, 20, 1, 3, '2025-04-30 00:00:00', NULL, NULL, 6000.00, 'কাকার বেতন এপ্রিল-২০২৫ইং মাস।', 2, '2025-05-07 02:48:41', '2025-05-07 02:48:41'),
(202, 2, 22, 1, 1, '2025-05-07 00:00:00', 'TI', NULL, 1350.00, 'Hair Fiber ক্রয় চুলের জন্য।', 2, '2025-05-07 03:48:51', '2025-05-07 03:48:51'),
(203, 2, 21, 1, 4, '2025-05-07 00:00:00', 'TI', NULL, 2000.00, 'নতুন রুমের ইলেক্ট্রিক মালামাল ক্রয়-১২০০, ইলেক্ট্রিক মিস্ত্রি বিল-৮০০।', 2, '2025-05-07 10:12:58', '2025-05-07 10:12:58'),
(204, 2, 21, 1, 4, '2025-05-07 00:00:00', 'TI', NULL, 650.00, 'পাকের রুমের এসি.ডিসি লাইট ক্রয়-৬৫০,', 2, '2025-05-07 10:14:52', '2025-05-07 10:14:52'),
(205, 2, 22, 1, 1, '2025-05-07 00:00:00', 'TI', NULL, 4000.00, 'তাজুল খরচ নরসিংদী।', 2, '2025-05-07 10:43:11', '2025-05-07 10:43:11'),
(206, 2, 18, 2, 3, '2025-05-09 00:00:00', 'TI', NULL, 1000.00, NULL, 2, '2025-05-08 22:28:16', '2025-05-08 22:28:16'),
(207, 2, 17, 2, 3, '2025-05-09 00:00:00', 'TI', NULL, 1000.00, NULL, 2, '2025-05-08 22:28:38', '2025-05-08 22:28:38'),
(208, 2, 8, 4, 1, '2025-05-11 00:00:00', 'TI', NULL, 1000.00, NULL, 2, '2025-05-11 01:45:34', '2025-05-11 01:45:34'),
(209, 2, 6, 1, 1, '2025-05-12 00:00:00', 'TI', NULL, 1000.00, NULL, 2, '2025-05-11 23:53:02', '2025-05-11 23:53:02'),
(211, 2, 22, 1, 1, '2025-05-12 00:00:00', 'TI', NULL, 1500.00, 'তাজুল খরচা বাবদ নরসিংদী।', 2, '2025-05-12 10:10:19', '2025-05-12 10:10:19'),
(212, 2, 21, 2, 4, '2025-05-11 00:00:00', 'TI', NULL, 2000.00, '০৯নং মিটারে টাকা রিচার্জ।', 2, '2025-05-12 10:21:02', '2025-05-12 10:21:02'),
(213, 2, 21, 1, 4, '2025-05-13 00:00:00', 'TI', NULL, 8000.00, 'এপ্রিল-২৫ইং মাসের বুয়ার বেতন বাবদ', 2, '2025-05-12 23:11:22', '2025-05-12 23:11:22'),
(214, 2, 21, 1, 4, '2025-05-13 00:00:00', 'TI', NULL, 225.00, 'হুইল ক্রয় ২ কেজি।', 2, '2025-05-13 04:07:51', '2025-05-13 04:07:51'),
(215, 2, 22, 1, 1, '2025-05-13 00:00:00', 'TI', NULL, 450.00, NULL, 2, '2025-05-13 04:14:33', '2025-05-13 04:14:33'),
(216, 2, 21, 1, 4, '2025-05-14 00:00:00', 'TI', NULL, 500.00, 'মা হোরায়রাদের ভাড়া থেকে নিয়েছেন।', 2, '2025-05-13 21:54:23', '2025-05-13 21:54:23'),
(217, 2, 17, 4, 3, '2025-05-14 00:00:00', 'TI', NULL, 1000.00, NULL, 2, '2025-05-13 22:12:07', '2025-05-13 22:12:07'),
(218, 2, 21, 1, 4, '2025-05-14 00:00:00', 'TI', NULL, 1000.00, '০১ নং বিদ্যুৎ মিটারে টাকা রিচার্জ।', 2, '2025-05-13 22:23:11', '2025-05-13 22:23:11'),
(219, 2, 22, 1, 1, '2025-05-14 00:00:00', 'TI', NULL, 2000.00, 'তাজুল মটর সাইকেল ড্রাইভিং শিখা।', 2, '2025-05-13 22:25:42', '2025-05-13 22:25:42'),
(220, 2, 18, 4, 3, '2025-05-14 00:00:00', 'TI', NULL, 1000.00, NULL, 2, '2025-05-14 08:15:42', '2025-05-14 08:15:42'),
(221, 2, 4, 1, 1, '2025-05-14 00:00:00', 'TI', NULL, 500.00, NULL, 2, '2025-05-14 08:18:04', '2025-05-14 08:18:04'),
(222, 2, 16, 1, 3, '2025-05-14 00:00:00', 'TI', NULL, 500.00, NULL, 2, '2025-05-14 08:18:37', '2025-05-14 08:18:37'),
(223, 2, 21, 1, 4, '2025-05-14 00:00:00', 'TI', NULL, 200.00, NULL, 2, '2025-05-14 08:20:09', '2025-05-14 08:20:09'),
(224, 2, 25, 1, 5, '2025-05-14 00:00:00', 'TI', NULL, 300.00, NULL, 2, '2025-05-14 08:35:56', '2025-05-14 08:35:56'),
(225, 2, 30, 1, 2, '2025-05-14 00:00:00', 'TI', NULL, 1000.00, 'পাকের ঘরের এ্যাডজাস্ট ফ্যান লাগানো।', 2, '2025-05-14 09:51:24', '2025-05-14 09:51:24'),
(226, 2, 21, 1, 4, '2025-05-15 00:00:00', 'TI', NULL, 220.00, 'লাউ,ঝালি,দুনদুল,বডবডি,দেরস,', 2, '2025-05-15 00:09:23', '2025-05-15 00:09:23'),
(227, 2, 21, 1, 4, '2025-05-15 00:00:00', 'TI', NULL, 6000.00, 'এপ্রিল-২০২৫ইং মাসের দোকানের বকেয়া পরিশোধ।', 2, '2025-05-15 01:07:00', '2025-05-15 01:07:00'),
(228, 2, 19, 1, 1, '2025-04-30 00:00:00', 'TI', NULL, 6000.00, 'কাকার বেতন এপ্রিল-২০২৫ইং মাস।', 2, '2025-05-15 01:44:42', '2025-05-15 01:44:42'),
(229, 2, 22, 1, 1, '2025-05-16 00:00:00', 'TI', NULL, 1500.00, 'তাজুল ঔষধ ক্রয় বাবদ।', 2, '2025-05-16 09:29:48', '2025-05-16 09:29:48'),
(230, 2, 21, 1, 4, '2025-05-02 00:00:00', 'TI', NULL, 500.00, 'সিমেন্ট এর দোকান থেকে গিফ্ট আইটেম ক্রয়।', 2, '2025-05-16 09:31:44', '2025-05-16 09:31:44'),
(231, 2, 6, 2, 1, '2025-05-17 00:00:00', 'TI', NULL, 1000.00, NULL, 2, '2025-05-16 22:29:48', '2025-05-16 22:29:48'),
(233, 2, 21, 1, 4, '2025-05-17 00:00:00', 'TI', NULL, 5050.00, 'বাসা থেকে পূর্বের রংয়ের কাজর বাবদ পওনা-২৪০০টাকা, ১টা এসি/ডিসি লাইট-৬৫০টাকা, হাসান হোসেন দের নতুন রুমের ইলেক্ট্রিক কাজ মাল+মিস্ত্রি -২০০০।', 2, '2025-05-16 22:46:43', '2025-05-16 22:46:43'),
(234, 2, 27, 4, 5, '2025-05-17 00:00:00', 'TI', NULL, 1500.00, 'জানুয়ারী-২০২৫ইং মাসের পানির বিল।', 2, '2025-05-17 09:51:20', '2025-05-17 09:51:20'),
(235, 2, 21, 4, 4, '2025-05-17 00:00:00', 'TI', NULL, 3168.00, 'জানুয়ারী-২০২৫ইং মাসের পানির বিল।', 2, '2025-05-17 09:52:32', '2025-05-17 09:52:32'),
(236, 2, 21, 2, 4, '2025-05-17 00:00:00', 'TI', NULL, 1000.00, 'ওয়সার লোককে খরচা বাবদ ।', 2, '2025-05-17 09:56:56', '2025-05-17 09:56:56'),
(237, 2, 15, 4, 3, '2025-05-17 00:00:00', 'TI', NULL, 6435.00, 'পানির বিল এপ্রিল-২৫ইং=৪৬৮৫ এক্সট্রা=১৭৫০।', 2, '2025-05-17 10:19:39', '2025-05-17 10:19:39'),
(238, 2, 3, 4, 1, '2025-05-17 00:00:00', 'TI', NULL, 6435.00, 'পানির বিল এপ্রিল-২৫ইং=৪৬৮৫ এক্সট্রা=১৭৫০।', 2, '2025-05-17 10:23:45', '2025-05-17 10:23:45'),
(240, 2, 21, 1, 4, '2025-05-18 00:00:00', 'TI', NULL, 1000.00, 'বাসার ১০নং বিদ্যুৎ মিটারে টাকা রিচার্জ-১০০০/-', 2, '2025-05-18 04:41:28', '2025-05-18 04:41:28'),
(241, 2, 21, 1, 4, '2025-05-18 00:00:00', 'TI', NULL, 2000.00, 'বাসার IPS ঠিক করা বাবদ।', 2, '2025-05-18 09:05:47', '2025-05-18 09:05:47'),
(243, 2, 21, 1, 4, '2025-05-19 00:00:00', 'TI', NULL, 1200.00, 'সরিষার তেল ক্রয় ৫ কেজি।', 2, '2025-05-18 23:21:49', '2025-05-18 23:21:49'),
(244, 2, 6, 4, 1, '2025-05-19 00:00:00', 'TI', NULL, 1000.00, NULL, 2, '2025-05-18 23:22:29', '2025-05-18 23:22:29'),
(245, 2, 9, 4, 1, '2025-05-19 00:00:00', 'TI', NULL, 1000.00, NULL, 2, '2025-05-18 23:24:42', '2025-05-18 23:24:42'),
(246, 2, 21, 4, 4, '2025-05-19 00:00:00', 'TI', NULL, 1000.00, 'বাসার ১০নং বিদ্যুৎ মিটারে টাকা রিচার্জ-১০০০/-', 2, '2025-05-18 23:28:04', '2025-05-18 23:28:04'),
(247, 2, 7, 3, 1, '2025-05-20 00:00:00', 'TI', NULL, 1000.00, NULL, 2, '2025-05-19 23:05:24', '2025-05-19 23:05:24'),
(248, 2, 30, 1, 2, '2025-05-20 00:00:00', 'TI', NULL, 680.00, '১টা সার্কেট ক্রয়-৩৮০, মিস্ত্রি বিল-৩০০।', 2, '2025-05-20 02:03:22', '2025-05-20 02:03:22'),
(249, 2, 18, 3, 3, '2025-05-20 00:00:00', 'TI', NULL, 1000.00, NULL, 2, '2025-05-20 02:07:05', '2025-05-20 02:07:05'),
(250, 2, 2, 4, 1, '2025-05-20 00:00:00', 'TI', NULL, 5500.00, 'গ্যাস বিল জানুয়ারী-২৪ইং বাবদ।', 2, '2025-05-20 02:49:19', '2025-05-20 02:49:19'),
(251, 2, 14, 4, 3, '2025-05-20 00:00:00', 'TI', NULL, 6540.00, 'গ্যাস বিল জানুয়ারী-২৫ইং বাবদ।', 2, '2025-05-20 02:50:35', '2025-05-20 02:50:35'),
(252, 2, 26, 4, 5, '2025-05-20 00:00:00', 'TI', NULL, 933.00, 'বিদ্যুৎ বিল এপ্রিল-২০২৫ইং মাস।', 2, '2025-05-20 02:57:23', '2025-05-20 02:57:23'),
(253, 2, 29, 4, 5, '2025-05-20 00:00:00', 'TI', NULL, 2180.00, 'গ্যাস বিল মার্চ-২৫ইং মাস।', 2, '2025-05-20 02:58:44', '2025-05-20 02:58:44'),
(254, 2, 22, 1, 1, '2025-05-20 00:00:00', 'TI', NULL, 1000.00, NULL, 2, '2025-05-20 08:27:07', '2025-05-20 08:27:07');

-- --------------------------------------------------------

--
-- Table structure for table `income_expence_categories`
--

CREATE TABLE `income_expence_categories` (
  `id` bigint(20) UNSIGNED NOT NULL,
  `user_id` bigint(20) UNSIGNED NOT NULL,
  `name` varchar(255) NOT NULL,
  `status` tinyint(4) NOT NULL,
  `created_at` timestamp NULL DEFAULT NULL,
  `updated_at` timestamp NULL DEFAULT NULL
) ENGINE=InnoDB DEFAULT CHARSET=utf8mb4 COLLATE=utf8mb4_unicode_ci;

--
-- Dumping data for table `income_expence_categories`
--

INSERT INTO `income_expence_categories` (`id`, `user_id`, `name`, `status`, `created_at`, `updated_at`) VALUES
(2, 2, 'গ্যাস বিল হাজী-মার্কেট ম্যাছ', 1, '2025-01-13 03:30:43', '2025-02-28 02:12:21'),
(3, 2, 'পানি বিল হাজী-মার্কেট ম্যাছ', 1, '2025-02-28 10:21:36', '2025-02-28 10:22:28'),
(4, 2, 'ময়লা বিল হাজী-মার্কেট ম্যাছ', 1, '2025-02-28 10:23:31', '2025-02-28 10:23:31'),
(5, 2, '১নং বিদ্যুৎ মিটারে টাকা রিচার্জ হাজী-মার্কেট ম্যাছ', 1, '2025-02-28 10:26:04', '2025-02-28 10:26:04'),
(6, 2, '২নং বিদ্যুৎ মিটারে টাকা রিচার্জ হাজী-মার্কেট ম্যাছ', 1, '2025-02-28 10:26:21', '2025-02-28 10:26:21'),
(7, 2, '৩নং বিদ্যুৎ মিটারে টাকা রিচার্জ হাজী-মার্কেট ম্যাছ', 1, '2025-02-28 10:28:02', '2025-02-28 10:28:02'),
(8, 2, '৪নং বিদ্যুৎ মিটারে টাকা রিচার্জ হাজী-মার্কেট ম্যাছ', 1, '2025-02-28 10:28:33', '2025-02-28 10:28:33'),
(9, 2, '৫নং বিদ্যুৎ মিটারে টাকা রিচার্জ হাজী-মার্কেট ম্যাছ', 1, '2025-02-28 10:28:46', '2025-02-28 10:28:46'),
(10, 2, '৬নং বিদ্যুৎ মিটারে টাকা রিচার্জ হাজী-মার্কেট ম্যাছ', 1, '2025-02-28 10:28:53', '2025-02-28 10:28:53'),
(11, 2, '৭নং বিদ্যুৎ মিটারে টাকা রিচার্জ হাজী-মার্কেট ম্যাছ', 1, '2025-02-28 10:29:01', '2025-02-28 10:29:01'),
(12, 2, '৮নং বিদ্যুৎ মিটারে টাকা রিচার্জ হাজী-মার্কেট ম্যাছ', 1, '2025-02-28 10:29:13', '2025-02-28 10:29:13'),
(13, 2, '৯নং বিদ্যুৎ মিটারে টাকা রিচার্জ হাজী-মার্কেট ম্যাছ', 1, '2025-02-28 10:29:20', '2025-02-28 10:29:20'),
(14, 2, 'গ্যাস বিল হাজী-মার্কেট ফ্ল্যাট বাসা', 1, '2025-02-28 10:52:38', '2025-02-28 10:52:38'),
(15, 2, 'পানি বিল হাজী-মার্কেট ফ্ল্যাট বাসা', 1, '2025-02-28 10:52:47', '2025-02-28 10:52:47'),
(16, 2, 'ময়লা বিল হাজী-মার্কেট ফ্ল্যাট বাসা', 1, '2025-02-28 10:52:59', '2025-02-28 10:52:59'),
(17, 2, 'পানি টানা মটরের বিদ্যুৎ মিটারে টাকা রিচার্জ হাজী-মার্কেট ফ্ল্যাট বাসা।', 1, '2025-02-28 10:57:14', '2025-02-28 10:57:14'),
(18, 2, 'পানি  সাবমার্সিবল মটরের বিদ্যুৎ মিটারে টাকা রিচার্জ হাজী-মার্কেট ফ্ল্যাট বাসা।', 1, '2025-02-28 10:58:04', '2025-02-28 10:58:04'),
(19, 2, 'অন্যান্য খরচ হাজী-মার্কেট ম্যাছ থেকে।', 1, '2025-03-01 03:46:36', '2025-03-01 03:46:36'),
(20, 2, 'অন্যান্য খরচ হাজী-মার্কেট ফ্ল্যাট বাসা থেকে।', 1, '2025-03-01 03:47:48', '2025-03-01 03:47:48'),
(21, 2, 'মোল্লা বাড়ি বাসার সকল খরচ', 1, '2025-03-01 03:48:17', '2025-03-02 03:42:26'),
(22, 2, 'তাজুল খরচকৃত হিসাব হাজী-মার্কেট ম্যাছ থেকে।', 1, '2025-03-01 03:50:43', '2025-03-01 03:50:43'),
(23, 2, 'বাবার খরচ বাবার খাতায় উঠবে।', 1, '2025-04-17 06:58:20', '2025-04-17 06:58:20'),
(24, 2, 'নেট বিল হাজী-মার্কেট কর্মজীবী ও ছাত্রনিবাস।', 1, '2025-04-26 03:27:06', '2025-04-26 03:27:06'),
(25, 2, 'ময়লা বিল মাতৃকুঠির মেছ।', 1, '2025-05-14 08:21:30', '2025-05-14 08:21:30'),
(26, 2, 'বিদ্যুৎ বিল মাতৃকুঠির মেছ।', 1, '2025-05-14 08:25:14', '2025-05-14 08:25:14'),
(27, 2, 'পানির বিল মাতৃকুঠির মেছ।', 1, '2025-05-14 08:31:00', '2025-05-14 08:31:00'),
(28, 2, 'নেট বিল মাতৃকুঠির মেছ।', 1, '2025-05-14 08:31:19', '2025-05-14 08:31:19'),
(29, 2, 'গ্যাস বিল মাতৃকুঠির মেছ।', 1, '2025-05-14 08:32:38', '2025-05-14 08:32:38'),
(30, 2, 'অন্যান্য খরচ ভি.আই.পি মেছ থেকে।', 1, '2025-05-14 09:47:52', '2025-05-14 09:47:52');

-- --------------------------------------------------------

--
-- Table structure for table `migrations`
--

CREATE TABLE `migrations` (
  `id` int(10) UNSIGNED NOT NULL,
  `migration` varchar(255) NOT NULL,
  `batch` int(11) NOT NULL
) ENGINE=InnoDB DEFAULT CHARSET=utf8mb4 COLLATE=utf8mb4_unicode_ci;

--
-- Dumping data for table `migrations`
--

INSERT INTO `migrations` (`id`, `migration`, `batch`) VALUES
(1, '2014_10_12_000000_create_users_table', 1),
(2, '2014_10_12_100000_create_password_resets_table', 1),
(3, '2014_10_12_200000_add_two_factor_columns_to_users_table', 1),
(4, '2019_08_19_000000_create_failed_jobs_table', 1),
(5, '2019_12_14_000001_create_personal_access_tokens_table', 1),
(6, '2020_05_21_100000_create_teams_table', 1),
(7, '2020_05_21_200000_create_team_user_table', 1),
(8, '2020_05_21_300000_create_team_invitations_table', 1),
(9, '2023_09_20_095749_create_sessions_table', 1),
(10, '2024_12_02_064638_create_categories_table', 2),
(12, '2024_12_03_061516_create_phonebooks_table', 3),
(13, '2024_12_03_104006_create_houses_table', 4),
(14, '2024_12_04_054438_create_floors_table', 5),
(15, '2024_12_04_061732_create_units_table', 6),
(16, '2024_12_04_102554_create_renters_table', 7),
(17, '2024_12_05_050531_create_rents_table', 8),
(18, '2024_12_07_063756_create_payment_methods_table', 9),
(19, '2024_12_07_063909_create_transactions_table', 9),
(20, '2024_12_07_065419_create_income_expence_categories_table', 10),
(21, '2024_12_07_070251_create_income_expences_table', 11),
(22, '2024_12_08_053909_create_monthly_rents_table', 12),
(23, '2024_12_08_092955_create_settings_table', 13),
(24, '2024_12_08_102903_create_photo_galleries_table', 14),
(25, '2024_12_08_111449_create_video_galleries_table', 15),
(31, '2024_12_11_104240_create_designations_table', 16),
(32, '2024_12_11_104757_create_employees_table', 16),
(34, '2024_11_26_040228_create_salary_records_table', 17),
(35, '2024_12_18_092934_create_remainders_table', 18),
(36, '2024_12_19_065019_create_bank_transactions_table', 19),
(37, '2024_12_21_042241_create_user_statements_table', 20),
(38, '2025_01_02_113712_create_rent_adjustments_table', 21);

-- --------------------------------------------------------

--
-- Table structure for table `model_has_permissions`
--

CREATE TABLE `model_has_permissions` (
  `permission_id` bigint(20) UNSIGNED NOT NULL,
  `model_type` varchar(255) NOT NULL,
  `model_id` bigint(20) UNSIGNED NOT NULL
) ENGINE=InnoDB DEFAULT CHARSET=utf8mb4 COLLATE=utf8mb4_unicode_ci;

--
-- Dumping data for table `model_has_permissions`
--

INSERT INTO `model_has_permissions` (`permission_id`, `model_type`, `model_id`) VALUES
(1, 'App\\Models\\User', 992),
(2, 'App\\Models\\User', 1),
(3, 'App\\Models\\User', 1),
(3, 'App\\Models\\User', 992),
(4, 'App\\Models\\User', 1),
(4, 'App\\Models\\User', 992),
(5, 'App\\Models\\User', 992),
(7, 'App\\Models\\User', 992),
(8, 'App\\Models\\User', 1),
(8, 'App\\Models\\User', 992),
(9, 'App\\Models\\User', 1),
(9, 'App\\Models\\User', 992),
(10, 'App\\Models\\User', 1),
(11, 'App\\Models\\User', 1),
(11, 'App\\Models\\User', 992),
(12, 'App\\Models\\User', 1),
(12, 'App\\Models\\User', 992),
(13, 'App\\Models\\User', 1),
(13, 'App\\Models\\User', 992),
(14, 'App\\Models\\User', 1),
(14, 'App\\Models\\User', 3),
(15, 'App\\Models\\User', 1),
(15, 'App\\Models\\User', 3),
(15, 'App\\Models\\User', 992),
(16, 'App\\Models\\User', 1),
(16, 'App\\Models\\User', 3),
(16, 'App\\Models\\User', 992),
(17, 'App\\Models\\User', 992),
(19, 'App\\Models\\User', 992),
(20, 'App\\Models\\User', 992),
(21, 'App\\Models\\User', 992),
(23, 'App\\Models\\User', 992),
(24, 'App\\Models\\User', 992),
(25, 'App\\Models\\User', 992),
(27, 'App\\Models\\User', 992),
(28, 'App\\Models\\User', 992),
(29, 'App\\Models\\User', 992),
(31, 'App\\Models\\User', 992),
(32, 'App\\Models\\User', 992),
(33, 'App\\Models\\User', 992),
(35, 'App\\Models\\User', 992),
(36, 'App\\Models\\User', 992),
(37, 'App\\Models\\User', 992),
(39, 'App\\Models\\User', 992),
(40, 'App\\Models\\User', 992),
(41, 'App\\Models\\User', 992),
(43, 'App\\Models\\User', 992),
(44, 'App\\Models\\User', 992),
(45, 'App\\Models\\User', 992),
(47, 'App\\Models\\User', 992),
(48, 'App\\Models\\User', 992),
(49, 'App\\Models\\User', 992),
(51, 'App\\Models\\User', 992),
(52, 'App\\Models\\User', 992),
(53, 'App\\Models\\User', 992),
(55, 'App\\Models\\User', 992),
(56, 'App\\Models\\User', 992),
(57, 'App\\Models\\User', 992),
(59, 'App\\Models\\User', 992),
(60, 'App\\Models\\User', 992),
(61, 'App\\Models\\User', 992),
(63, 'App\\Models\\User', 992),
(64, 'App\\Models\\User', 992),
(65, 'App\\Models\\User', 992),
(67, 'App\\Models\\User', 992),
(68, 'App\\Models\\User', 992),
(69, 'App\\Models\\User', 992),
(71, 'App\\Models\\User', 992),
(72, 'App\\Models\\User', 992),
(73, 'App\\Models\\User', 992),
(75, 'App\\Models\\User', 992),
(76, 'App\\Models\\User', 992),
(77, 'App\\Models\\User', 992),
(79, 'App\\Models\\User', 992),
(80, 'App\\Models\\User', 992),
(81, 'App\\Models\\User', 992),
(83, 'App\\Models\\User', 992),
(84, 'App\\Models\\User', 992),
(85, 'App\\Models\\User', 992),
(87, 'App\\Models\\User', 992),
(88, 'App\\Models\\User', 992),
(89, 'App\\Models\\User', 992),
(91, 'App\\Models\\User', 992),
(92, 'App\\Models\\User', 992),
(93, 'App\\Models\\User', 992),
(94, 'App\\Models\\User', 992),
(95, 'App\\Models\\User', 992),
(96, 'App\\Models\\User', 992),
(97, 'App\\Models\\User', 992),
(98, 'App\\Models\\User', 992),
(99, 'App\\Models\\User', 992),
(100, 'App\\Models\\User', 992),
(101, 'App\\Models\\User', 992),
(102, 'App\\Models\\User', 992),
(103, 'App\\Models\\User', 992),
(104, 'App\\Models\\User', 992),
(105, 'App\\Models\\User', 992),
(106, 'App\\Models\\User', 992),
(107, 'App\\Models\\User', 992),
(108, 'App\\Models\\User', 992),
(109, 'App\\Models\\User', 992),
(110, 'App\\Models\\User', 992),
(111, 'App\\Models\\User', 992),
(112, 'App\\Models\\User', 992),
(113, 'App\\Models\\User', 992),
(114, 'App\\Models\\User', 992),
(115, 'App\\Models\\User', 992),
(116, 'App\\Models\\User', 992),
(117, 'App\\Models\\User', 992),
(118, 'App\\Models\\User', 992),
(119, 'App\\Models\\User', 992),
(123, 'App\\Models\\User', 992),
(124, 'App\\Models\\User', 992),
(125, 'App\\Models\\User', 992),
(126, 'App\\Models\\User', 992),
(127, 'App\\Models\\User', 992),
(128, 'App\\Models\\User', 992),
(129, 'App\\Models\\User', 992),
(130, 'App\\Models\\User', 992),
(131, 'App\\Models\\User', 992),
(132, 'App\\Models\\User', 992),
(133, 'App\\Models\\User', 992),
(134, 'App\\Models\\User', 992),
(135, 'App\\Models\\User', 992),
(136, 'App\\Models\\User', 992),
(137, 'App\\Models\\User', 992),
(138, 'App\\Models\\User', 992),
(139, 'App\\Models\\User', 992),
(140, 'App\\Models\\User', 992),
(141, 'App\\Models\\User', 992),
(142, 'App\\Models\\User', 992),
(143, 'App\\Models\\User', 992),
(144, 'App\\Models\\User', 992),
(145, 'App\\Models\\User', 992),
(146, 'App\\Models\\User', 992),
(147, 'App\\Models\\User', 992),
(148, 'App\\Models\\User', 992),
(149, 'App\\Models\\User', 992),
(150, 'App\\Models\\User', 992),
(151, 'App\\Models\\User', 992),
(152, 'App\\Models\\User', 992),
(153, 'App\\Models\\User', 992),
(154, 'App\\Models\\User', 992),
(155, 'App\\Models\\User', 992),
(156, 'App\\Models\\User', 992),
(157, 'App\\Models\\User', 992),
(158, 'App\\Models\\User', 992),
(159, 'App\\Models\\User', 992),
(160, 'App\\Models\\User', 992),
(161, 'App\\Models\\User', 992),
(162, 'App\\Models\\User', 992),
(163, 'App\\Models\\User', 992),
(164, 'App\\Models\\User', 992),
(165, 'App\\Models\\User', 992),
(166, 'App\\Models\\User', 992),
(167, 'App\\Models\\User', 992),
(168, 'App\\Models\\User', 992),
(169, 'App\\Models\\User', 992),
(170, 'App\\Models\\User', 992),
(171, 'App\\Models\\User', 992),
(172, 'App\\Models\\User', 992),
(173, 'App\\Models\\User', 992),
(174, 'App\\Models\\User', 992),
(175, 'App\\Models\\User', 992),
(176, 'App\\Models\\User', 992),
(177, 'App\\Models\\User', 992),
(178, 'App\\Models\\User', 992),
(179, 'App\\Models\\User', 992),
(180, 'App\\Models\\User', 992),
(181, 'App\\Models\\User', 992),
(182, 'App\\Models\\User', 992),
(183, 'App\\Models\\User', 992),
(184, 'App\\Models\\User', 992),
(185, 'App\\Models\\User', 992),
(186, 'App\\Models\\User', 992),
(187, 'App\\Models\\User', 992),
(188, 'App\\Models\\User', 992),
(189, 'App\\Models\\User', 992),
(190, 'App\\Models\\User', 992),
(191, 'App\\Models\\User', 992),
(192, 'App\\Models\\User', 992),
(193, 'App\\Models\\User', 992),
(194, 'App\\Models\\User', 992),
(195, 'App\\Models\\User', 992),
(196, 'App\\Models\\User', 992),
(197, 'App\\Models\\User', 992),
(198, 'App\\Models\\User', 992),
(199, 'App\\Models\\User', 992),
(200, 'App\\Models\\User', 992),
(201, 'App\\Models\\User', 992),
(202, 'App\\Models\\User', 992),
(203, 'App\\Models\\User', 992),
(213, 'App\\Models\\User', 992),
(214, 'App\\Models\\User', 992),
(215, 'App\\Models\\User', 992),
(216, 'App\\Models\\User', 992),
(217, 'App\\Models\\User', 992),
(218, 'App\\Models\\User', 992),
(222, 'App\\Models\\User', 992),
(223, 'App\\Models\\User', 992),
(224, 'App\\Models\\User', 992),
(231, 'App\\Models\\User', 992),
(232, 'App\\Models\\User', 992),
(233, 'App\\Models\\User', 992),
(234, 'App\\Models\\User', 992),
(235, 'App\\Models\\User', 992),
(236, 'App\\Models\\User', 992),
(237, 'App\\Models\\User', 992),
(238, 'App\\Models\\User', 992),
(239, 'App\\Models\\User', 992),
(240, 'App\\Models\\User', 992),
(241, 'App\\Models\\User', 992),
(242, 'App\\Models\\User', 992),
(243, 'App\\Models\\User', 992),
(244, 'App\\Models\\User', 992),
(245, 'App\\Models\\User', 992),
(246, 'App\\Models\\User', 992),
(247, 'App\\Models\\User', 992),
(248, 'App\\Models\\User', 992),
(252, 'App\\Models\\User', 992),
(253, 'App\\Models\\User', 992),
(254, 'App\\Models\\User', 992);

-- --------------------------------------------------------

--
-- Table structure for table `model_has_roles`
--

CREATE TABLE `model_has_roles` (
  `role_id` bigint(20) UNSIGNED NOT NULL,
  `model_type` varchar(255) NOT NULL,
  `model_id` bigint(20) UNSIGNED NOT NULL
) ENGINE=InnoDB DEFAULT CHARSET=utf8mb4 COLLATE=utf8mb4_unicode_ci;

--
-- Dumping data for table `model_has_roles`
--

INSERT INTO `model_has_roles` (`role_id`, `model_type`, `model_id`) VALUES
(2, 'App\\Models\\User', 1),
(2, 'App\\Models\\User', 2),
(3, 'App\\Models\\User', 23);

-- --------------------------------------------------------

--
-- Table structure for table `monthly_rents`
--

CREATE TABLE `monthly_rents` (
  `id` bigint(20) UNSIGNED NOT NULL,
  `user_id` bigint(20) UNSIGNED NOT NULL,
  `rent_id` bigint(20) UNSIGNED NOT NULL,
  `month` int(11) NOT NULL,
  `year` int(11) NOT NULL,
  `total_amount` decimal(40,2) NOT NULL,
  `advance_amount` decimal(40,2) NOT NULL,
  `collection_amount` decimal(40,2) DEFAULT 0.00,
  `note` text DEFAULT NULL,
  `date` datetime NOT NULL,
  `status` tinyint(4) NOT NULL COMMENT '2 for fully paid, 1 for partially paid 0 for pending\r\n',
  `created_at` timestamp NULL DEFAULT NULL,
  `updated_at` timestamp NULL DEFAULT NULL
) ENGINE=InnoDB DEFAULT CHARSET=utf8mb4 COLLATE=utf8mb4_unicode_ci;

--
-- Dumping data for table `monthly_rents`
--

INSERT INTO `monthly_rents` (`id`, `user_id`, `rent_id`, `month`, `year`, `total_amount`, `advance_amount`, `collection_amount`, `note`, `date`, `status`, `created_at`, `updated_at`) VALUES
(7, 2, 6, 3, 2025, 4800.00, 0.00, 4800.00, NULL, '2025-03-01 00:00:00', 2, '2025-03-01 04:11:26', '2025-03-03 23:53:03'),
(13, 2, 12, 3, 2025, 4600.00, 0.00, 4600.00, NULL, '2025-03-21 00:00:00', 2, '2025-03-01 04:11:26', '2025-03-21 09:30:30'),
(14, 2, 13, 3, 2025, 4200.00, 0.00, 4200.00, NULL, '2025-03-01 00:00:00', 2, '2025-03-01 04:11:26', '2025-03-08 07:07:37'),
(17, 2, 17, 3, 2025, 2100.00, 0.00, 2100.00, NULL, '2025-03-01 00:00:00', 2, '2025-03-01 04:11:26', '2025-03-09 08:07:54'),
(18, 2, 18, 3, 2025, 2100.00, 0.00, 2100.00, NULL, '2025-03-21 00:00:00', 2, '2025-03-01 04:11:26', '2025-03-21 09:18:22'),
(19, 2, 19, 3, 2025, 2300.00, 0.00, 2300.00, NULL, '2025-03-15 00:00:00', 2, '2025-03-01 04:11:26', '2025-03-15 10:30:37'),
(20, 2, 20, 3, 2025, 2300.00, 0.00, 2300.00, NULL, '2025-03-12 00:00:00', 2, '2025-03-01 04:11:26', '2025-03-12 09:51:59'),
(21, 2, 21, 3, 2025, 3200.00, 0.00, 3200.00, NULL, '2025-03-26 00:00:00', 2, '2025-03-01 04:11:26', '2025-03-26 00:35:24'),
(22, 2, 22, 3, 2025, 2300.00, 0.00, 2300.00, NULL, '2025-03-01 00:00:00', 2, '2025-03-01 04:11:26', '2025-03-08 03:33:24'),
(23, 2, 23, 3, 2025, 2300.00, 0.00, 2300.00, NULL, '2025-03-15 00:00:00', 2, '2025-03-01 04:11:26', '2025-03-15 09:16:48'),
(24, 2, 24, 3, 2025, 3800.00, 0.00, 3800.00, NULL, '2025-03-23 00:00:00', 2, '2025-03-01 04:11:26', '2025-03-23 04:31:03'),
(25, 2, 25, 3, 2025, 4000.00, 0.00, 4000.00, NULL, '2025-03-17 00:00:00', 2, '2025-03-01 04:11:26', '2025-03-17 10:11:54'),
(26, 2, 26, 3, 2025, 4600.00, 0.00, 4600.00, NULL, '2025-03-01 00:00:00', 2, '2025-03-01 04:11:26', '2025-03-09 10:23:29'),
(27, 2, 28, 3, 2025, 2300.00, 0.00, 2300.00, NULL, '2025-03-25 00:00:00', 2, '2025-03-01 04:11:26', '2025-03-25 08:17:11'),
(29, 2, 30, 3, 2025, 2300.00, 0.00, 2300.00, NULL, '2025-03-27 00:00:00', 2, '2025-03-01 04:11:26', '2025-03-27 07:42:06'),
(30, 2, 31, 3, 2025, 2300.00, 0.00, 2300.00, NULL, '2025-04-10 00:00:00', 2, '2025-03-01 04:11:26', '2025-04-15 09:43:13'),
(31, 2, 32, 3, 2025, 4200.00, 0.00, 4200.00, NULL, '2025-03-21 00:00:00', 2, '2025-03-01 04:11:26', '2025-03-21 09:31:54'),
(33, 2, 34, 3, 2025, 4500.00, 0.00, 4500.00, NULL, '2025-03-11 00:00:00', 2, '2025-03-01 04:11:26', '2025-03-11 10:30:03'),
(34, 2, 35, 3, 2025, 4600.00, 0.00, 4600.00, NULL, '2025-03-27 00:00:00', 2, '2025-03-01 04:11:27', '2025-03-27 04:53:47'),
(36, 2, 37, 3, 2025, 5300.00, 0.00, 5300.00, NULL, '2025-03-01 00:00:00', 2, '2025-03-01 04:11:27', '2025-03-03 10:23:43'),
(37, 2, 38, 3, 2025, 1750.00, 0.00, 1750.00, NULL, '2025-03-24 00:00:00', 2, '2025-03-01 04:11:27', '2025-03-24 05:36:04'),
(38, 2, 39, 3, 2025, 1750.00, 0.00, 1750.00, NULL, '2025-03-16 00:00:00', 2, '2025-03-01 04:11:27', '2025-03-16 02:32:49'),
(39, 2, 40, 3, 2025, 2100.00, 0.00, 2100.00, NULL, '2025-03-01 00:00:00', 2, '2025-03-01 04:11:27', '2025-03-03 04:33:58'),
(40, 2, 41, 3, 2025, 2100.00, 0.00, 2100.00, NULL, '2025-03-11 00:00:00', 2, '2025-03-01 04:11:27', '2025-03-11 10:02:07'),
(41, 2, 42, 3, 2025, 4600.00, 0.00, 4600.00, NULL, '2025-03-01 00:00:00', 2, '2025-03-01 04:11:27', '2025-03-06 07:53:17'),
(42, 2, 43, 3, 2025, 4600.00, 0.00, 4600.00, NULL, '2025-03-01 00:00:00', 2, '2025-03-01 04:11:27', '2025-03-09 10:23:51'),
(43, 2, 44, 3, 2025, 4200.00, 0.00, 4200.00, NULL, '2025-03-01 00:00:00', 2, '2025-03-01 04:11:27', '2025-03-08 10:23:39'),
(44, 2, 45, 3, 2025, 4600.00, 0.00, 4600.00, NULL, '2025-03-01 00:00:00', 2, '2025-03-01 04:11:27', '2025-03-02 08:17:00'),
(45, 2, 46, 3, 2025, 4000.00, 0.00, 4000.00, NULL, '2025-03-27 00:00:00', 2, '2025-03-01 04:11:27', '2025-03-27 07:10:00'),
(46, 2, 48, 3, 2025, 4400.00, 0.00, 4400.00, NULL, '2025-03-12 00:00:00', 2, '2025-03-01 04:11:27', '2025-03-12 01:02:23'),
(47, 2, 49, 3, 2025, 2000.00, 0.00, 2000.00, NULL, '2025-03-19 00:00:00', 2, '2025-03-01 04:11:27', '2025-03-19 08:02:58'),
(48, 2, 50, 3, 2025, 2100.00, 0.00, 2100.00, NULL, '2025-05-01 00:00:00', 2, '2025-03-01 04:11:27', '2025-05-01 05:04:03'),
(49, 2, 51, 3, 2025, 2100.00, 0.00, 2100.00, NULL, '2025-03-12 00:00:00', 2, '2025-03-01 04:11:27', '2025-03-12 01:04:07'),
(50, 2, 52, 3, 2025, 2100.00, 0.00, 2100.00, NULL, '2025-03-01 00:00:00', 2, '2025-03-01 04:11:27', '2025-03-05 10:22:58'),
(51, 2, 53, 3, 2025, 4500.00, 0.00, 4500.00, NULL, '2025-03-17 00:00:00', 2, '2025-03-01 04:11:27', '2025-03-17 09:03:02'),
(52, 2, 54, 3, 2025, 4200.00, 0.00, 4200.00, NULL, '2025-03-26 00:00:00', 2, '2025-03-01 04:11:27', '2025-03-26 00:53:09'),
(54, 2, 56, 3, 2025, 1700.00, 0.00, 1700.00, NULL, '2025-03-23 00:00:00', 2, '2025-03-01 04:11:27', '2025-03-23 04:31:48'),
(55, 2, 57, 3, 2025, 1700.00, 0.00, 1700.00, NULL, '2025-03-01 00:00:00', 2, '2025-03-01 04:11:27', '2025-03-04 09:29:53'),
(56, 2, 58, 3, 2025, 1700.00, 0.00, 1700.00, NULL, '2025-03-01 00:00:00', 2, '2025-03-01 04:11:27', '2025-03-10 07:14:28'),
(57, 2, 59, 3, 2025, 4000.00, 0.00, 4000.00, NULL, '2025-03-13 00:00:00', 2, '2025-03-01 04:11:27', '2025-03-15 09:16:03'),
(59, 2, 61, 3, 2025, 3000.00, 0.00, 3000.00, NULL, '2025-03-12 00:00:00', 2, '2025-03-01 04:11:27', '2025-03-12 09:04:26'),
(60, 2, 62, 3, 2025, 2000.00, 0.00, 2000.00, NULL, '2025-03-12 00:00:00', 2, '2025-03-01 04:11:27', '2025-03-12 09:04:51'),
(61, 2, 63, 3, 2025, 4000.00, 0.00, 4000.00, NULL, '2025-03-27 00:00:00', 2, '2025-03-01 04:11:27', '2025-03-27 07:13:23'),
(62, 2, 64, 3, 2025, 4000.00, 0.00, 4000.00, NULL, '2025-03-23 00:00:00', 2, '2025-03-01 04:11:27', '2025-03-23 05:30:17'),
(63, 2, 65, 3, 2025, 4000.00, 0.00, 4000.00, NULL, '2025-03-01 00:00:00', 2, '2025-03-01 04:11:27', '2025-03-05 07:59:50'),
(64, 2, 66, 3, 2025, 4800.00, 0.00, 4800.00, NULL, '2025-03-24 00:00:00', 2, '2025-03-01 04:11:27', '2025-03-24 10:11:47'),
(65, 2, 67, 3, 2025, 4000.00, 0.00, 4000.00, NULL, '2025-03-21 00:00:00', 2, '2025-03-01 04:11:27', '2025-03-21 10:50:45'),
(69, 2, 104, 3, 2025, 2000.00, 0.00, 2000.00, NULL, '2025-03-17 00:00:00', 2, '2025-03-01 10:14:49', '2025-03-17 08:14:21'),
(70, 2, 105, 3, 2025, 2000.00, 0.00, 2000.00, NULL, '2025-03-06 00:00:00', 2, '2025-03-01 10:39:31', '2025-03-15 09:17:25'),
(72, 2, 107, 3, 2025, 5500.00, 0.00, 5500.00, NULL, '2025-03-11 00:00:00', 2, '2025-03-02 07:26:21', '2025-03-13 09:12:58'),
(73, 2, 108, 3, 2025, 1700.00, 0.00, 1700.00, NULL, '2025-03-01 00:00:00', 2, '2025-03-02 10:00:33', '2025-03-10 07:23:40'),
(75, 2, 110, 3, 2025, 5800.00, 0.00, 5800.00, NULL, '2025-03-28 00:00:00', 2, '2025-03-03 10:19:36', '2025-03-28 11:00:39'),
(76, 2, 73, 3, 2025, 5000.00, 0.00, 5000.00, NULL, '2025-03-31 00:00:00', 2, '2025-03-03 10:29:14', '2025-04-08 02:58:23'),
(77, 2, 74, 3, 2025, 4500.00, 0.00, 4500.00, NULL, '2025-03-01 00:00:00', 2, '2025-03-03 10:29:14', '2025-03-06 10:11:18'),
(78, 2, 75, 3, 2025, 4200.00, 0.00, 4200.00, NULL, '2025-03-27 00:00:00', 2, '2025-03-03 10:29:14', '2025-03-27 10:55:00'),
(79, 2, 76, 3, 2025, 4200.00, 0.00, 4200.00, NULL, '2025-03-01 00:00:00', 2, '2025-03-03 10:29:14', '2025-03-06 10:07:56'),
(80, 2, 77, 3, 2025, 2100.00, 0.00, 2100.00, NULL, '2025-03-01 00:00:00', 2, '2025-03-03 10:29:14', '2025-03-06 10:09:00'),
(81, 2, 78, 3, 2025, 2100.00, 0.00, 2100.00, NULL, '2025-03-01 00:00:00', 2, '2025-03-03 10:29:14', '2025-03-04 10:07:18'),
(82, 2, 79, 3, 2025, 4200.00, 0.00, 4200.00, NULL, '2025-03-01 00:00:00', 2, '2025-03-03 10:29:14', '2025-03-06 10:51:23'),
(83, 2, 80, 3, 2025, 4600.00, 0.00, 4600.00, NULL, '2025-03-27 00:00:00', 2, '2025-03-03 10:29:14', '2025-03-27 07:08:11'),
(84, 2, 81, 3, 2025, 4000.00, 0.00, 4000.00, NULL, '2025-03-16 00:00:00', 2, '2025-03-03 10:29:14', '2025-03-16 07:34:51'),
(85, 2, 82, 3, 2025, 4200.00, 0.00, 4200.00, NULL, '2025-03-01 00:00:00', 2, '2025-03-03 10:29:14', '2025-03-06 02:42:51'),
(86, 2, 83, 3, 2025, 4600.00, 0.00, 4600.00, NULL, '2025-03-01 00:00:00', 2, '2025-03-03 10:29:14', '2025-03-10 07:37:17'),
(87, 2, 109, 3, 2025, 4500.00, 0.00, 4500.00, NULL, '2025-03-11 00:00:00', 2, '2025-03-03 10:29:14', '2025-03-11 08:00:56'),
(88, 2, 84, 3, 2025, 10480.00, 0.00, 10480.00, NULL, '2025-03-24 00:00:00', 2, '2025-03-05 10:25:55', '2025-03-24 04:36:52'),
(89, 2, 86, 3, 2025, 10000.00, 0.00, 10000.00, NULL, '2025-03-18 00:00:00', 2, '2025-03-05 10:25:55', '2025-03-18 10:04:29'),
(90, 2, 87, 3, 2025, 9500.00, 0.00, 9500.00, NULL, '2025-03-25 00:00:00', 2, '2025-03-05 10:25:55', '2025-03-25 10:57:31'),
(91, 2, 88, 3, 2025, 9000.00, 0.00, 9000.00, NULL, '2025-04-26 00:00:00', 2, '2025-03-05 10:25:55', '2025-04-26 10:05:35'),
(92, 2, 89, 3, 2025, 9000.00, 0.00, 0.00, NULL, '2025-03-01 00:00:00', 0, '2025-03-05 10:25:55', '2025-03-05 10:25:55'),
(93, 2, 90, 3, 2025, 10000.00, 0.00, 10000.00, NULL, '2025-04-18 00:00:00', 2, '2025-03-05 10:25:55', '2025-04-18 10:19:44'),
(94, 2, 91, 3, 2025, 9500.00, 0.00, 9500.00, NULL, '2025-04-02 00:00:00', 2, '2025-03-05 10:25:55', '2025-04-02 01:02:48'),
(95, 2, 92, 3, 2025, 9000.00, 0.00, 9000.00, NULL, '2025-03-01 00:00:00', 2, '2025-03-05 10:25:55', '2025-03-08 01:08:59'),
(96, 2, 93, 3, 2025, 8800.00, 0.00, 8800.00, NULL, '2025-03-26 00:00:00', 2, '2025-03-05 10:25:55', '2025-03-26 07:56:42'),
(97, 2, 94, 3, 2025, 10000.00, 0.00, 10000.00, NULL, '2025-03-01 00:00:00', 2, '2025-03-05 10:25:55', '2025-03-09 02:35:47'),
(98, 2, 95, 3, 2025, 9300.00, 0.00, 9300.00, NULL, '2025-03-25 00:00:00', 2, '2025-03-05 10:25:55', '2025-03-25 03:41:56'),
(99, 2, 96, 3, 2025, 9500.00, 0.00, 9500.00, NULL, '2025-03-28 00:00:00', 2, '2025-03-05 10:25:55', '2025-03-28 09:49:31'),
(100, 2, 97, 3, 2025, 8500.00, 0.00, 8500.00, NULL, '2025-03-01 00:00:00', 2, '2025-03-05 10:25:55', '2025-03-09 03:13:51'),
(101, 2, 36, 3, 2025, 1750.00, 0.00, 1750.00, NULL, '2025-04-16 00:00:00', 2, '2025-03-06 10:54:55', '2025-04-16 03:02:03'),
(102, 2, 98, 3, 2025, 6000.00, 0.00, 6000.00, NULL, '2025-03-13 00:00:00', 2, '2025-03-07 04:11:08', '2025-03-13 05:48:50'),
(103, 2, 99, 3, 2025, 8000.00, 0.00, 8000.00, NULL, '2025-03-01 00:00:00', 2, '2025-03-07 04:11:08', '2025-03-08 00:36:18'),
(104, 2, 100, 3, 2025, 6000.00, 0.00, 6000.00, NULL, '2025-04-25 00:00:00', 2, '2025-03-07 04:11:08', '2025-04-26 09:33:41'),
(105, 2, 101, 3, 2025, 8000.00, 0.00, 8000.00, NULL, '2025-03-16 00:00:00', 2, '2025-03-07 04:11:08', '2025-03-16 01:08:58'),
(106, 2, 102, 3, 2025, 6000.00, 0.00, 6000.00, NULL, '2025-03-01 00:00:00', 2, '2025-03-07 04:11:08', '2025-03-07 04:12:57'),
(107, 2, 60, 3, 2025, 4400.00, 0.00, 4400.00, NULL, '2025-03-14 00:00:00', 2, '2025-03-09 10:50:29', '2025-03-14 09:08:06'),
(108, 2, 111, 3, 2025, 1750.00, 0.00, 1750.00, NULL, '2025-03-10 00:00:00', 2, '2025-03-10 10:45:42', '2025-03-10 10:46:46'),
(109, 2, 112, 3, 2025, 2300.00, 0.00, 2300.00, NULL, '2025-04-26 00:00:00', 2, '2025-03-10 11:22:33', '2025-04-26 09:03:14'),
(110, 2, 11, 3, 2025, 7000.00, 0.00, 7000.00, NULL, '2025-03-11 00:00:00', 2, '2025-03-11 04:14:50', '2025-03-11 04:15:21'),
(111, 2, 10, 3, 2025, 4000.00, 0.00, 4000.00, NULL, '2025-04-11 00:00:00', 2, '2025-03-11 04:33:07', '2025-04-15 10:13:16'),
(112, 2, 4, 3, 2025, 2000.00, 0.00, 1500.00, NULL, '2025-03-11 00:00:00', 1, '2025-03-11 07:36:23', '2025-03-11 10:45:00'),
(113, 2, 7, 3, 2025, 2000.00, 0.00, 2000.00, NULL, '2025-04-15 00:00:00', 2, '2025-03-11 07:36:44', '2025-04-15 08:54:36'),
(114, 2, 8, 3, 2025, 4800.00, 0.00, 4800.00, NULL, '2025-03-26 00:00:00', 2, '2025-03-11 07:59:00', '2025-03-27 07:38:29'),
(115, 2, 29, 3, 2025, 2700.00, 0.00, 2700.00, NULL, '2025-03-11 00:00:00', 2, '2025-03-11 10:01:08', '2025-03-11 10:01:43'),
(116, 2, 33, 3, 2025, 4000.00, 0.00, 4000.00, NULL, '2025-03-11 00:00:00', 2, '2025-03-11 10:28:36', '2025-03-11 10:29:29'),
(117, 2, 16, 3, 2025, 4200.00, 0.00, 4200.00, NULL, '2025-03-13 00:00:00', 2, '2025-03-13 09:08:21', '2025-03-13 09:09:36'),
(118, 2, 9, 3, 2025, 2300.00, 0.00, 2300.00, NULL, '2025-03-24 00:00:00', 2, '2025-03-24 11:01:22', '2025-03-24 11:01:48'),
(119, 2, 15, 3, 2025, 4500.00, 0.00, 4500.00, NULL, '2025-03-26 00:00:00', 2, '2025-03-26 04:08:32', '2025-03-26 04:09:06'),
(120, 2, 99, 4, 2025, 8000.00, 0.00, 8000.00, NULL, '2025-04-08 00:00:00', 2, '2025-04-08 02:02:30', '2025-04-08 08:02:44'),
(121, 2, 4, 4, 2025, 2000.00, 0.00, 0.00, NULL, '2025-04-01 00:00:00', 0, '2025-04-08 07:40:03', '2025-04-08 07:40:03'),
(122, 2, 6, 4, 2025, 4800.00, 0.00, 4800.00, NULL, '2025-04-24 00:00:00', 2, '2025-04-08 07:40:03', '2025-04-24 10:29:48'),
(123, 2, 7, 4, 2025, 2000.00, 0.00, 2000.00, NULL, '2025-05-12 00:00:00', 2, '2025-04-08 07:40:03', '2025-05-12 09:41:12'),
(124, 2, 8, 4, 2025, 4800.00, 0.00, 4800.00, NULL, '2025-04-26 00:00:00', 2, '2025-04-08 07:40:03', '2025-04-26 00:53:40'),
(125, 2, 9, 4, 2025, 2300.00, 0.00, 2300.00, NULL, '2025-04-25 00:00:00', 2, '2025-04-08 07:40:03', '2025-04-25 09:25:29'),
(126, 2, 10, 4, 2025, 4000.00, 0.00, 4000.00, NULL, '2025-04-12 00:00:00', 2, '2025-04-08 07:40:03', '2025-04-15 10:14:04'),
(127, 2, 11, 4, 2025, 7000.00, 0.00, 7000.00, NULL, '2025-04-26 00:00:00', 2, '2025-04-08 07:40:03', '2025-04-26 07:38:23'),
(128, 2, 12, 4, 2025, 4600.00, 0.00, 4600.00, NULL, '2025-04-24 00:00:00', 2, '2025-04-08 07:40:03', '2025-04-24 02:12:56'),
(129, 2, 13, 4, 2025, 4200.00, 0.00, 4200.00, NULL, '2025-04-24 00:00:00', 2, '2025-04-08 07:40:03', '2025-04-24 10:15:31'),
(130, 2, 15, 4, 2025, 4500.00, 0.00, 4500.00, NULL, '2025-05-04 00:00:00', 2, '2025-04-08 07:40:03', '2025-05-03 23:02:58'),
(131, 2, 16, 4, 2025, 4200.00, 0.00, 4200.00, NULL, '2025-04-09 00:00:00', 2, '2025-04-08 07:40:03', '2025-04-09 06:00:54'),
(132, 2, 17, 4, 2025, 2100.00, 0.00, 2100.00, NULL, '2025-04-19 00:00:00', 2, '2025-04-08 07:40:03', '2025-04-24 10:19:53'),
(133, 2, 18, 4, 2025, 2100.00, 0.00, 2100.00, NULL, '2025-04-15 00:00:00', 2, '2025-04-08 07:40:03', '2025-04-15 09:40:00'),
(134, 2, 19, 4, 2025, 2300.00, 0.00, 2300.00, NULL, '2025-04-17 00:00:00', 2, '2025-04-08 07:40:03', '2025-04-17 07:03:39'),
(135, 2, 20, 4, 2025, 2300.00, 0.00, 2300.00, NULL, '2025-04-17 00:00:00', 2, '2025-04-08 07:40:03', '2025-04-17 07:42:39'),
(136, 2, 21, 4, 2025, 3200.00, 0.00, 3200.00, NULL, '2025-04-28 00:00:00', 2, '2025-04-08 07:40:03', '2025-04-28 01:14:17'),
(137, 2, 22, 4, 2025, 2300.00, 0.00, 2300.00, NULL, '2025-04-08 00:00:00', 2, '2025-04-08 07:40:03', '2025-04-08 08:03:58'),
(139, 2, 24, 4, 2025, 3800.00, 0.00, 3800.00, NULL, '2025-04-24 00:00:00', 2, '2025-04-08 07:40:03', '2025-04-24 10:12:45'),
(140, 2, 25, 4, 2025, 4000.00, 0.00, 4000.00, NULL, '2025-04-19 00:00:00', 2, '2025-04-08 07:40:03', '2025-04-24 10:20:33'),
(141, 2, 26, 4, 2025, 4600.00, 0.00, 4600.00, NULL, '2025-04-15 00:00:00', 2, '2025-04-08 07:40:03', '2025-04-15 08:43:27'),
(142, 2, 28, 4, 2025, 2300.00, 0.00, 2300.00, NULL, '2025-04-28 00:00:00', 2, '2025-04-08 07:40:03', '2025-04-28 09:13:02'),
(143, 2, 29, 4, 2025, 2700.00, 0.00, 2700.00, NULL, '2025-04-19 00:00:00', 2, '2025-04-08 07:40:03', '2025-04-19 07:35:31'),
(144, 2, 30, 4, 2025, 2300.00, 0.00, 2300.00, NULL, '2025-04-29 00:00:00', 2, '2025-04-08 07:40:03', '2025-04-29 06:14:25'),
(145, 2, 31, 4, 2025, 2300.00, 0.00, 2300.00, NULL, '2025-04-10 00:00:00', 2, '2025-04-08 07:40:03', '2025-04-15 09:43:58'),
(146, 2, 32, 4, 2025, 4200.00, 0.00, 4200.00, NULL, '2025-04-19 00:00:00', 2, '2025-04-08 07:40:03', '2025-04-19 08:56:30'),
(147, 2, 33, 4, 2025, 4000.00, 0.00, 4000.00, NULL, '2025-04-19 00:00:00', 2, '2025-04-08 07:40:03', '2025-04-19 06:01:39'),
(148, 2, 34, 4, 2025, 4500.00, 0.00, 4500.00, NULL, '2025-04-19 00:00:00', 2, '2025-04-08 07:40:03', '2025-04-19 06:02:02'),
(149, 2, 35, 4, 2025, 4600.00, 0.00, 4600.00, NULL, '2025-04-29 00:00:00', 2, '2025-04-08 07:40:03', '2025-04-29 09:41:12'),
(150, 2, 36, 4, 2025, 1750.00, 0.00, 1750.00, NULL, '2025-05-12 00:00:00', 2, '2025-04-08 07:40:03', '2025-05-12 08:47:21'),
(151, 2, 37, 4, 2025, 5300.00, 0.00, 5300.00, NULL, '2025-04-24 00:00:00', 2, '2025-04-08 07:40:03', '2025-04-23 22:51:27'),
(152, 2, 38, 4, 2025, 1750.00, 0.00, 1750.00, NULL, '2025-04-27 00:00:00', 2, '2025-04-08 07:40:03', '2025-04-27 09:31:36'),
(153, 2, 39, 4, 2025, 1750.00, 0.00, 1750.00, NULL, '2025-04-18 00:00:00', 2, '2025-04-08 07:40:03', '2025-04-18 09:38:38'),
(154, 2, 40, 4, 2025, 2100.00, 0.00, 2100.00, NULL, '2025-04-08 00:00:00', 2, '2025-04-08 07:40:03', '2025-04-08 08:04:36'),
(155, 2, 41, 4, 2025, 2100.00, 0.00, 2100.00, NULL, '2025-04-17 00:00:00', 2, '2025-04-08 07:40:03', '2025-04-17 07:02:35'),
(156, 2, 42, 4, 2025, 4600.00, 0.00, 4600.00, NULL, '2025-04-15 00:00:00', 2, '2025-04-08 07:40:03', '2025-04-15 08:45:01'),
(158, 2, 44, 4, 2025, 4200.00, 0.00, 4200.00, NULL, '2025-04-24 00:00:00', 2, '2025-04-08 07:40:03', '2025-04-24 10:16:29'),
(159, 2, 45, 4, 2025, 4600.00, 0.00, 4600.00, NULL, '2025-04-08 00:00:00', 2, '2025-04-08 07:40:03', '2025-04-08 08:05:30'),
(160, 2, 46, 4, 2025, 4000.00, 0.00, 4000.00, NULL, '2025-05-15 00:00:00', 2, '2025-04-08 07:40:03', '2025-05-15 09:36:23'),
(161, 2, 48, 4, 2025, 4400.00, 0.00, 4400.00, NULL, '2025-04-24 00:00:00', 2, '2025-04-08 07:40:03', '2025-04-23 22:58:34'),
(162, 2, 49, 4, 2025, 2000.00, 0.00, 2000.00, NULL, '2025-04-18 00:00:00', 2, '2025-04-08 07:40:03', '2025-04-18 04:01:49'),
(163, 2, 50, 4, 2025, 2100.00, 0.00, 1000.00, NULL, '2025-05-01 00:00:00', 1, '2025-04-08 07:40:03', '2025-05-01 05:04:31'),
(164, 2, 51, 4, 2025, 2100.00, 0.00, 2100.00, NULL, '2025-04-24 00:00:00', 2, '2025-04-08 07:40:03', '2025-04-23 23:00:06'),
(165, 2, 52, 4, 2025, 2100.00, 0.00, 2100.00, NULL, '2025-05-06 00:00:00', 2, '2025-04-08 07:40:03', '2025-05-06 10:38:17'),
(166, 2, 53, 4, 2025, 4500.00, 0.00, 4500.00, NULL, '2025-05-13 00:00:00', 2, '2025-04-08 07:40:03', '2025-05-13 09:10:30'),
(167, 2, 54, 4, 2025, 4200.00, 0.00, 4200.00, NULL, '2025-04-25 00:00:00', 2, '2025-04-08 07:40:03', '2025-04-25 09:14:53'),
(169, 2, 56, 4, 2025, 1700.00, 0.00, 1700.00, NULL, '2025-04-19 00:00:00', 2, '2025-04-08 07:40:03', '2025-04-19 08:56:57'),
(172, 2, 59, 4, 2025, 4000.00, 0.00, 4000.00, NULL, '2025-04-08 00:00:00', 2, '2025-04-08 07:40:03', '2025-04-08 08:06:41'),
(173, 2, 60, 4, 2025, 4400.00, 0.00, 4400.00, NULL, '2025-05-15 00:00:00', 2, '2025-04-08 07:40:03', '2025-05-15 09:25:25'),
(174, 2, 61, 4, 2025, 3000.00, 0.00, 3000.00, NULL, '2025-04-19 00:00:00', 2, '2025-04-08 07:40:03', '2025-04-24 10:17:06'),
(175, 2, 62, 4, 2025, 2000.00, 0.00, 2000.00, NULL, '2025-04-19 00:00:00', 2, '2025-04-08 07:40:03', '2025-04-24 10:17:29'),
(176, 2, 63, 4, 2025, 4000.00, 0.00, 4000.00, NULL, '2025-04-16 00:00:00', 2, '2025-04-08 07:40:03', '2025-04-17 01:51:57'),
(177, 2, 64, 4, 2025, 4000.00, 0.00, 4000.00, NULL, '2025-05-06 00:00:00', 2, '2025-04-08 07:40:03', '2025-05-06 07:38:33'),
(178, 2, 65, 4, 2025, 4000.00, 0.00, 4000.00, NULL, '2025-04-16 00:00:00', 2, '2025-04-08 07:40:03', '2025-04-16 00:54:49'),
(179, 2, 66, 4, 2025, 4800.00, 0.00, 4800.00, NULL, '2025-04-25 00:00:00', 2, '2025-04-08 07:40:03', '2025-04-25 10:28:08'),
(180, 2, 67, 4, 2025, 4000.00, 0.00, 4000.00, NULL, '2025-04-25 00:00:00', 2, '2025-04-08 07:40:03', '2025-04-25 10:14:44'),
(181, 2, 104, 4, 2025, 2000.00, 0.00, 0.00, NULL, '2025-04-01 00:00:00', 0, '2025-04-08 07:40:03', '2025-04-08 07:40:03'),
(182, 2, 105, 4, 2025, 2000.00, 0.00, 2000.00, NULL, '2025-04-08 00:00:00', 2, '2025-04-08 07:40:03', '2025-04-08 08:07:22'),
(183, 2, 107, 4, 2025, 5500.00, 0.00, 5500.00, NULL, '2025-04-15 00:00:00', 2, '2025-04-08 07:40:03', '2025-04-15 11:32:43'),
(184, 2, 108, 4, 2025, 1700.00, 0.00, 1700.00, NULL, '2025-04-08 00:00:00', 2, '2025-04-08 07:40:03', '2025-04-08 08:06:08'),
(185, 2, 110, 4, 2025, 5800.00, 0.00, 5800.00, NULL, '2025-04-26 00:00:00', 2, '2025-04-08 07:40:03', '2025-04-26 08:45:47'),
(186, 2, 111, 4, 2025, 1750.00, 0.00, 1750.00, NULL, '2025-04-15 00:00:00', 2, '2025-04-08 07:40:03', '2025-04-15 11:48:15'),
(187, 2, 112, 4, 2025, 2300.00, 0.00, 2300.00, NULL, '2025-05-02 00:00:00', 2, '2025-04-08 07:40:03', '2025-05-02 04:10:42'),
(188, 2, 113, 4, 2025, 4800.00, 0.00, 4800.00, NULL, '2025-04-24 00:00:00', 2, '2025-04-08 07:40:03', '2025-04-23 23:02:56'),
(189, 2, 114, 4, 2025, 1700.00, 0.00, 1700.00, NULL, '2025-04-18 00:00:00', 2, '2025-04-08 07:40:03', '2025-04-18 07:39:18'),
(190, 2, 73, 4, 2025, 5000.00, 0.00, 5000.00, NULL, '2025-04-30 00:00:00', 2, '2025-04-08 07:50:49', '2025-05-01 02:36:36'),
(191, 2, 74, 4, 2025, 4500.00, 0.00, 4500.00, NULL, '2025-04-08 00:00:00', 2, '2025-04-08 07:50:49', '2025-04-08 08:40:46'),
(192, 2, 75, 4, 2025, 4200.00, 0.00, 4200.00, NULL, '2025-04-28 00:00:00', 2, '2025-04-08 07:50:49', '2025-04-28 01:10:47'),
(193, 2, 76, 4, 2025, 4200.00, 0.00, 4200.00, NULL, '2025-04-08 00:00:00', 2, '2025-04-08 07:50:49', '2025-04-08 08:39:52'),
(194, 2, 77, 4, 2025, 2100.00, 0.00, 0.00, NULL, '2025-04-01 00:00:00', 0, '2025-04-08 07:50:49', '2025-04-08 07:50:49'),
(196, 2, 79, 4, 2025, 4200.00, 0.00, 4200.00, NULL, '2025-04-09 00:00:00', 2, '2025-04-08 07:50:49', '2025-04-09 06:01:28'),
(197, 2, 80, 4, 2025, 4600.00, 0.00, 4600.00, NULL, '2025-04-30 00:00:00', 2, '2025-04-08 07:50:49', '2025-04-30 09:16:32'),
(198, 2, 81, 4, 2025, 4000.00, 0.00, 4000.00, NULL, '2025-04-25 00:00:00', 2, '2025-04-08 07:50:49', '2025-04-25 10:33:46'),
(199, 2, 82, 4, 2025, 4200.00, 0.00, 4200.00, NULL, '2025-04-19 00:00:00', 2, '2025-04-08 07:50:49', '2025-04-19 01:04:35'),
(200, 2, 83, 4, 2025, 4600.00, 0.00, 4600.00, NULL, '2025-04-15 00:00:00', 2, '2025-04-08 07:50:49', '2025-04-15 09:39:03'),
(202, 2, 115, 4, 2025, 2100.00, 0.00, 2100.00, NULL, '2025-04-04 00:00:00', 2, '2025-04-08 07:50:49', '2025-04-08 08:41:21'),
(203, 2, 118, 4, 2025, 6000.00, 0.00, 6000.00, NULL, '2025-04-12 00:00:00', 2, '2025-04-08 07:51:29', '2025-04-18 04:28:27'),
(204, 2, 117, 4, 2025, 8000.00, 0.00, 8000.00, NULL, '2025-04-15 00:00:00', 2, '2025-04-08 07:53:16', '2025-04-15 11:44:46'),
(205, 2, 100, 4, 2025, 6000.00, 0.00, 6000.00, NULL, '2025-04-26 00:00:00', 2, '2025-04-08 07:55:17', '2025-04-26 09:34:29'),
(207, 2, 102, 4, 2025, 6000.00, 0.00, 6000.00, NULL, '2025-04-15 00:00:00', 2, '2025-04-08 07:57:40', '2025-04-15 11:45:10'),
(208, 2, 84, 4, 2025, 10480.00, 0.00, 10480.00, NULL, '2025-05-06 00:00:00', 2, '2025-04-08 08:11:09', '2025-05-06 07:10:25'),
(209, 2, 86, 4, 2025, 10000.00, 0.00, 10000.00, NULL, '2025-04-17 00:00:00', 2, '2025-04-08 08:11:09', '2025-04-17 11:11:43'),
(210, 2, 87, 4, 2025, 9500.00, 0.00, 9500.00, NULL, '2025-05-06 00:00:00', 2, '2025-04-08 08:11:09', '2025-05-06 08:59:10'),
(211, 2, 88, 4, 2025, 9000.00, 0.00, 0.00, NULL, '2025-04-01 00:00:00', 0, '2025-04-08 08:11:09', '2025-04-08 08:11:09'),
(213, 2, 90, 4, 2025, 10000.00, 0.00, 10000.00, NULL, '2025-05-13 00:00:00', 2, '2025-04-08 08:11:09', '2025-05-13 09:09:44'),
(214, 2, 91, 4, 2025, 9500.00, 0.00, 9500.00, NULL, '2025-05-01 00:00:00', 2, '2025-04-08 08:11:09', '2025-05-02 02:07:29'),
(215, 2, 92, 4, 2025, 9000.00, 0.00, 9000.00, NULL, '2025-04-25 00:00:00', 2, '2025-04-08 08:11:09', '2025-04-25 09:13:59'),
(216, 2, 93, 4, 2025, 8800.00, 0.00, 8800.00, NULL, '2025-05-05 00:00:00', 2, '2025-04-08 08:11:09', '2025-05-05 10:55:38'),
(217, 2, 94, 4, 2025, 10000.00, 0.00, 10000.00, NULL, '2025-04-17 00:00:00', 2, '2025-04-08 08:11:09', '2025-04-17 08:19:37'),
(218, 2, 95, 4, 2025, 9300.00, 0.00, 9300.00, NULL, '2025-04-08 00:00:00', 2, '2025-04-08 08:11:09', '2025-04-08 08:15:05'),
(219, 2, 96, 4, 2025, 9500.00, 0.00, 9500.00, NULL, '2025-05-04 00:00:00', 2, '2025-04-08 08:11:09', '2025-05-04 10:23:01'),
(220, 2, 97, 4, 2025, 8500.00, 0.00, 8500.00, NULL, '2025-04-08 00:00:00', 2, '2025-04-08 08:11:09', '2025-04-08 08:13:53'),
(221, 2, 119, 4, 2025, 4500.00, 0.00, 4500.00, NULL, '2025-04-19 00:00:00', 2, '2025-04-17 03:19:19', '2025-04-24 10:18:31'),
(222, 2, 121, 3, 2025, 4600.00, 0.00, 4600.00, NULL, '2025-04-26 00:00:00', 2, '2025-04-17 05:54:21', '2025-04-26 08:31:43'),
(223, 2, 121, 4, 2025, 4600.00, 0.00, 4600.00, NULL, '2025-04-30 00:00:00', 2, '2025-04-17 05:54:37', '2025-04-30 09:36:02'),
(224, 2, 122, 4, 2025, 2400.00, 0.00, 2400.00, NULL, '2025-04-18 00:00:00', 2, '2025-04-17 06:21:11', '2025-04-18 04:26:37'),
(225, 2, 123, 4, 2025, 9000.00, 0.00, 9000.00, NULL, '2025-04-29 00:00:00', 2, '2025-04-17 06:52:29', '2025-04-29 04:25:41'),
(226, 2, 101, 4, 2025, 7500.00, 0.00, 7500.00, NULL, '2025-04-18 00:00:00', 2, '2025-04-18 04:37:08', '2025-04-18 04:37:46'),
(227, 2, 84, 5, 2025, 10480.00, 0.00, 0.00, NULL, '2025-05-01 00:00:00', 0, '2025-05-01 08:01:46', '2025-05-01 08:01:46'),
(228, 2, 86, 5, 2025, 10000.00, 0.00, 10000.00, NULL, '2025-05-18 00:00:00', 2, '2025-05-01 08:01:46', '2025-05-18 09:17:16'),
(229, 2, 87, 5, 2025, 9500.00, 0.00, 5000.00, NULL, '2025-05-06 00:00:00', 1, '2025-05-01 08:01:46', '2025-05-06 09:01:07'),
(230, 2, 88, 5, 2025, 9000.00, 0.00, 0.00, NULL, '2025-05-01 00:00:00', 0, '2025-05-01 08:01:46', '2025-05-01 08:01:46'),
(232, 2, 90, 5, 2025, 10000.00, 0.00, 0.00, NULL, '2025-05-01 00:00:00', 0, '2025-05-01 08:01:46', '2025-05-01 08:01:46'),
(233, 2, 91, 5, 2025, 9500.00, 0.00, 0.00, NULL, '2025-05-01 00:00:00', 0, '2025-05-01 08:01:46', '2025-05-01 08:01:46'),
(234, 2, 92, 5, 2025, 9000.00, 0.00, 9000.00, NULL, '2025-05-19 00:00:00', 2, '2025-05-01 08:01:46', '2025-05-19 09:56:54'),
(235, 2, 93, 5, 2025, 8800.00, 0.00, 0.00, NULL, '2025-05-01 00:00:00', 0, '2025-05-01 08:01:46', '2025-05-01 08:01:46'),
(236, 2, 94, 5, 2025, 10000.00, 0.00, 10000.00, NULL, '2025-05-12 00:00:00', 2, '2025-05-01 08:01:46', '2025-05-15 11:03:38'),
(237, 2, 95, 5, 2025, 9300.00, 0.00, 9300.00, NULL, '2025-05-01 00:00:00', 2, '2025-05-01 08:01:46', '2025-05-01 08:06:21'),
(238, 2, 96, 5, 2025, 9500.00, 0.00, 0.00, NULL, '2025-05-01 00:00:00', 0, '2025-05-01 08:01:46', '2025-05-01 08:01:46'),
(240, 2, 123, 5, 2025, 9000.00, 0.00, 0.00, NULL, '2025-05-01 00:00:00', 0, '2025-05-01 08:01:46', '2025-05-01 08:01:46'),
(241, 2, 4, 5, 2025, 2000.00, 0.00, 0.00, NULL, '2025-05-01 00:00:00', 0, '2025-05-02 10:52:02', '2025-05-02 10:52:02'),
(242, 2, 6, 5, 2025, 4800.00, 0.00, 4800.00, NULL, '2025-05-06 00:00:00', 2, '2025-05-02 10:52:02', '2025-05-06 08:55:57'),
(243, 2, 7, 5, 2025, 2000.00, 0.00, 0.00, NULL, '2025-05-01 00:00:00', 0, '2025-05-02 10:52:02', '2025-05-02 10:52:02'),
(244, 2, 8, 5, 2025, 4800.00, 0.00, 0.00, NULL, '2025-05-01 00:00:00', 0, '2025-05-02 10:52:02', '2025-05-02 10:52:02'),
(245, 2, 9, 5, 2025, 2300.00, 0.00, 0.00, NULL, '2025-05-01 00:00:00', 0, '2025-05-02 10:52:02', '2025-05-02 10:52:02'),
(246, 2, 10, 5, 2025, 4000.00, 0.00, 0.00, NULL, '2025-05-01 00:00:00', 0, '2025-05-02 10:52:02', '2025-05-02 10:52:02'),
(247, 2, 11, 5, 2025, 7000.00, 0.00, 7000.00, NULL, '2025-05-20 00:00:00', 2, '2025-05-02 10:52:02', '2025-05-20 07:53:04'),
(249, 2, 13, 5, 2025, 4200.00, 0.00, 4200.00, NULL, '2025-05-14 00:00:00', 2, '2025-05-02 10:52:02', '2025-05-14 09:11:48'),
(250, 2, 15, 5, 2025, 4500.00, 0.00, 4500.00, NULL, '2025-05-17 00:00:00', 2, '2025-05-02 10:52:02', '2025-05-17 08:29:21'),
(251, 2, 16, 5, 2025, 4200.00, 0.00, 4200.00, NULL, '2025-05-15 00:00:00', 2, '2025-05-02 10:52:02', '2025-05-15 10:39:09'),
(253, 2, 18, 5, 2025, 2100.00, 0.00, 2100.00, NULL, '2025-05-05 00:00:00', 2, '2025-05-02 10:52:02', '2025-05-05 09:29:43'),
(254, 2, 19, 5, 2025, 2400.00, 0.00, 2400.00, NULL, '2025-05-15 00:00:00', 2, '2025-05-02 10:52:02', '2025-05-15 10:39:33'),
(255, 2, 20, 5, 2025, 2400.00, 0.00, 2400.00, NULL, '2025-05-18 00:00:00', 2, '2025-05-02 10:52:02', '2025-05-18 09:37:30'),
(256, 2, 21, 5, 2025, 3200.00, 0.00, 0.00, NULL, '2025-05-01 00:00:00', 0, '2025-05-02 10:52:02', '2025-05-02 10:52:02'),
(257, 2, 22, 5, 2025, 2400.00, 0.00, 2400.00, NULL, '2025-05-17 00:00:00', 2, '2025-05-02 10:52:02', '2025-05-17 08:52:11'),
(259, 2, 24, 5, 2025, 3800.00, 0.00, 3800.00, NULL, '2025-05-14 00:00:00', 2, '2025-05-02 10:52:02', '2025-05-14 09:12:30'),
(260, 2, 25, 5, 2025, 4000.00, 0.00, 0.00, NULL, '2025-05-01 00:00:00', 0, '2025-05-02 10:52:02', '2025-05-02 10:52:02'),
(261, 2, 26, 5, 2025, 4600.00, 0.00, 0.00, NULL, '2025-05-01 00:00:00', 0, '2025-05-02 10:52:02', '2025-05-02 10:52:02'),
(262, 2, 28, 5, 2025, 2400.00, 0.00, 0.00, NULL, '2025-05-01 00:00:00', 0, '2025-05-02 10:52:02', '2025-05-02 10:52:02'),
(263, 2, 29, 5, 2025, 2800.00, 0.00, 2800.00, NULL, '2025-05-12 00:00:00', 2, '2025-05-02 10:52:02', '2025-05-12 08:31:57'),
(264, 2, 30, 5, 2025, 2400.00, 0.00, 0.00, NULL, '2025-05-01 00:00:00', 0, '2025-05-02 10:52:02', '2025-05-02 10:52:02'),
(265, 2, 31, 5, 2025, 2400.00, 0.00, 2200.00, NULL, '2025-05-12 00:00:00', 1, '2025-05-02 10:52:02', '2025-05-12 08:45:04'),
(266, 2, 32, 5, 2025, 4200.00, 0.00, 4200.00, NULL, '2025-05-17 00:00:00', 2, '2025-05-02 10:52:02', '2025-05-17 09:32:54'),
(267, 2, 33, 5, 2025, 4000.00, 0.00, 4000.00, NULL, '2025-05-13 00:00:00', 2, '2025-05-02 10:52:02', '2025-05-13 19:11:36'),
(268, 2, 34, 5, 2025, 4500.00, 0.00, 4500.00, NULL, '2025-05-14 00:00:00', 2, '2025-05-02 10:52:02', '2025-05-13 19:12:55'),
(269, 2, 35, 5, 2025, 4800.00, 0.00, 2400.00, NULL, '2025-05-17 00:00:00', 1, '2025-05-02 10:52:02', '2025-05-17 08:56:40'),
(270, 2, 36, 5, 2025, 1750.00, 0.00, 750.00, NULL, '2025-05-12 00:00:00', 1, '2025-05-02 10:52:02', '2025-05-12 08:48:21'),
(271, 2, 37, 5, 2025, 5500.00, 0.00, 5000.00, NULL, '2025-05-13 00:00:00', 1, '2025-05-02 10:52:02', '2025-05-13 19:10:49'),
(272, 2, 38, 5, 2025, 1750.00, 0.00, 0.00, NULL, '2025-05-01 00:00:00', 0, '2025-05-02 10:52:02', '2025-05-02 10:52:02'),
(273, 2, 39, 5, 2025, 1750.00, 0.00, 0.00, NULL, '2025-05-01 00:00:00', 0, '2025-05-02 10:52:02', '2025-05-02 10:52:02'),
(274, 2, 40, 5, 2025, 2100.00, 0.00, 2100.00, NULL, '2025-05-06 00:00:00', 2, '2025-05-02 10:52:02', '2025-05-06 07:41:18'),
(275, 2, 41, 5, 2025, 2100.00, 0.00, 2100.00, NULL, '2025-05-06 00:00:00', 2, '2025-05-02 10:52:02', '2025-05-06 08:44:25'),
(276, 2, 42, 5, 2025, 4800.00, 0.00, 4800.00, NULL, '2025-05-12 00:00:00', 2, '2025-05-02 10:52:02', '2025-05-12 08:46:00'),
(278, 2, 44, 5, 2025, 4200.00, 0.00, 4200.00, NULL, '2025-05-13 00:00:00', 2, '2025-05-02 10:52:02', '2025-05-13 08:33:10'),
(279, 2, 45, 5, 2025, 4800.00, 0.00, 4800.00, NULL, '2025-05-12 00:00:00', 2, '2025-05-02 10:52:02', '2025-05-12 08:20:59'),
(280, 2, 46, 5, 2025, 4400.00, 0.00, 0.00, NULL, '2025-05-01 00:00:00', 0, '2025-05-02 10:52:02', '2025-05-02 10:52:02'),
(282, 2, 49, 5, 2025, 2000.00, 0.00, 0.00, NULL, '2025-05-01 00:00:00', 0, '2025-05-02 10:52:02', '2025-05-02 10:52:02'),
(283, 2, 50, 5, 2025, 2100.00, 0.00, 0.00, NULL, '2025-05-01 00:00:00', 0, '2025-05-02 10:52:02', '2025-05-02 10:52:02'),
(284, 2, 51, 5, 2025, 2100.00, 0.00, 2100.00, NULL, '2025-05-20 00:00:00', 2, '2025-05-02 10:52:02', '2025-05-20 02:39:07'),
(285, 2, 52, 5, 2025, 2100.00, 0.00, 2100.00, NULL, '2025-05-06 00:00:00', 2, '2025-05-02 10:52:02', '2025-05-06 10:38:44'),
(286, 2, 53, 5, 2025, 4500.00, 0.00, 3400.00, NULL, '2025-05-13 00:00:00', 1, '2025-05-02 10:52:02', '2025-05-13 09:11:14'),
(287, 2, 54, 5, 2025, 4200.00, 0.00, 0.00, NULL, '2025-05-01 00:00:00', 0, '2025-05-02 10:52:02', '2025-05-02 10:52:02'),
(288, 2, 56, 5, 2025, 1700.00, 0.00, 0.00, NULL, '2025-05-01 00:00:00', 0, '2025-05-02 10:52:02', '2025-05-02 10:52:02'),
(291, 2, 59, 5, 2025, 4000.00, 0.00, 4000.00, NULL, '2025-05-17 00:00:00', 2, '2025-05-02 10:52:02', '2025-05-16 23:48:04'),
(292, 2, 60, 5, 2025, 3400.00, 0.00, 3400.00, NULL, '2025-05-15 00:00:00', 2, '2025-05-02 10:52:02', '2025-05-15 09:30:01'),
(293, 2, 61, 5, 2025, 3000.00, 0.00, 3000.00, NULL, '2025-05-17 00:00:00', 2, '2025-05-02 10:52:02', '2025-05-17 08:30:04'),
(294, 2, 62, 5, 2025, 2000.00, 0.00, 2000.00, NULL, '2025-05-17 00:00:00', 2, '2025-05-02 10:52:02', '2025-05-17 08:30:38'),
(295, 2, 63, 5, 2025, 4000.00, 0.00, 4000.00, NULL, '2025-05-15 00:00:00', 2, '2025-05-02 10:52:02', '2025-05-15 00:10:56'),
(296, 2, 64, 5, 2025, 4000.00, 0.00, 0.00, NULL, '2025-05-01 00:00:00', 0, '2025-05-02 10:52:02', '2025-05-02 10:52:02'),
(297, 2, 65, 5, 2025, 4000.00, 0.00, 4000.00, NULL, '2025-05-13 00:00:00', 2, '2025-05-02 10:52:02', '2025-05-13 09:46:17'),
(298, 2, 66, 5, 2025, 4800.00, 0.00, 2400.00, NULL, '2025-05-03 00:00:00', 1, '2025-05-02 10:52:02', '2025-05-03 09:29:03'),
(299, 2, 67, 5, 2025, 4000.00, 0.00, 0.00, NULL, '2025-05-01 00:00:00', 0, '2025-05-02 10:52:02', '2025-05-02 10:52:02'),
(301, 2, 105, 5, 2025, 2000.00, 0.00, 2000.00, NULL, '2025-05-05 00:00:00', 2, '2025-05-02 10:52:02', '2025-05-05 10:18:44'),
(302, 2, 107, 5, 2025, 5500.00, 0.00, 5500.00, NULL, '2025-05-12 00:00:00', 2, '2025-05-02 10:52:02', '2025-05-12 09:56:33'),
(304, 2, 110, 5, 2025, 5800.00, 0.00, 0.00, NULL, '2025-05-01 00:00:00', 0, '2025-05-02 10:52:02', '2025-05-02 10:52:02'),
(307, 2, 113, 5, 2025, 4800.00, 0.00, 0.00, NULL, '2025-05-01 00:00:00', 0, '2025-05-02 10:52:02', '2025-05-02 10:52:02'),
(308, 2, 114, 5, 2025, 1700.00, 0.00, 1700.00, NULL, '2025-05-20 00:00:00', 2, '2025-05-02 10:52:02', '2025-05-20 08:21:00'),
(309, 2, 121, 5, 2025, 5800.00, 0.00, 0.00, NULL, '2025-05-01 00:00:00', 0, '2025-05-02 10:52:02', '2025-05-02 10:52:02'),
(310, 2, 122, 5, 2025, 2400.00, 0.00, 2400.00, NULL, '2025-05-02 00:00:00', 2, '2025-05-02 10:52:02', '2025-05-02 11:03:10'),
(311, 2, 136, 5, 2025, 2300.00, 0.00, 0.00, NULL, '2025-05-01 00:00:00', 0, '2025-05-02 10:52:02', '2025-05-02 10:52:02'),
(312, 2, 137, 5, 2025, 2100.00, 0.00, 2100.00, NULL, '2025-05-02 00:00:00', 2, '2025-05-02 10:52:02', '2025-05-02 11:00:51'),
(313, 2, 138, 5, 2025, 2000.00, 0.00, 2000.00, NULL, '2025-05-02 00:00:00', 2, '2025-05-02 10:52:02', '2025-05-02 11:01:46'),
(315, 2, 99, 5, 2025, 8000.00, 0.00, 8000.00, NULL, '2025-05-07 00:00:00', 2, '2025-05-02 10:53:41', '2025-05-07 09:32:21'),
(317, 2, 101, 5, 2025, 7500.00, 0.00, 7500.00, NULL, '2025-05-17 00:00:00', 2, '2025-05-02 10:53:41', '2025-05-16 22:36:37'),
(318, 2, 102, 5, 2025, 6000.00, 0.00, 6000.00, NULL, '2025-05-13 00:00:00', 2, '2025-05-02 10:53:41', '2025-05-12 23:09:15'),
(319, 2, 117, 5, 2025, 8000.00, 0.00, 8000.00, NULL, '2025-05-14 00:00:00', 2, '2025-05-02 10:53:41', '2025-05-13 21:53:14'),
(320, 2, 118, 5, 2025, 6000.00, 0.00, 6000.00, NULL, '2025-05-13 00:00:00', 2, '2025-05-02 10:53:41', '2025-05-12 23:06:59'),
(321, 2, 134, 5, 2025, 9500.00, 0.00, 9500.00, NULL, '2025-05-17 00:00:00', 2, '2025-05-02 10:53:41', '2025-05-16 22:33:02'),
(322, 2, 124, 5, 2025, 4200.00, 0.00, 4000.00, NULL, '2025-05-12 00:00:00', 1, '2025-05-02 11:06:09', '2025-05-12 10:12:27'),
(323, 2, 125, 5, 2025, 1400.00, 0.00, 0.00, NULL, '2025-05-02 00:00:00', 0, '2025-05-02 11:06:09', '2025-05-02 11:06:09'),
(324, 2, 126, 5, 2025, 1400.00, 0.00, 1400.00, NULL, '2025-05-12 00:00:00', 2, '2025-05-02 11:06:09', '2025-05-12 08:56:00'),
(326, 2, 128, 5, 2025, 1400.00, 0.00, 0.00, NULL, '2025-05-02 00:00:00', 0, '2025-05-02 11:06:09', '2025-05-02 11:06:09'),
(327, 2, 129, 5, 2025, 1400.00, 0.00, 0.00, NULL, '2025-05-02 00:00:00', 0, '2025-05-02 11:06:09', '2025-05-02 11:06:09'),
(328, 2, 130, 5, 2025, 1400.00, 0.00, 1400.00, NULL, '2025-05-20 00:00:00', 2, '2025-05-02 11:06:09', '2025-05-20 07:37:32'),
(329, 2, 131, 5, 2025, 1400.00, 0.00, 1400.00, NULL, '2025-05-20 00:00:00', 2, '2025-05-02 11:06:09', '2025-05-20 07:40:50'),
(330, 2, 132, 5, 2025, 1400.00, 0.00, 1400.00, NULL, '2025-05-20 00:00:00', 2, '2025-05-02 11:06:09', '2025-05-20 02:41:45'),
(331, 2, 133, 5, 2025, 1400.00, 0.00, 0.00, NULL, '2025-05-02 00:00:00', 0, '2025-05-02 11:06:09', '2025-05-02 11:06:09'),
(332, 2, 139, 5, 2025, 1400.00, 0.00, 1400.00, NULL, '2025-05-19 00:00:00', 2, '2025-05-03 01:34:29', '2025-05-20 02:05:17'),
(333, 2, 73, 5, 2025, 5000.00, 0.00, 0.00, NULL, '2025-05-01 00:00:00', 0, '2025-05-03 02:43:14', '2025-05-03 02:43:14'),
(334, 2, 74, 5, 2025, 4500.00, 0.00, 4500.00, NULL, '2025-05-07 00:00:00', 2, '2025-05-03 02:43:14', '2025-05-07 09:42:15'),
(335, 2, 75, 5, 2025, 4200.00, 0.00, 0.00, NULL, '2025-05-01 00:00:00', 0, '2025-05-03 02:43:14', '2025-05-03 02:43:14'),
(336, 2, 76, 5, 2025, 4200.00, 0.00, 4200.00, NULL, '2025-05-03 00:00:00', 2, '2025-05-03 02:43:14', '2025-05-03 02:46:13'),
(337, 2, 77, 5, 2025, 2100.00, 0.00, 0.00, NULL, '2025-05-01 00:00:00', 0, '2025-05-03 02:43:14', '2025-05-03 02:43:14'),
(339, 2, 79, 5, 2025, 4200.00, 0.00, 0.00, NULL, '2025-05-01 00:00:00', 0, '2025-05-03 02:43:14', '2025-05-03 02:43:14'),
(340, 2, 80, 5, 2025, 4600.00, 0.00, 0.00, NULL, '2025-05-01 00:00:00', 0, '2025-05-03 02:43:14', '2025-05-03 02:43:14'),
(341, 2, 81, 5, 2025, 4000.00, 0.00, 4000.00, NULL, '2025-05-19 00:00:00', 2, '2025-05-03 02:43:14', '2025-05-19 10:01:31'),
(342, 2, 82, 5, 2025, 4200.00, 0.00, 4200.00, NULL, '2025-05-03 00:00:00', 2, '2025-05-03 02:43:14', '2025-05-03 02:45:11'),
(343, 2, 83, 5, 2025, 4600.00, 0.00, 4600.00, NULL, '2025-05-14 00:00:00', 2, '2025-05-03 02:43:14', '2025-05-14 09:13:09'),
(345, 2, 115, 5, 2025, 2100.00, 0.00, 0.00, NULL, '2025-05-01 00:00:00', 0, '2025-05-03 02:43:14', '2025-05-03 02:43:14'),
(346, 2, 119, 5, 2025, 4500.00, 0.00, 4500.00, NULL, '2025-05-12 00:00:00', 2, '2025-05-03 02:43:14', '2025-05-12 10:09:04'),
(347, 2, 140, 5, 2025, 1750.00, 0.00, 1750.00, NULL, '2025-05-04 00:00:00', 2, '2025-05-05 01:28:43', '2025-05-05 01:29:23'),
(348, 2, 12, 5, 2025, 5600.00, 0.00, 0.00, NULL, '2025-05-01 00:00:00', 0, '2025-05-07 03:42:28', '2025-05-07 03:42:28'),
(350, 2, 97, 5, 2025, 9000.00, 0.00, 8700.00, NULL, '2025-05-15 00:00:00', 1, '2025-05-15 11:07:17', '2025-05-15 11:07:58'),
(351, 2, 48, 5, 2025, 4600.00, 0.00, 4600.00, NULL, '2025-05-20 00:00:00', 2, '2025-05-20 02:38:00', '2025-05-20 02:38:37');

-- --------------------------------------------------------

--
-- Table structure for table `password_resets`
--

CREATE TABLE `password_resets` (
  `email` varchar(255) NOT NULL,
  `token` varchar(255) NOT NULL,
  `created_at` timestamp NULL DEFAULT NULL
) ENGINE=InnoDB DEFAULT CHARSET=utf8mb4 COLLATE=utf8mb4_unicode_ci;

-- --------------------------------------------------------

--
-- Table structure for table `payment_methods`
--

CREATE TABLE `payment_methods` (
  `id` bigint(20) UNSIGNED NOT NULL,
  `user_id` bigint(20) UNSIGNED NOT NULL,
  `name` varchar(255) NOT NULL,
  `branch_name` varchar(255) DEFAULT NULL,
  `account_number` varchar(255) NOT NULL,
  `balance` decimal(10,2) DEFAULT NULL,
  `opening_date` datetime NOT NULL,
  `created_at` timestamp NULL DEFAULT NULL,
  `updated_at` timestamp NULL DEFAULT NULL
) ENGINE=InnoDB DEFAULT CHARSET=utf8mb4 COLLATE=utf8mb4_unicode_ci;

--
-- Dumping data for table `payment_methods`
--

INSERT INTO `payment_methods` (`id`, `user_id`, `name`, `branch_name`, `account_number`, `balance`, `opening_date`, `created_at`, `updated_at`) VALUES
(1, 2, 'CASH', NULL, '0', 0.00, '2025-01-01 00:00:00', '2025-01-13 03:11:48', '2025-01-13 03:11:48'),
(2, 2, 'BKASH', NULL, '0', 0.00, '2025-01-01 00:00:00', '2025-01-13 03:13:02', '2025-01-13 03:13:02'),
(3, 2, 'NAGAD', NULL, '0', 0.00, '2025-01-01 00:00:00', '2025-01-13 03:13:18', '2025-01-13 03:13:18'),
(4, 2, 'ROCKET', NULL, '0', 0.00, '2025-01-01 00:00:00', '2025-01-13 03:13:29', '2025-01-13 03:13:29');

-- --------------------------------------------------------

--
-- Table structure for table `permissions`
--

CREATE TABLE `permissions` (
  `id` bigint(20) UNSIGNED NOT NULL,
  `name` varchar(191) NOT NULL,
  `guard_name` varchar(191) NOT NULL,
  `created_at` timestamp NULL DEFAULT NULL,
  `updated_at` timestamp NULL DEFAULT NULL
) ENGINE=MyISAM DEFAULT CHARSET=utf8mb4 COLLATE=utf8mb4_unicode_ci;

--
-- Dumping data for table `permissions`
--

INSERT INTO `permissions` (`id`, `name`, `guard_name`, `created_at`, `updated_at`) VALUES
(1, 'edit articles', 'web', '2023-09-22 21:38:03', '2023-09-22 21:38:03'),
(2, 'view user_management', 'web', '2023-09-22 22:18:33', '2023-09-22 22:18:33'),
(3, 'edit user_management', 'web', '2023-09-22 22:18:33', '2023-09-22 22:18:33'),
(4, 'delete user_management', 'web', '2023-09-22 22:18:33', '2023-09-22 22:18:33'),
(5, 'view category', 'web', '2023-09-23 02:14:32', '2023-09-23 02:14:32'),
(6, 'edit category', 'web', '2023-09-23 02:14:32', '2023-09-23 02:14:32'),
(7, 'delete category', 'web', '2023-09-23 02:14:32', '2023-09-23 02:14:32'),
(8, 'view sub_category', 'web', '2023-09-23 02:14:37', '2023-09-23 02:14:37'),
(9, 'edit sub_category', 'web', '2023-09-23 02:14:37', '2023-09-23 02:14:37'),
(10, 'delete sub_category', 'web', '2023-09-23 02:14:37', '2023-09-23 02:14:37'),
(11, 'view brand', 'web', '2023-09-23 02:14:41', '2023-09-23 02:14:41'),
(12, 'edit brand', 'web', '2023-09-23 02:14:41', '2023-09-23 02:14:41'),
(13, 'delete brand', 'web', '2023-09-23 02:14:41', '2023-09-23 02:14:41'),
(14, 'view service_name', 'web', '2023-11-28 23:23:25', '2023-11-28 23:23:25'),
(15, 'edit service_name', 'web', '2023-11-28 23:23:26', '2023-11-28 23:23:26'),
(16, 'delete service_name', 'web', '2023-11-28 23:23:26', '2023-11-28 23:23:26');

-- --------------------------------------------------------

--
-- Table structure for table `permission_categories`
--

CREATE TABLE `permission_categories` (
  `id` bigint(20) UNSIGNED NOT NULL,
  `title` varchar(191) DEFAULT NULL,
  `name` varchar(191) DEFAULT NULL,
  `type` varchar(191) DEFAULT NULL,
  `status` enum('Active','Inactive') DEFAULT NULL,
  `local` timestamp NULL DEFAULT NULL,
  `online` timestamp NULL DEFAULT NULL,
  `deleted_at` timestamp NULL DEFAULT NULL,
  `created_at` timestamp NULL DEFAULT NULL,
  `updated_at` timestamp NULL DEFAULT NULL
) ENGINE=MyISAM DEFAULT CHARSET=utf8mb4 COLLATE=utf8mb4_unicode_ci;

--
-- Dumping data for table `permission_categories`
--

INSERT INTO `permission_categories` (`id`, `title`, `name`, `type`, `status`, `local`, `online`, `deleted_at`, `created_at`, `updated_at`) VALUES
(1, 'User Management', 'user_management', 'setting', 'Active', NULL, NULL, NULL, '2023-09-22 22:18:33', '2023-09-22 22:18:33'),
(2, 'Category', 'category', 'products', 'Active', NULL, NULL, NULL, '2023-09-23 02:14:31', '2023-09-23 02:14:31'),
(3, 'Sub Category', 'sub_category', 'products', 'Active', NULL, NULL, NULL, '2023-09-23 02:14:37', '2023-09-23 02:14:37'),
(4, 'Brand', 'brand', 'products', 'Active', NULL, NULL, NULL, '2023-09-23 02:14:41', '2023-09-23 02:14:41'),
(5, 'Service Name', 'service_name', 'products', 'Active', NULL, NULL, NULL, '2023-11-28 23:23:25', '2023-11-28 23:23:25');

-- --------------------------------------------------------

--
-- Table structure for table `personal_access_tokens`
--

CREATE TABLE `personal_access_tokens` (
  `id` bigint(20) UNSIGNED NOT NULL,
  `tokenable_type` varchar(255) NOT NULL,
  `tokenable_id` bigint(20) UNSIGNED NOT NULL,
  `name` varchar(255) NOT NULL,
  `token` varchar(64) NOT NULL,
  `abilities` text DEFAULT NULL,
  `last_used_at` timestamp NULL DEFAULT NULL,
  `created_at` timestamp NULL DEFAULT NULL,
  `updated_at` timestamp NULL DEFAULT NULL
) ENGINE=InnoDB DEFAULT CHARSET=utf8mb4 COLLATE=utf8mb4_unicode_ci;

-- --------------------------------------------------------

--
-- Table structure for table `phonebooks`
--

CREATE TABLE `phonebooks` (
  `id` bigint(20) UNSIGNED NOT NULL,
  `user_id` bigint(20) UNSIGNED NOT NULL,
  `category_id` bigint(20) UNSIGNED NOT NULL,
  `name` varchar(255) NOT NULL,
  `address` varchar(255) NOT NULL,
  `phone` varchar(255) NOT NULL,
  `status` tinyint(4) NOT NULL,
  `created_at` timestamp NULL DEFAULT NULL,
  `updated_at` timestamp NULL DEFAULT NULL
) ENGINE=InnoDB DEFAULT CHARSET=utf8mb4 COLLATE=utf8mb4_unicode_ci;

-- --------------------------------------------------------

--
-- Table structure for table `remainders`
--

CREATE TABLE `remainders` (
  `id` bigint(20) UNSIGNED NOT NULL,
  `user_id` bigint(20) UNSIGNED NOT NULL,
  `renter_id` bigint(20) UNSIGNED DEFAULT NULL,
  `note` text NOT NULL,
  `date` datetime NOT NULL,
  `status` tinyint(4) NOT NULL COMMENT '0:cancle 1:inprocess 2:complete',
  `created_at` timestamp NULL DEFAULT NULL,
  `updated_at` timestamp NULL DEFAULT NULL
) ENGINE=InnoDB DEFAULT CHARSET=utf8mb4 COLLATE=utf8mb4_unicode_ci;

--
-- Dumping data for table `remainders`
--

INSERT INTO `remainders` (`id`, `user_id`, `renter_id`, `note`, `date`, `status`, `created_at`, `updated_at`) VALUES
(31, 2, NULL, '৩২ নং রুম বুকিং Md. Torikul Islam মোবাইল:01842337951 বুকিং জাম-২০০০, বুকিং মাস-মে-২৫', '2025-04-15 00:00:00', 1, '2025-04-15 08:56:52', '2025-04-16 03:30:01'),
(36, 2, NULL, 'বাসার সামনে তরকারি ভেন ওয়ালা পাবে-১১০', '2025-04-27 00:00:00', 1, '2025-04-27 09:12:09', '2025-04-27 09:12:09'),
(41, 2, NULL, 'মে-২০২৫ইং মাসে ৩০ তারিখে যে সকল রুম খালি হবে।\r\n ##ভি.আই.পি. #০২ নং রুম খালি হবে , #০৬ নং রুমে ১টা সিট খালি হবে।\r\n## উপরে  #৪২,নং রুমে ১টা সিট খালি আছে,  #১২ নং রুমে ১টা সিট খালিে আছে  #৩৬নং রুম খালি আছে, #২১ নং রুমে ১টা সিট খালি আছে,  #০৩ নং রুম খালি হবে বুকিং হয়েছে।', '2025-05-05 00:00:00', 1, '2025-05-05 02:51:01', '2025-05-20 08:02:36');

-- --------------------------------------------------------

--
-- Table structure for table `renters`
--

CREATE TABLE `renters` (
  `id` bigint(20) UNSIGNED NOT NULL,
  `user_id` bigint(20) UNSIGNED NOT NULL,
  `name` varchar(255) NOT NULL,
  `email` varchar(255) DEFAULT NULL,
  `nid` varchar(255) DEFAULT NULL,
  `phone` varchar(255) NOT NULL,
  `gender` varchar(255) NOT NULL,
  `birth_date` date DEFAULT NULL,
  `regnumber` varchar(255) DEFAULT NULL,
  `occupation` varchar(255) NOT NULL,
  `institute` varchar(255) DEFAULT NULL,
  `other_info` text DEFAULT NULL,
  `pdf_file` varchar(255) DEFAULT NULL,
  `address` text NOT NULL,
  `status` tinyint(4) NOT NULL,
  `note` text DEFAULT NULL,
  `created_at` timestamp NULL DEFAULT NULL,
  `updated_at` timestamp NULL DEFAULT NULL
) ENGINE=InnoDB DEFAULT CHARSET=utf8mb4 COLLATE=utf8mb4_unicode_ci;

--
-- Dumping data for table `renters`
--

INSERT INTO `renters` (`id`, `user_id`, `name`, `email`, `nid`, `phone`, `gender`, `birth_date`, `regnumber`, `occupation`, `institute`, `other_info`, `pdf_file`, `address`, `status`, `note`, `created_at`, `updated_at`) VALUES
(2, 2, 'PROKASH CHANDRA SARKER', NULL, '3753175797', '01947686036', 'male', '1997-01-08', NULL, 'চাকুরী', 'ব্রাক ব্যাংক দক্ষিণখান।', 'বড় ভাই মোবাইল:01942874068', '1739521895.pdf', 'বাসা:৫০৯,গ্রাম:দুর্গাপুর মধ্যপাড়া,ডাকঘর:সাকাশ্বর-১৭৫০,থানা:কালিয়াকৈর,গাজীপুর।', 1, 'Mamber-02\r\nName: Sohanur Rahman. Phone:01811865715. NID:8216741267. Date of Birth:16-MAR-1995. \r\nOccupation & Institute Name:চাকুরী ব্রাক ব্যাংক দক্ষিণখান শাখা। Permanent Address: বাসা:৫১/০৪.গ্রাম:হাজী-সলিমুল্লাহ,শ্যামপুর(অংশ),ডাকঘর:ফরিদাবাদ-১২০৪,থানা:কদমতলী,ঢাকা। Emergency Contact:বাবা মোবাইল:01717076256', '2025-02-14 02:31:35', '2025-02-14 03:52:03'),
(3, 2, 'MD. ASHIEK AHAMED.', NULL, '2691650146968', '01834050935', 'male', '1988-05-01', NULL, 'চাকুরী', 'চাকুরী ATS ফেশন গারমেন্স।', 'স্ত্রী মোবাইল:01734421027', '1739526182.pdf', 'গ্রাম:শাহপুর আমলাসদর, ডাকঘর:মন্ডলপাড়া, থানা:মিরপুর, কুষ্টিয়া।', 1, NULL, '2025-02-14 03:43:02', '2025-02-14 04:06:59'),
(4, 2, 'MD. NAIM UDDIN', NULL, '3314902085', '01610763021', 'male', '2001-06-09', NULL, 'চাকুরী', 'কল সেন্টার উত্তরা সেক্টর-০৪ রোড-০১, বাসা-১০।', 'বাবা মোবাইল:01931844366.', '1739526354.pdf', 'গ্রাম:রানী শিমুল,দক্ষণপাড়া, ডাকঘর:শ্রীবর্দী, থানা:শ্রীবর্দী,শেরপুর।', 1, NULL, '2025-02-14 03:45:54', '2025-02-14 03:49:17'),
(5, 2, 'MD. JAHIDUL ISLAM', NULL, '19844421604145925', '01737699194', 'male', '1984-01-01', '19844421604145925', 'চাকুরী UCB BANK গানম্যান', 'চাকুরী UCB BANK গানম্যান', 'বাবা মোবাইল:01747243737', '1739528120.pdf', 'গ্রাম:বেপারীপাড়া,ডাকঘর:ঝিনাইদহ-৭৩০০,থানা:ঝিনাইদহ সদর,খুলনা।', 1, 'Mamber-02\r\nName: Akram. Phone:01706351562. NID:7357184642. Date of Birth:17-JUL-1983. \r\nOccupation & Institute Name:রাইড শেয়ার।, Permanent Address: গ্রাম:পশ্চিমপাড়া, ডাকঘর:কুমিরাদহ-৭৩২০,থানা:শেলকুপা,ঝিনাইদহ। Emergency Contact:বাবা মোবাইল:01732611525', '2025-02-14 04:12:36', '2025-02-14 04:15:20'),
(6, 2, 'MD. EMDADUL HAQUE', NULL, '4152558963', '01916573988', 'male', '1987-03-02', NULL, 'চাকুরী, ATS Jeans wear Pvt:', 'ATS Jeans wear Pvt:', 'মা মোবাইল:01734815793.', '1740387335.pdf', 'কোনা গাঁও, থানা:মুক্তাগাছা, জেলা:ময়মনসিংহ।', 1, NULL, '2025-02-24 02:55:35', '2025-02-24 02:59:56'),
(7, 2, 'SUDEB BAIDYA', NULL, NULL, '01757614454', 'male', '1976-06-09', NULL, 'ব্যবসা।', 'পেশাঃ ব্যবসা।', 'বাসার নাম্বার:01739139437', NULL, 'বাসা:বৈদ্য বাড়ী, গ্রাম:বেলুয়া, ডাকঘর:ঘোষকাঠা-৮৫৪১, থানা:নাজিরপুর, পিরোজপুর।', 1, NULL, '2025-02-24 03:03:21', '2025-02-24 03:03:21'),
(8, 2, 'MD. NASIM UDDIN MOLLA', NULL, NULL, '01841988024', 'male', '1997-06-18', NULL, 'পেশাঃ ব্যবসা।', 'পেশাঃ ব্যবসা।', 'অন্য মোবাইলঃ 01776978631', '1740388575.pdf', 'গ্রাম:পাটকেলবাড়ী, ডাকঘর:শুক্তগ্রাম-৭৫২০, থানা:কলিয়া, নরাইল। \r\nকর্মচারী মোবাইল:01690151016.', 1, NULL, '2025-02-24 03:16:15', '2025-02-24 03:16:15'),
(9, 2, 'MD. SAFIQUL ISLAM', NULL, NULL, '01938377017', 'male', '1994-12-12', NULL, 'পেশাঃ চাকুরী,এটিি.এস.জিন্স ওয়্যাশ মোল্লাটেক।', 'পেশাঃ চাকুরী,এটিি.এস.জিন্স ওয়্যাশ মোল্লাটেক।', 'স্ত্রী মোবাইল:01984972086', '1740389425.pdf', 'গ্রাম: চর শিমুলচড়া, ডাকঘর:চর শিমুলচড়া বাজার-২১৩০, থানা:শ্রীবরদী, শেরপুর।', 1, 'Mamber-02\r\nName: MD. ARIF  MIA. Phone:01867988192/01617877574. NID:3314886007. Date of Birth:15-FEB-2001. \r\nOccupation & Institute Name:পেশাঃ চাকুরী,এটিি.এস.জিন্স ওয়্যাশ মোল্লাটেক।, Permanent Address: গ্রাম: ভাদাই, ডাকঘর:সোনামুই বাজার-২০৫৪, থানা:গোপালপুর, টাঙ্গাইল। Emergency Contact:বাবা মোবাইল: বাবা মোবাইল:01308435615.', '2025-02-24 03:30:25', '2025-02-24 03:30:25'),
(10, 2, 'NUR ALOM', NULL, NULL, '01770201938', 'male', '1997-11-05', NULL, 'পেশাঃ চাকুরী TEB FASHION.', 'পেশাঃ চাকুরী TEB FASHION.', 'ভাই সাদ্দাম মোবাইল:01765353282', '1740389987.pdf', 'গ্রাম:রুহুন্ডি, ডাকঘর: বাংগালা-১৮৪০, থানা:ঘিওর, জেলা:মানিকঞ্জ।', 1, 'Mamber-02\r\nName: MD. ASLAM . Phone:01710128154. NID:5505554534. Date of Birth:23-MAY-1992. \r\nOccupation & Institute Name:চাকুরী TEB FASHION, Permanent Address: গ্রাম: দোগলচিড়া, ডাকঘর:দোগলচিড়া-৮৪০২, থানা:ঝালুকাঠী সদর, জেলা:ঝালুকাঠী। Emergency Contact: মা  মোবাইল:01741767071', '2025-02-24 03:39:47', '2025-02-24 03:39:47'),
(11, 2, 'MD. MOHIUDDIN', NULL, NULL, '01830162550', 'male', '1988-01-01', NULL, 'পেশাঃ চাকুরী।', 'পেশাঃ চাকুরী।', 'বড় ভাই মোবাইল:01727306890', '1740390358.pdf', 'বাসা:সরকার বাড়ি, গ্রাম:পরমতলা, ডাকঘর:পরমতলা-৩৫৪০, থানা:মুরাদনগর, কুমিল্লা। অন্য মোবাইলঃ 01915155469', 1, 'Mamber-02\r\nName: MD. SAHAB ALI. Phone:01825785448. BIRTH CERTIFICATE:19822628008259693. Date of Birth:06-JUN-1982. \r\nOccupation & Institute Name:চাকুরী K.A Tours & travels, Permanent Address: গ্রাম:পানি ওয়ালা, থানা: রামগঞ্জ, জেলা: লক্ষিপুর।\r\nEmergency Contact:খালাতো ভাই কাজী আনোয়ার হোসেন মোবাইল:01726495981.', '2025-02-24 03:45:58', '2025-02-24 03:45:58'),
(12, 2, 'MD. ELIAS HOSSAIN.', NULL, NULL, '01939429365', 'male', '1985-02-02', NULL, 'পেশাঃ চাকুরী এয়ােরপোর্ট কার্গো।', 'পেশাঃ চাকুরী এয়ােরপোর্ট কার্গো।', 'স্ত্রী মোবাইল:01745307816', '1740391423.pdf', 'বাসা:০৬, গ্রাম: মোল্লারটেক, দক্ষিণ মোল্লারটেক, ডাকঘর: আশকোনা-১২৩০, দক্ষিণখান, ঢাকা।', 1, NULL, '2025-02-24 04:03:43', '2025-02-24 04:03:43'),
(13, 2, 'MD. MAZHARUL ISLAM', NULL, NULL, '01719054983', 'male', '1988-12-01', NULL, 'চাকুরী Uni Asia রোড:০৬, সেক্টর:০১,উত্তরা,ঢাকা।', 'চাকুরী Uni Asia রোড:০৬, সেক্টর:০১,উত্তরা,ঢাকা।', 'চাচা মোবাইল:01711055212', '1740391582.pdf', 'গ্রাম:আলিম পাড়া, ডাকঘর:চাদপুর-৩৬০০, থানা:চাঁদপুর সদর পৌরসভা, চাঁদপুর।', 1, NULL, '2025-02-24 04:06:22', '2025-02-24 04:06:22'),
(14, 2, 'MD. SHAMSUL HOQUE', NULL, '4160040863', '01735702252', 'male', '1987-06-01', NULL, 'পেশাঃ চাকুরী উত্তরা রেষ্ট্রোরেন্ট,', 'পেশাঃ চাকুরী উত্তরা রেষ্ট্রোরেন্ট,', 'বাবা মোবাইল:01731-699973', '1746428787.pdf', 'মজুমদার বাড়ি,গ্রাম:লক্ষিপুর,ডাকঘর:বটতলী-৩৫৮২,থানা:নাঙ্গলকোট,কুমিল্লা।', 1, NULL, '2025-02-24 04:41:21', '2025-05-05 01:06:27'),
(15, 2, 'MD. SULTAN MIAH.', NULL, '9315792393724', '01719563327', 'male', '1989-08-02', NULL, 'পেশাঃ চাকুরী মোল্লারটেক বরিশাল থাই গ্লাস।', 'পেশাঃ চাকুরী মোল্লারটেক বরিশাল থাই গ্লাস।', 'ভাই মোবাইল:01726050960', '1740844805.pdf', 'বাসাঃ পুর্ব পাড়া, গ্রাম:শোলাকুড়ী, ডাকঘর:শোলাকুড়ী-২০০১, থানা:মধুপুর, টাঙ্গাইল।', 1, 'Mamber-02\r\nName: MD. AZOM. Phone:01777-372147. NID:7802060074. Date of Birth:01/03/1997. Date of Add Member: 01-MAR-2025.  Occupation & Institute Name:চাকুরী, Permanent Address: স্বল্প সিংজুরী, ডাকঘর: বাঙ্গালা-১৮৪০, থানা: ঘিওর, মানিকগঞ্জ।  Emergency Contact: ভাই মোবাইল:01723016917.', '2025-02-24 05:05:28', '2025-03-01 10:00:05'),
(16, 2, 'MD. MAHABUB ALAM', NULL, '6914805301', '01785281082', 'male', '2002-12-01', NULL, 'চাকুরী, ইউ.এস.বাংলা এয়ারলাইন।', 'চাকুরী, ইউ.এস.বাংলা এয়ারলাইন।', 'বাবা মোবাইল:01786880824', '1740395842.pdf', 'গ্রাম:ফতেপুর,করুয়া, ডাকঘর:মোড়লহাট-৫১৪০,থানা:বালিয়াডাংগী,\r\nঠাকুরগাঁও', 0, NULL, '2025-02-24 05:17:22', '2025-05-01 01:38:41'),
(17, 2, 'MD. MASUD PARVEZ', NULL, NULL, '01710569468', 'male', '1980-12-20', NULL, 'ড্রাইভিং।', 'ড্রাইভিং।', 'ভাই আনিসুর রহমান মোবাইল:01886745500', '1740395955.pdf', 'গ্রাম: দিঘন, ডাকঘর:শেখপুরা-৫২০০, থানা:দিনাজপুর সদর, দিনাজপুর।', 1, NULL, '2025-02-24 05:19:15', '2025-02-24 05:19:15'),
(18, 2, 'MD. SHAH ALAM', NULL, NULL, '01773770501', 'male', '1997-02-12', NULL, 'ইঞ্জিনিয়ার।', 'ইঞ্জিনিয়ার।', 'দুলা ভাই মোবাইল:01749785114', '1740455282.pdf', 'গ্রাম:হাসানপুর, ডাকঘর:চিনাখরা-৬৬৭০, থানা:সাথিয়া, পাবনা।', 1, NULL, '2025-02-24 21:48:02', '2025-02-24 21:48:02'),
(19, 2, 'ZIAUN NASIR', NULL, '7314237467', '01724311999', 'male', '1984-01-01', NULL, 'ক্ষিলগাও ইউনি এশিয়া এসো: লি:।', 'ক্ষিলগাও ইউনি এশিয়া এসো: লিঃ।', 'মো সলিম উল্লাহ মামা মোবাইল:01711055212', '1740456017.pdf', 'বাসা:৪১, গ্রাম:ব্লক-ই রোড নং:০৭, বনশ্রী পূর্ব রামপুরা, ডাকঘর: খিলগাও-১২১৯, ঢাকা।', 1, NULL, '2025-02-24 22:00:17', '2025-05-07 05:07:42'),
(20, 2, 'JAHIR RIHAN CHOWDHURY', NULL, '1914715519', '01720332180', 'male', '1992-11-21', NULL, 'চাকুরী ইউনি এশিয়া এসোসিয়েট লিঃ', 'চাকুরী ইউনি এশিয়া এসোসিয়েট লিঃ', 'ভাই  মোবাইল:01719324497', '1740456341.pdf', 'বাসা:৬৩৩, গ্রাম: আটুয়া হাউজ পাড়া, ডাকঘর:পাবনা সদর-৬৬০০,থানা:পাবনা পৌরসভা, পাবনা।', 0, NULL, '2025-02-24 22:05:41', '2025-04-08 05:33:23'),
(21, 2, 'MD. MONIRUZZAMAN', NULL, NULL, '01710293976', 'male', '1974-02-11', NULL, 'চাকুরী, গার্মেন্স এ', 'চাকুরী, গার্মেন্স এ', 'ভাই মোবাইল:01610226791.', '1740458308.pdf', 'গ্রাম:নয়নপুর,বারইপাড়া,ডাকঘর:রাজেন্দ্রপুর ক্যান্টঃ১৭৪২,থানা:গাজীপুর সদর,গাজীপুর।', 1, 'Mamber-02\r\nName: LIMON. Phone:01736058765. NID:3308350465. Date of Birth:29-DEC-2001. \r\nDate of Add Member: 01-JAN-2025.  Occupation & Institute Name:চাকুরী  ইউনি এশিয়া এসোসিয়েট লিঃ। Permanent Address: গ্রাম:বুড়িবচর,থানা:বরগুনা,জেলা:বরগুনা।\r\nEmergency Contact: মামা মোবাইল:01988806508.', '2025-02-24 22:38:28', '2025-02-24 22:38:28'),
(22, 2, 'MD. FARUK', NULL, NULL, '01981218268', 'male', '1990-09-20', NULL, 'পেশাঃ রস লিমিটেড.', 'পেশাঃ রস লিমিটেড.', 'ভাই সালেউদ্দিন বেপারী মোবাইল:01774409274', '1740459949.pdf', 'বাসা:কালু বেপারী কান্দি, ডাকঘর:কাজিয়ারচর-৮০১০, থানা:জাজিরা, শরিয়তপুর।', 1, NULL, '2025-02-24 23:05:49', '2025-02-24 23:05:49'),
(23, 2, 'MOHAMMAD SABBIR BEPARY', NULL, NULL, '01859757510', 'male', '2008-08-05', NULL, 'ইলেক্ট্রিক কাজ', 'ইলেক্ট্রিক কাজ', 'মা মোবাইল:01859757379', '1740460431.pdf', 'বেপারী বাড়ী গ্রাম:ব্রাক্ষ্মণ সাখুয়া, ডাকঘর:বাঘড়া বাজার-৩৬০০,থানা:চাঁদপুর সদর, চাঁদপুর।', 1, 'Mamber-02\r\nName: ROBIUL HASAN KHAN. Phone:01948266975. NID:6013050395. Date of Birth: 02-MAR-2003. \r\nDate of Add Member: 01-NOV-2024.  Occupation & Institute Name:ইলেক্ট্রিক কাজ। Permanent Address: খান বাড়ি,গ্রাম:ব্রাক্ষ্মণ সাখুয়া,ডাকঘর:বাঘড়া বাজার-৩৬০০,থানা:চাঁদপুর সদর,চাঁদপুর। \r\nEmergency Contact: মা মোবাইল:01814435865', '2025-02-24 23:13:51', '2025-02-24 23:13:51'),
(24, 2, 'MD. JAMAN MIAH', NULL, NULL, '01604152389', 'male', '1990-11-12', NULL, 'চাকুরী এয়ারপোর্ট।', 'চাকুরী এয়ারপোর্ট।', 'স্ত্রী মোবাইল:01874653022', '1740461197.pdf', 'গ্রাম:বড়নি, লাউহাটি, ডাকঘর:লাওহাটি-১৯১৫, থানা:দেলদুয়ার, টাঙ্গাইল।', 1, 'Mamber-02\r\nName: MD. MONIRUZZAMAN. Phone:01763441203. NID:19919322804000022. Date of Birth:01-MAY-1991. \r\nDate of Add Member: 18-OCT-2023.  Occupation & Institute Name:চাকুরী এয়ারপোর্ট। Permanent Address: গ্রাম:ফতেরপাড়া, থানা:ঘাটাইল, জেলা:টাঙ্গাইল।\r\nEmergency Contact: ভাই রিপন মোবাইল:01791002897', '2025-02-24 23:26:37', '2025-02-24 23:26:37'),
(25, 2, 'MD. SOHIDUL ISLAM', NULL, NULL, '01723936004', 'male', '1990-01-07', NULL, 'চাকুরী এয়ারপোর্ট', 'চাকুরী এয়ারপোর্ট', 'ভাই মোবাইল:01734578890', '1740461617.pdf', 'গ্রাম:সিবেহরগী,থানা:দেনদুয়ার,টাঙ্গাইল।', 1, NULL, '2025-02-24 23:33:37', '2025-02-24 23:33:37'),
(26, 2, 'MD. SAFIQUL ISLAM', NULL, NULL, '01727247025', 'male', '1996-01-01', NULL, 'চাকুরী, General logits Ltd', 'চাকুরী, General logits Ltd', 'ভাই মোবাইল:01710239003.', '1740461746.pdf', 'গ্রাম:হাওলাদার বাড়ী,সাহেবপুর, ডাকঘর:খয়রাবাদ,-৮২৮৪,থানা:বাকেরগঞ্জ,বরিশাল।', 1, NULL, '2025-02-24 23:35:46', '2025-02-24 23:35:46'),
(27, 2, 'MD. EHASUNOOL AZIZ', NULL, NULL, '01827686955', 'male', '1968-09-26', NULL, 'চাকুরী, পি.বি. মর্ডান চাইল্ড স্কুল।', 'চাকুরী, পি.বি. মর্ডান চাইল্ড স্কুল।', NULL, '1740462292.pdf', 'বাসা:নারিকেল পাড়া, ডাকঘর: চাটমোহর-৬৬৩০, থানা:চাটমোহর, পাবনা।', 1, NULL, '2025-02-24 23:44:52', '2025-02-24 23:44:52'),
(28, 2, 'MD. MAHEDI HASAN', NULL, NULL, '01751654211', 'male', '1991-08-16', NULL, 'চাকুরী গারমেন্টস।', 'চাকুরী গারমেন্টস।', 'বোন মোবাইল:01714257800.', '1740462427.pdf', 'বাসা/হোল্ডিং:৪০৪, গ্রাম:সুবল ডাংগা, ডাকঘর:ডাসনগর-৬৫৩০, থানা:পত্নীতলা, নওগাঁ।', 1, NULL, '2025-02-24 23:47:07', '2025-02-24 23:47:07'),
(29, 2, 'S. M. NAHIDUZZAMAN', NULL, NULL, '01750053986', 'male', '1995-10-05', NULL, 'চাকুরী।', 'চাকুরী।', 'বাবা মোবাইল:01730345065', '1740463208.pdf', 'গ্রাম:রোশড়া, ডাকঘর:রোশড়া-৭৭০০, থানা:রাজবাড়ী সদর, পল্লী, রাজবাড়ী।', 1, NULL, '2025-02-25 00:00:08', '2025-02-25 00:00:08'),
(30, 2, 'KHAIRUL BASHAR', NULL, NULL, '01735291429', 'male', '1992-12-30', NULL, 'ব্যবসা।', NULL, 'বড় ভাই মোবাইল:01935884884', '1740463996.pdf', 'গ্রাম: চর আহম্মদপুর, ডাকঘর:নরেন্দ্রপু-১৬৫০, থানা:মনোহরদী, নরসিংদী।', 1, 'Mamber-02\r\nName: ABDUR RAHMAN. Phone:01789253383. NID:19946815281000086. Date of Birth:21-OCT-1994. \r\nDate of Add Member:01-JUN-2023.  Occupation & Institute Name:চাকুরী অলিম্পিক। Permanent Address: গ্রাম:গাঙ্গকুল, ডাকঘর:নরেন্দ্রপুর-১৬৫০, থানা:মনোহরদী, নরসিংদী।  Emergency Contact: মা মোবাইল:01726987271', '2025-02-25 00:13:16', '2025-02-25 00:13:16'),
(31, 2, 'NAZMUL BASHAR', NULL, NULL, '01911208481', 'male', '1986-02-01', NULL, 'চাকুরী।', 'চাকুরী।', 'ভাই মোবাইল:01713517529', '1740464592.pdf', 'গ্রাম: চর আহাম্মদপুর, ডাকঘর:নরেন্দ্রপুর-১৬৫০, থানা:মনোহরদী, নরসিংদী।', 1, 'Mamber-02\r\nName: RIFAT MIAH. Phone:01752922561. BIRTH:20014812781110305. Date of Birth:02-JAN-2001. \r\nDate of Add Member: 01-DEC-2024.  Occupation & Institute Name:চাকুরী । Permanent Address: গ্রাম:গ্রাম:বিশ্বনাথপুর,ডাকঘর:হোসেনপুর,থানা:হোসেনপুর, জেলা:কিশোরহঞ্জ।  Emergency Contact:বাবা মোবাইল:01757401365.', '2025-02-25 00:23:12', '2025-02-25 00:23:12'),
(32, 2, 'MD: UBAIDUL HOQ', NULL, NULL, '01674968807', 'male', '1982-03-01', NULL, 'এরপোর্ট  সি.এন্ড.এফ', 'এরপোর্ট  সি.এন্ড.এফ', 'বোন মোবাইল:01741132960', '1740465176.pdf', 'গ্রাম: দঃ মোল্লারটেক, ডাকঘর:আশকোনা-১২৩০, থানা:দক্ষিণখান, ঢাকা।', 1, 'Mamber-02\r\nName: MD. AKRAM HOSSEN. Phone:-01846725294. NID:8263606629. Date of Birth:-10-MAY-2002. \r\nDate of Add Member: 01-MAY-2024.  Occupation & Institute Name:চাকুরী এয়ারপোর্ট। Permanent Address: গ্রাম:দক্ষিণ সাউগড়া, ডাকঘর:ঝাউগড়া-২০১২, থানা:মেলান্দহ, জামালপুর।  Emergency Contact: বাবা মোবাইল:01639190464.', '2025-02-25 00:32:56', '2025-02-25 00:32:56'),
(33, 2, 'MD. SUJON ISLAM', NULL, NULL, '01761471606', 'male', '2005-01-15', NULL, 'চাকুরী এয়ারপোর্ট।', 'চাকুরী এয়ারপোর্ট।', 'বাব মোবাইল:01773573244', '1740465531.pdf', 'গ্রাম:কলকতি,ডাকঘর:ভাংগুড়া-৬৬৪০,থানা;ভাংগুড়া, পাবনা।', 1, NULL, '2025-02-25 00:38:51', '2025-02-25 00:38:51'),
(34, 2, 'MD: ASRAFUL ISLAM', NULL, NULL, '01718753226', 'male', '1992-05-20', NULL, 'চাকুরী ঢাকা বিমান বন্দর।', 'চাকুরী ঢাকা বিমান বন্দর।', 'স্ত্রী মোবাইল:01771063152', '1740466187.pdf', 'গ্রাম:গুনেরবাড়ি, ডাকঘর:গুনেরবাড়ী-২০৫১, থানা:মাদারগঞ্জ, জামালপুর।', 1, NULL, '2025-02-25 00:49:47', '2025-02-25 00:49:47'),
(35, 2, 'AMIR HOSSAIN', NULL, NULL, '01936177356', 'male', '1986-01-02', NULL, 'ব্যাবসা হাজী-মার্কেট মুসলিম সুইটস।', 'ব্যাবসা হাজী-মার্কেট মুসলিম সুইটস।', 'সাব্বির ভাতিজা মোবাইল:01797118781', '1740466669.pdf', 'গ্রাম:ষোলঘর ছনবাড়ি, ডাকঘর:-১৫৫০, থানা:শ্রীনগর, মুন্সিগঞ্জ।', 1, NULL, '2025-02-25 00:57:49', '2025-02-25 00:57:49'),
(36, 2, 'MD: ISMAIL HOSEN', NULL, NULL, '01851645310', 'male', '1998-02-28', NULL, 'চাকুরী ফার্মেসী দোকানে।', 'চাকুরী ফার্মেসী দোকানে। ইউনাইটেড ডাইগোনিস্টিক', 'স্ত্রী মোবাইল:01777834784', '1740466883.pdf', 'বেপারী বাড়ি,গ্রাম:অলিপুর,ডাকঘর:অলিপুর-৩৬৪০,থানা:মতলব উত্তর,চাঁদপুর।', 1, NULL, '2025-02-25 01:01:23', '2025-02-25 01:01:23'),
(37, 2, 'MD. AZHARUL ISLAM', NULL, NULL, '01751122578', 'male', '1995-12-12', NULL, 'ডার্চ বাংলা ব্যাংক, জসিমুদ্দিন, উত্তরা।', 'ডার্চ বাংলা ব্যাংক, জসিমুদ্দিন, উত্তরা।', 'ভাই মোবাইল:01751122578', '1740467665.pdf', 'বাসা:৫৯৫, গ্রাম:কুতুবপুর, ডাকঘর:কুতুবপুর-১৯৮৪,থানা:সখিপুর, টাঙ্গাইল।', 1, NULL, '2025-02-25 01:14:25', '2025-02-25 01:14:25'),
(38, 2, 'MD. MAMUN MRIDHA', NULL, NULL, '01784619366', 'male', '1997-02-10', NULL, 'চাকুরী', 'চাকুরী', 'বাবা মোবাইল:01720860924', '1740467792.pdf', 'গ্রাম:বাগদিয়া, ডাকঘর:কলসকাঠী-৮২৮৪, থানা:বাকেরগঞ্জ, বরিশাল।', 1, NULL, '2025-02-25 01:16:32', '2025-02-25 01:16:32'),
(39, 2, 'SOJIB BAIDYA', NULL, NULL, '01716623411', 'male', '1991-10-05', NULL, 'চাকুরী ব্রাক ব্যাংক', 'চাকুরী ব্রাক ব্যাংক', 'মা মোবাইল:01710044094', '1740468362.pdf', 'গ্রাম: শেখর, ডাকঘর:শেখর-৭৮৬০, থানা:বোয়ালমারী, ফরিদপুর।', 1, NULL, '2025-02-25 01:26:02', '2025-02-25 01:26:02'),
(40, 2, 'MD. MIR HOSSAIN', NULL, '2813635345', '01876688560', 'male', '1995-01-01', NULL, 'ছাত্র,', NULL, 'মামা মোবাইল:01517148852', '1740468648.pdf', 'বাসা:নুতুন বাড়ী,গ্রাম:দুর্গাপুর,ডাকঘর:দাদঘর-৩৬২৩,থানা:মনোহরগঞ্জ,কুমিল্লা।', 0, NULL, '2025-02-25 01:30:48', '2025-04-08 03:36:18'),
(41, 2, 'MD. MONIR HOSSAIN', NULL, NULL, '01642562032', 'male', '1988-10-17', NULL, 'চাকুরী, TEB Fasion', 'চাকুরী, TEB Fasion', 'ছোট ভাই মোবাইল:01645764247', '1740469338.pdf', 'গ্রাম: উত্তর কাশাদহ, ডাকঘর: আমডালী-১৮৫০, থানা:শিবালয়, মনিকগঞ্জ।', 1, 'Mamber-02\r\nName: MD. FERDAUS FAKIR. Phone:01788058440. NID:8711723166. Date of Birth:17-SEP-2002. \r\nDate of Add Member: 01-DEC-2024.  Occupation & Institute Name:চাকুরী- TEB Faison। Permanent Address: গ্রাম: ১৭২,বাশুরী, ডাকঘর:কাউখালী-৮৫১০, থানা:কাউখালী, পিরোজপুর।  Emergency Contact: মা মোবাইল:01722666801', '2025-02-25 01:42:18', '2025-02-25 01:42:18'),
(42, 2, 'MD: SAIUD HASAN', NULL, NULL, '01721711400', 'male', '1988-12-28', NULL, 'চাকুরী', 'RAK TOWER', 'বাবা মোবাইল:01765225868', '1740469997.pdf', 'গ্রাম: ধুনচী, ডাকঘর:তেতুলিয়া-৬৭৬০, থানা:উল্লা পাড়া, সিরাজঞ্জ।', 1, 'Mamber-02\r\nName: SHOHEL RANA. Phone: 01751224328. NID: 8678751697. Date of Birth: 20-SEP-1991. \r\nDate of Add Member: 01-JAN-2024.  Occupation & Institute Name:চাকুরী । Permanent Address: গ্রাম:ধুঞ্চি ডাকঘর:তেতুলিয়া-৬৭৬০, থানা:উল্লাপাড়া, সিরাজগঞ্জ।  \r\nEmergency Contact: 00', '2025-02-25 01:53:17', '2025-02-25 01:53:17'),
(43, 2, 'NADIR HOSSAIN KHAN MITHU', NULL, NULL, '01719596137', 'male', '1971-05-02', NULL, 'ব্যবসা', NULL, 'ছেলে মোবাইল:01715215136', '1740470415.pdf', 'গ্রাম:উঃ পূঃ ভান্ডারিয়া, ডাকঘর:ভান্ডারিয়া-৮৫৫০, থানা:ভান্ডারিয়া, পিরোজপুর।', 1, NULL, '2025-02-25 02:00:15', '2025-02-25 02:00:15'),
(44, 2, 'MD. ANAMUL HAQUE', NULL, NULL, '01674292274', 'male', '1987-06-05', NULL, 'ব্যবসা।', NULL, 'ভাই মোবাইল:01675783965', '1740470792.pdf', 'গ্রাম:পশ্চিম টেংরা, ডাকঘর: সারুলিয়া-১৩৬১, থানা:ডেমরা, ঢাকা', 1, NULL, '2025-02-25 02:06:32', '2025-02-25 02:06:32'),
(45, 2, 'MD. NAHID HOSSEN', NULL, NULL, '01981832327', 'male', '2003-11-16', NULL, 'চাকুরী+ছাত্র।', NULL, 'বাবা মোবাইল:01674895665/01715343745', '1740471512.pdf', 'গ্রাম:রসুল্লাবাদ, থানা:নবিনগর, বি-বাড়িয়া', 1, NULL, '2025-02-25 02:18:32', '2025-02-25 02:18:32'),
(46, 2, 'MD. ABUL KHSHEM', NULL, NULL, '0195681666701795690182', 'male', '1981-12-03', NULL, 'ইলেক্ট্রিক কাজ।', NULL, 'স্ত্রী মোবাইল:01304229436', '1740471627.pdf', 'গ্রাম:শুভপুর শাপরা মার্কেট উত্তর পাশ্ব, ডাকঘর:কুমিল্ল-৩৫০০, থানা:কুমিল্লা আদর্শ সদর,কুমিল্লা।', 1, NULL, '2025-02-25 02:20:27', '2025-02-25 02:20:27'),
(47, 2, 'MOJIBUR RAHMAN', NULL, NULL, '01675503290', 'male', '2025-01-01', NULL, 'চাকুরী।', NULL, 'মামা মোবাইল:01674292274', '1740472636.pdf', 'গ্রাম: কোলচর, থানা:মেহেন্দিগঞ্জ, জেলা:বরিশাল।', 1, NULL, '2025-02-25 02:37:16', '2025-02-25 02:37:16'),
(48, 2, 'TAMIM', NULL, NULL, '01983819413', 'male', '2006-05-01', '20060911855130944', 'চাকুরী এয়ারপোর্ট।', NULL, 'মা মোবাইল:01782165577', '1740472782.pdf', 'গ্রাম:জাঙ্গালিয়া০৭নংওয়ার্ড,মুন্সী বাড়ি, ডাকঘর:মেদুয়া-৮৩০০,পশ্চিম ইলিশা,থানা:ভোলা সদর,ভোলা।', 1, NULL, '2025-02-25 02:39:42', '2025-02-25 02:39:42'),
(49, 2, 'MD. MANIR HOSSAIN', NULL, '3307733323', '01404241668', 'male', '1995-03-06', NULL, 'চাকুরী কিচেন হাউজ, উত্তরা', 'চাকুরী কিচেন হাউজ, উত্তরা', 'স্ত্রী মোবাইল:01743050093', '1746202411.pdf', 'গ্রাম: উত্তর পাটাভোগ, ডাকঘর: শ্রীনগর-১৫৫০, থানা: শ্রীনগর, মুন্সীগঞ্জ।মা মোবাইল:01778409070.', 1, 'Mamber-02\r\nName: SHAHRUKH KHAN. Phone: 01710965206. NID:4659835641. Date of Birth: 03-11-2000. \r\nEmergency Contact: :-  মা মোবাইল:: 01726177708.\r\n\r\nMamber-03\r\nName: MD. MELON. Phone: 01723-099917/01581-089932. NID:1901114692. Date of Birth: 01-12-1989. \r\nEmergency Contact: :-  স্ত্রি মোবাইল: 01743-050093.', '2025-02-25 03:08:52', '2025-05-02 10:13:31'),
(50, 2, 'MD. ALAMIN', NULL, NULL, '01518303135', 'male', '1996-04-04', NULL, 'পড়াশুনা কমপ্লিট চাকুরী খুজছি', NULL, 'ভাতিজা মোবাইল:01580316212', '1740474981.pdf', 'গ্রাম:রাজারামপুর, ডাকঘর:রেপাড়া-২২২৩, থানা:ঈশ্বরগঞ্জ,ময়মনসিংহ।', 1, NULL, '2025-02-25 03:16:21', '2025-02-25 03:16:21'),
(51, 2, 'SAFAT AHMED', NULL, '66567657768897', '01786005143', 'male', '2006-11-12', NULL, 'ছাত্র', NULL, 'বাবা মোবাইল:01725298684', '1740475085.pdf', 'গ্রাম:পাঁচশত একাত্তর,জগদইল, ডাকঘর:হাটবাকইল-৬৩০৩,থানা:নাচোল,চাঁপাইনবাবগঞ্জ।', 0, NULL, '2025-02-25 03:18:05', '2025-04-08 05:55:25'),
(52, 2, 'FARUK', NULL, '689080090890', '01984498545', 'male', '2004-01-18', NULL, 'চাকুরী এয়ারপোর্ট', NULL, 'মা মোবাইল:01756424315', '1740475617.pdf', 'গ্রাম:পূর্ব গুনারীতলা, ডাকঘর:গুনারীতলা-২০১০, থানা: মাদারগঞ্জ, জামালপুর।', 0, NULL, '2025-02-25 03:26:57', '2025-04-08 05:03:18'),
(53, 2, 'MD: TUHIN BISSAS', NULL, NULL, '01888793950', 'male', '1995-07-12', NULL, 'চাকুরী ঢাকা বিমানবন্দর।', 'চাকুরী ঢাকা বিমানবন্দর।', 'চাচা মোবাইল:01739479121', '1740476080.pdf', 'গ্রাম: গাওয়াইর, ডাকঘর: আশকোনা-১২৩০, থানা:দক্ষিণখান, ঢাকা।', 1, NULL, '2025-02-25 03:34:40', '2025-02-25 03:34:40'),
(54, 2, 'MD. MOFIJUL', NULL, '20028217665105229', '01985219212', 'male', '2002-04-07', '20028217665105229', 'চাকুরী', NULL, 'বড় ভাই মোবাইল:01970479109', '1746203700.pdf', 'গ্রাম:খোলাবাড়িয়া, ডাকঘর:খানখানাপুর-৭৭১১,থানা:রাজবাড়ি সদর, রাজবাড়ি।', 1, 'Mamber-02\r\nName: LABIB HOSSAIN. Phone:01623791305. BIRTH: 20086139466008580. Date of Birth: 01-JAN-2008. \r\nDate of Add Member: 01-JUL-2024.  Occupation & Institute Name:চাকুরী ইফাত মার্কেটিং.  Permanent Address: গ্রাম:বীররামপুর, ইউনিয়ন:০৫নং রামপুর, উপজেলা:ত্রিশাল, জেলা:ময়মনসিংহ।  Emergency Contact: বাসার মোবাইল:01797270481.', '2025-02-25 03:51:07', '2025-05-02 10:35:00'),
(55, 2, 'MD JAMIR UDDIN MAJUMDAR', NULL, NULL, '01602770178', 'male', '2006-07-12', '20061314975000605', 'ছাত্র IELTS', NULL, 'মা মোবাইল:01832396568', '1740477882.pdf', 'গ্রাম:শ্রীপুর,ওয়ার্ড-০৫,ইউপি-০২নং, থানা:হাজীগঞ্জ, জেলা:চাঁদপুর।', 1, 'Mamber-03\r\nName: MUHAMMAD SAZZADUL ISLAM. Phone: 01537698589. NID:4653489858. Date of Birth:10-AUG-1995. \r\nDate of Add Member: 01-JAN-2025.  Occupation & Institute Name:ছাত্র MBA চাঁদপুর সরকারী কলেজ। Permanent Address: গ্রাম:হাজীমুহসীন রোড,চাঁদপুর মিউনিসিপ্যালিটি, ডাকঘর:চাদপুর-৩৬০০,থানা:চাঁদপুর সদর, চাঁদপুর।  Emergency Contact: চাচাত ভাই মোবাইল:01576688941.', '2025-02-25 04:04:42', '2025-02-25 04:04:42'),
(56, 2, 'FAHIM MONTASIR', NULL, NULL, '01602770142', 'male', '2006-06-21', '20061314975020014', 'ছাত্র', NULL, 'মা মোবাইল:-01604867011', '1740478102.pdf', 'গ্রাম: উত্তর শ্রীপুর, ২নং বাকিলা, থানা:হাজীগঞ্জ, চাঁদপুর।', 1, NULL, '2025-02-25 04:08:22', '2025-02-25 04:08:22'),
(57, 2, 'MD. MAHMUDUL HASAN', NULL, NULL, '01791609254', 'male', '2000-08-15', NULL, 'ছাত্র', NULL, 'ফুফাত ভাই মোবাইল:01710306847', '1740479017.pdf', 'গ্রাম:সরকার বাড়ী,মনতলা, ডাকঘর:বেলকুচি-৬৭৪০, থানা:বেলকুচি, সিরাজগঞ্জ।', 1, 'Mamber-02\r\nName: MD. RAJU AHMED. Phone:01302239209. NID: 5563285138. Date of Birth: 11-APR-2000. \r\nDate of Add Member: 01-SEP-2024.  Occupation & Institute Name: ছাত্র Permanent Address: গ্রাম:চরপাড়া পূর্বপাড়া, ডাকঘর:কয়ড়া-৬৭৬২,থানা:উল্লা পাড়া, সিরাজগঞ্জ।  Emergency Contact: চাচা মোবাইল:ভাই মোবাইল:01303126544.', '2025-02-25 04:23:37', '2025-02-25 04:23:37'),
(58, 2, 'MD: MASUM REZA', NULL, NULL, '01750938322', 'male', '1996-12-10', NULL, 'টিউশনি', NULL, 'ভাই মোবাইল:01718700670', '1740480027.pdf', 'গ্রাম: যদুবাটি, ডাকঘর:মল্লিকপুর-৬৫৪০, থানা:পত্নীতলা, নওগাঁ।', 1, NULL, '2025-02-25 04:40:27', '2025-02-25 04:40:27'),
(59, 2, 'MD. RIAD HOSSAIN', NULL, '6914039174', '01767896027', 'male', '2002-07-02', NULL, 'চাকুরী এয়ার পোর্ট।', 'চাকুরী এয়ার পোর্ট।', 'বাবা মোবাইল: 01932583065.', '1744111501.pdf', 'গ্রাম:খামার বাড়ি, উত্তর জয়পুর, ডাকঘর:উত্তর জয়পুর-৩৭০৬,থানা:লক্ষ্ণীপুর সদর, লক্ষ্ণীপুর। বাবা মোবাইল:01932583065', 1, 'MEMBER NO: 02.  NAME: FARUK .  MOBILE NO:-01984498545.', '2025-02-25 04:43:19', '2025-04-08 05:25:01'),
(60, 2, 'MD. SHAHIDUL ISLAM', NULL, '7304090660', '01786750235', 'male', '1992-10-15', NULL, 'চাকুরী এয়ারপোর্ট ।', 'চাকুরী এয়ারপোর্ট ।', 'বাবা মোবাইল::01305157518', '1746261273.pdf', 'গ্রাম: আঙ্গারপোতা,ডাকঘর:দহগ্রাম-৫৫৪২,\r\nথানা:পাটগ্রাম, লালমনিরহাট। বাবা মোবাইল: 01305-157518.', 1, 'Mamber-02\r\nName: MD. SAIFUL AMIN TALUKDER , Phone:01718-179360, NID:8210356906, Date of Birth: 01-01-1986. \r\nEmergency Contact: :-শশুর  মোবাইল:01911-216714.', '2025-02-25 04:51:21', '2025-05-03 02:34:33'),
(61, 2, 'MD: RAIHAN HOSSAIN', NULL, NULL, '01721023138', 'male', '1995-01-10', NULL, 'ছাত্র', NULL, 'ছোট ভাই মোবাইল:01741743011', '1740481188.pdf', 'গ্রাম:দক্ষিণ শ্রীপুর, ডাকঘর:শ্রীপুর বাজার-৩৬০০, থানা:হাজীগঞ্জ, চাঁদপুর।', 1, 'Mamber-02\r\nName: SIFATUL ISLAM. Phone: 01872136762. NID: 2854903222. Date of Birth:05-NOV-1999. \r\nDate of Add Member: 30-JAN-2023. Occupation & Institute Name:চাকুরী। Permanent Address: গ্রাম: দক্ষিণ শ্রীপুর, ডাকঘর:শ্রীপুর বাজার-৩৬১০, থানা:হাজীগঞ্জ, চাঁদপুর।  Emergency Contact: ভাই মোবাইল:01818671323.', '2025-02-25 04:59:48', '2025-02-25 04:59:48'),
(62, 2, 'MD. SHOHEL MIA', NULL, '5554787019', '01703105599', 'male', '1999-12-10', NULL, 'ইলেক্ট্রিক ব্যাবসা।', NULL, 'বাবা মোবাইল:01795127532', '1741257974.pdf', 'গ্রাম:মরন চৌকিদার কান্দি, ডাকঘর:গরীবেরচর-৮০৫০, থানা:গোসাইরহাট, শরিয়তপুর।', 1, 'Mamber-02\r\nName: MD. RONI. Phone: 017448601570. BIRTH: 20085114395107146. Date of Birth:31-JUL-2008. \r\nDate of Add Member: 01-SEP-2024.  Occupation & Institute Name:ইলেক্ট্রিক কাজ+চাকুরী। Permanent Address: মোল্লাবাড়ী ঘনেশ্যামপুর দত্তপাড়া,ওয়ার্ড-০১ উত্তর জয়পুর, লক্ষ্মীপুর সদর,লক্ষ্মীপুর।   Emergency Contact: বাবা মোবাইল:01842234396.\r\n\r\nMamber-03\r\nName: ROKON. Phone:01302348103. NID:6913528680.Date of Birth: 20-10-2000.  \r\nDate Of Add Member: 01-03-2025. Occupation & Institute Name: এ/সি মেকার।\r\nPermanent Address: গ্রাম: আলি সরদারের কান্দি, চর জালালপুর, ডাকঘর: গরীবের চর-৮০৫০,থানা: গোসাইরহাট, শরিয়তপুর। \r\nEmergency Contact: বাবা মোবাইল:01781939739.\r\n\r\nMamber-04\r\nName: RIGAN MIA. Phone:01721114800. NID:6925173798. Date of Birth: 28-10-2006.  \r\nDate Of Add Member: 01-03-2025. Occupation & Institute Name: এ/সি মেকার।\r\nPermanent Address: গ্রাম: কালাচান ঢালীর,উত্তর কোদালপুর (পার্ট), ডাকঘর: আলাওলপুর-৮০৫০,থানা: গোসাইরহাট, শরিয়তপুর। \r\nEmergency Contact: মা মোবাইল:01743343548.', '2025-02-25 05:05:31', '2025-03-06 04:46:15'),
(63, 2, 'MD. SOHEL RANA', NULL, NULL, '01910034860', 'male', '1995-08-10', NULL, 'চাকুরী ‍SIBL ব্যাংক উত্তরা শাখায়।', 'চাকুরী ‍SIBL ব্যাংক উত্তরা শাখায়।', 'ভাই মোবাইল:01674636144', '1740481784.pdf', 'গ্রাম:চরমসলন্দ,, ডাকঘর:চরমসলন্দ-২২৩০,থানা:গফরগাঁও, ময়মনসিংহ।', 1, NULL, '2025-02-25 05:09:44', '2025-02-25 05:09:44'),
(64, 2, 'MOHAMMAD SIUM', NULL, NULL, '01610588991', 'male', '2004-02-01', NULL, 'চাকুরী এয়ার পোর্ট দোকান।', 'চাকুরী এয়ার পোর্ট দোকান।', 'মা মোবাইল: 01612763176', '1740554696.pdf', 'বাসা:৫২৮,গ্রাম:হরিদাস পাড়া,ডাকঘর:কশিমপুর পূরন-৩৬৪০,থানা:মতলব দক্ষিণ, চাঁদপুর।', 1, 'Mamber-02\r\nName: FORHAD MIZI. Phone: 01609489378. NID:5575425540. Date of Birth: 29-SEP-2001.  \r\nDate Of Add Member: 01-DEC-2024. Occupation & Institute Name: চাকুরী এয়ারপোর্ট দোকানে।\r\nPermanent Address: গ্রাম: মিজি বাড়ি, হরিদাস পাড়া, ডাকঘর: কে পুরন-৩৬৪০,মতলব দক্ষিণ, চাঁদপুর। \r\nEmergency Contact: মা মোবাইল:01855199554.\r\n\r\nMamber-03\r\nName: MD. FOYNAL MIA.  Phone: 01758743282. NID: 6473044391. Date of Birth: 27-DEC-2005.  \r\nDate Of Add Member: 01-DEC-2024. Occupation & Institute Name: চাকুরী এয়ারপোর্ট দোকানে।\r\nPermanent Address: গ্রাম:দখিনাইল,ডাকঘর:বিরিশিরি-২৪২০, থানা:দূর্গাপুর, নেত্রকোনা। \r\nEmergency Contact: মা মোবাইল:01920227319.', '2025-02-26 01:24:56', '2025-02-26 01:24:56'),
(65, 2, 'MD. JABED HOSSAIN', NULL, NULL, '01921805344', 'male', '1978-06-10', NULL, 'ব্যবসা', NULL, 'ছোট ভাই মোবাইল:01986896231', '1740555022.pdf', 'বাসা:খ-১২, গ্রাম:শাহজাদপুর, ডাকঘর:শুলশান-১২১২,থানা:শুলশান,ঢাকা।', 1, NULL, '2025-02-26 01:30:22', '2025-02-26 01:30:22'),
(66, 2, 'MD. MASUD ALAM', NULL, NULL, '01787207676', 'male', '1997-12-30', NULL, 'চাকুরী- হযরত শাহজালাল বিমান বন্ধর।', 'চাকুরী- হযরত শাহজালাল বিমান বন্ধর।', 'ভাই মোবাইল:01879048818', '1740555653.pdf', 'গ্রাম: বাউশিয়া, ডাকঘর: কাহালির হাট-৮২৬০, থানা:হিলা, বরিশাল।', 1, 'Mamber-02\r\nName: MD. MONIR HOSSAIN. Phone: 01716475443. NID:2414434619. Date of Birth: 08-SEP-1998.  \r\nDate Of Add Member: 01-FEB-2025. Occupation & Institute Name: চাকুরী এয়ারপোর্ট।\r\nPermanent Address: বাসা:৫১০১,গ্রাম:উত্তর বড় জালিয়া,ডাকঘর:মোল্লার হাট-৮২৬০,বরিশাল। \r\nEmergency Contact: বাবা মোবাইল:01732154587.', '2025-02-26 01:40:53', '2025-02-26 01:40:53'),
(67, 2, 'MD: JOEL RANA', NULL, NULL, '01729312125', 'male', '1990-11-30', NULL, 'চাকুরি ইউনিমেড ফার্মা লিঃ', 'চাকুরি ইউনিমেড ফার্মা লিঃ', 'বাবা মোবাইল:01755912808', '1740556034.pdf', 'গ্রাম: মাটিকোড়া, ডাকঘর:ধুনট, থানা:ধুনট, বগুড়া।', 1, NULL, '2025-02-26 01:47:14', '2025-02-26 01:47:14'),
(68, 2, 'MD: ROFIQUL ISLAM', NULL, NULL, '01745325281', 'male', '1968-02-21', NULL, 'ব্যবসা।', NULL, 'ছেলে মোবাইল:01787563272', '1740556623.pdf', 'গ্রাম:দক্ষিন মুন্সিপাড়া, ডাকঘর:দিনাজপুর-৫২০০, থানা:দিনাজপুর সদর, দিনাজপুর।', 1, NULL, '2025-02-26 01:57:03', '2025-02-26 01:57:03'),
(69, 2, 'MD. ABUBAKER SIDDIK', NULL, '1009869924', '01737378322', 'male', '1996-12-20', NULL, 'চাকুরী প্রত্যাশী।', NULL, 'বন্ধু/ভাই মোবাইল:01518303135.', '1740556773.pdf', 'গ্রাম:নওপাড়া,ডাকঘর:তাজপুর-২২২৩,থানা:ইশ্বরগঞ্জ, ময়মনসিংহ।', 1, NULL, '2025-02-26 01:59:33', '2025-04-18 03:48:27'),
(70, 2, 'MD: ANOWAR HOSSEN', NULL, '19893313686222669', '01950921165', 'male', '1989-12-01', NULL, 'চাকুরী এয়ারপোর্ট।', 'চাকুরী এয়ারপোর্ট।', 'ভাই মোবাইল:01847133326', '1741623187.pdf', 'গ্রাম:বাঘিয়া, ডাকঘর:পাক বাঘিয়া-১৭৩০, থানা:কাপাসিয়া, গাজীপুর।', 1, 'Mamber-02\r\nName: ERAT UDDIN RIYAD. Phone:01311728559. NID:5125223411.Date of Birth: 01-06-2004.  \r\nDate Of Add Member: 01-03-2025. Occupation & Institute Name: চাকুরী এয়ারপোর্ট।\r\nPermanent Address: গ্রাম: হাজিরগল, মাইজ খাপন, ডাকঘর: নিলগঞ্জ-২৩০৩, থানা: কিশোরগঞ্জ সদর, কিশোরগঞ্জ। \r\nEmergency Contact: বাবা মোবাইল:01710256717.', '2025-02-26 02:10:53', '2025-03-10 10:13:07'),
(71, 2, 'MONAEM SIDDIKI', NULL, NULL, '01769926363', 'male', '1996-10-01', NULL, 'চাকুরী অরিয়ন ফার্মা।', 'চাকুরী অরিয়ন ফার্মা।', 'ভাই মোবাইল:01712553020/01984477304.', '1740558070.pdf', 'গ্রাম: ঘাটাইল উত্তর, ডাকঘর:ঘাটাইল-১৯৮০, থানা:ঘাটাইল পৌরসভা, টাঙ্গাইল।', 1, NULL, '2025-02-26 02:21:10', '2025-02-26 02:21:10'),
(72, 2, 'MD. MEHEDI HASAN', NULL, NULL, '01829176103', 'male', '2006-06-01', '20061910912018524', 'থাইগ্লাস মেকার।', NULL, 'মা মোবাইল:01830722660', '1740558243.pdf', 'গ্রাম:হেরপেটি, ইউপি:আদ্রা, ডাকঘল:বরুড়া,কুমিল্লা।', 1, NULL, '2025-02-26 02:24:03', '2025-02-26 02:24:03'),
(73, 2, 'MD. RASEL SIKDER', NULL, NULL, '01770086932', 'male', '2003-12-12', NULL, 'ছাত্র- আইলস প্রশিক্ষন।', 'ছাত্র আইলস প্রশিক্ষন।', 'মা মোবাইল:01715281986', '1740558600.pdf', 'গ্রাম:সাত বিলা, ডাকঘর:কালিয়াগ্রাম-১৯৭০,থানা:ঘাটাইল,টাঙ্গাইল।', 1, 'Mamber-02\r\nName: MD. SHOPON MIA. Phone: 01787749615. NID: 6014698796. Date of Birth:25-JAN-2002.  \r\nDate Of Add Member: 01-JAN-2025. Occupation & Institute Name: ছাত্র আইলস প্রস্তুতি।\r\nPermanent Address: গ্রাম:চর গগনপুর, ডাকঘর: হাজীপুর-২০০০, থানা:জামালপুর সদর, জামালপুর। \r\nEmergency Contact: ভাই মোবাইল:-01787749615.', '2025-02-26 02:30:00', '2025-02-26 02:30:00'),
(74, 2, 'KHONDOKAR SAIFUL ISLAM', NULL, NULL, '01730329666', 'male', '1979-12-01', NULL, 'চাকুরি NIPPON EXPRESS BANGLADESH LTD.', 'চাকুরি NIPPON EXPRESS BANGLADESH LTD.', 'স্ত্রী মোবাইল:01926534027.', '1740558816.pdf', 'গ্রাম: নিজ বর্নি, ডাকঘর:ধনবাড়ী-১৯৯৭, থানা:ধনবাড়ী পৌরসভা, টাঙ্গাইল।', 1, NULL, '2025-02-26 02:33:36', '2025-02-26 02:33:36'),
(75, 2, 'MD: SOMON PARVES', NULL, NULL, '01409251823', 'male', '1996-01-15', NULL, 'ব্যবসা টেইলার্স।', 'ব্যবসা টেইলার্স।', 'ভাই মোবাইল: 01745587440', '1740568355.pdf', 'গ্রাম: রংপুর, ডাকঘর:মোল্লারহাট, থানা:মোল্লারহাট, বাগেরহাট।', 1, NULL, '2025-02-26 05:12:35', '2025-02-26 05:12:35'),
(76, 2, 'MAMUN', NULL, NULL, '01943244337', 'male', '1971-01-02', NULL, 'রেন্টে কার ব্যবসা।', NULL, 'স্ত্রী মোবাইল: 01984429537', '1740568940.pdf', 'গ্রাম:গাজালহাটি, ডাকঘর:শ্রীনগর-১৫৫০, থানা:শ্রীনগর, মুন্সীগঞ্জ।', 1, NULL, '2025-02-26 05:22:20', '2025-02-26 05:22:20'),
(77, 2, 'MD. ABDUL MALEK', NULL, NULL, '01734641951', 'male', '1991-01-01', NULL, 'চাকুরী  রেব-০১ উত্তরা।', 'চাকুরী  রেব-০১ উত্তরা।', 'ছোট ভাই মোবাইল:01714400337', '1740569284.pdf', 'গ্রাম:জিগারবাড়িয়া,নন্দলালপুর, ডাকঘর:নন্দলালপুর-৬৭৭১, থানা:শাহাজাদপুর, সিরাজগঞ্জ।', 1, NULL, '2025-02-26 05:28:04', '2025-02-26 05:28:04'),
(78, 2, 'MD: RAHIZUL ISLAM TAMANNA', NULL, '0', '01710771745', 'male', '1970-01-01', NULL, 'ইলেক্ট্রিক ব্যাবসা', 'ইলেক্ট্রিক দোকান কশাই বাড়ি।', NULL, '1740570258.pdf', 'গ্রাম:মিরপুর, থানা:দারুসালাম, ঢাকা', 1, NULL, '2025-02-26 05:34:02', '2025-02-26 05:44:18'),
(79, 2, 'MD. SALIM SARKAR', NULL, '1903757670', '01962407579', 'male', '1982-03-20', NULL, 'চাকুরী- K.H KING GROUP মার্কেটিং।', 'চাকুরী- K.H KING GROUP মার্কেটিং।', 'স্ত্রী মোবাইল:01966752785.', '1740569981.pdf', 'গ্রাম:বাদয়ার চর দক্ষিণ পাড়া,ডাকঘর:গাবতলী-১৬০০,থানা:নরসিংদী সদর, নরসিংদী।', 0, NULL, '2025-02-26 05:39:41', '2025-04-15 11:20:46'),
(80, 2, 'MD. IKRAM HOSSAIN', NULL, NULL, '01818426007', 'male', '1983-02-10', NULL, 'ব্যবসা।', NULL, 'ভাই মোবাইল:01812731281', '1740571164.pdf', 'বাসা:১৫১/১,গ্রাম:নতুন পল্টন লাইন, ডাকঘর:নিউমার্কেট-১২০৫,লালবাগ, ঢাকা।', 1, NULL, '2025-02-26 05:59:24', '2025-02-26 05:59:24'),
(81, 2, 'MD. REZAUL KARIM', NULL, NULL, '01864321975', 'male', '1976-10-10', NULL, 'ব্যবসা।', NULL, 'স্ত্রী 01864321975', '1740571483.pdf', 'গ্রাম:পশ্চিম আকুর টাকুর, ডাকঘর:টাঙ্গাইল-১৯০০, থানা:টাঙ্গাইল সদর, টাঙ্গাইল।', 1, NULL, '2025-02-26 06:04:43', '2025-02-26 06:04:43'),
(82, 2, 'MD. PARVES MIA', NULL, NULL, '01608698767', 'male', '1990-01-01', NULL, 'চাকুরী RAB', 'চাকুরী RAB', NULL, '1740572061.pdf', 'গ্রাম: খাগরাটা, ডাকঘর:ছনখোলা-১৯৮০, থানা:ঘাটাইল, টাঙ্গাইল।', 1, NULL, '2025-02-26 06:14:21', '2025-02-26 06:14:21'),
(83, 2, 'MD: JOHIRUL ISLAM', NULL, NULL, '01738216009', 'male', '1994-07-20', NULL, 'চাকুরী RAB.', NULL, 'বাবা মোবাইল:01751003254', '1740572257.pdf', 'গ্রাম: শালটি, ডাকঘর:অনন্তরামপুর-৫৪৭০, থানা:পীরগঞ্জ, রংপুর।', 1, NULL, '2025-02-26 06:17:37', '2025-02-26 06:17:37'),
(84, 2, 'MD. KAMAL AHMED', NULL, NULL, '01712016278', 'male', '1979-01-21', NULL, 'চাকুরী তামিশনা গ্রুপ।', 'চাকুরী তামিশনা গ্রুপ।', 'স্ত্রী মোবাইল: 01762640278', '1740572538.pdf', 'গ্রাম: হোসেন নগর, ডাকঘর: হোসেন নগর, থানা:বেলাব, নরসিংদী', 1, NULL, '2025-02-26 06:22:18', '2025-02-26 06:22:18'),
(85, 2, 'MST. REASHMA AKTER', NULL, NULL, '01747823383', 'male', '1989-02-17', NULL, 'চাকুরী ডেড. এস. এম. টেক্সটাইল।', 'চাকুরী ডেড. এস. এম. টেক্সটাইল।', 'বোন মোবাইল:01776085493 ভাই মোবাইল:01781493737', '1740572769.pdf', 'গ্রাম:কামারালী, তরুলিয়া, ডাকঘর:হামিদপুর-৯৪১৩, থানা:কলারোয়া, সাতক্ষীরা।', 1, NULL, '2025-02-26 06:26:09', '2025-02-26 06:26:09'),
(86, 2, 'MD. ABU SAHED', NULL, NULL, '01311374812', 'male', '1996-07-01', NULL, 'চাকুরি,', NULL, '/01615967592    স্ত্রী মোবাইল:01738935353', '1740573107.pdf', 'গ্রাম:হিজলিয়া, ডাকঘর:লক্ষীয়া-২৩২৬, থানা:পাকুন্দিয়া, কিশোরগঞ্জ।', 1, NULL, '2025-02-26 06:31:47', '2025-02-26 06:31:47'),
(87, 2, 'FATEMA NASRIN', NULL, NULL, '01586022746', 'male', '1981-03-05', NULL, 'গৃহিনী।', NULL, 'মোবাইল: 01718256728.', '1740573427.pdf', 'গ্রাম:দাসপাড়া,পুরান পাড়া,ডাকঘর:নরসিংদী সরকারী কলেজ-১৬০২,থানা:নরসিংদী সদর, নরসিংদী।', 1, NULL, '2025-02-26 06:37:07', '2025-02-26 06:37:07'),
(88, 2, 'MOHAMMAD ALI', NULL, NULL, '01843927846', 'male', '1989-02-15', NULL, 'চাকুরি টেক্সটাইল লিঃ উত্তরা-১১।', 'চাকুরি টেক্সটাইল লিঃ উত্তরা-১১।', 'শশুর মোবাইল:01967562742', '1740573841.pdf', 'বাসা:১৮২, গ্রাম:মোল্লারটেক, ডাকঘর:আশকোনা-১২৩০, দক্ষিণখান, ঢাকা।', 1, NULL, '2025-02-26 06:44:01', '2025-02-26 06:44:01'),
(89, 2, 'ABADAT', NULL, NULL, '0', 'male', '1970-01-01', NULL, '0', NULL, NULL, NULL, '0', 1, NULL, '2025-02-26 06:49:31', '2025-02-26 06:49:31'),
(90, 2, 'SOJIB HOSSAIN', NULL, '1323231231233', '01306022881', 'male', '1999-12-29', NULL, 'ড্রাইভিং চাকুরি।', NULL, 'জরুরী যোগাযোগ:01920082464', NULL, 'গ্রাম:উত্তর চৈতা, ডাকঘড়:চৈতা,থানা:মির্জাগঞ্জ,জেলা:পটুয়াখালী।', 0, NULL, '2025-02-26 07:01:35', '2025-05-01 01:48:36'),
(91, 2, 'MD. JOHIRUL ISLAM', NULL, '9103932464', '01932353188', 'male', '1988-01-13', NULL, 'ব্যবসা টেইলার্স।', 'ব্যবসা টেইলার্স।', 'স্ত্রী মোবাইল: 01953518577.', '1744118937.pdf', 'গ্রাম:মধ্যের চর ডাকঘর:শ্যামলাপুর-১৩১০, থানা:কেরানীগঞ্জ, ঢাকা।', 1, NULL, '2025-02-26 07:06:36', '2025-04-08 07:28:57'),
(92, 2, 'ABDUR RAHMAN', NULL, NULL, '01763877333', 'male', '1993-10-10', NULL, 'চাকুরী', NULL, NULL, '1740575452.pdf', 'গ্রাম:রামচন্দ্রপুর, থানা:ঝালকাঠী, ঝালকাঠী।', 1, NULL, '2025-02-26 07:10:52', '2025-02-26 07:10:52'),
(94, 2, 'MD. NIAMUTUL IDRAS', NULL, NULL, '01854026747', 'male', '1968-11-01', NULL, 'চাকুরী', 'এল.এস.পি. গ্লোবাল', 'ছোট ভাই মোবাইল:01897-608712', '1740847078.pdf', 'গ্রাম: হাসান মাষ্টার বাড়ী, খাদ্য গুদাম রোড, ডাকঘর:চৌমুহনী-৩৮২১,থানা: বেগমগঞ্জ, নোয়াখালী।', 1, NULL, '2025-03-01 10:37:58', '2025-03-01 10:37:58'),
(95, 2, 'ABDULLAH AL JUBAYER', NULL, '9583027132', '01779158820', 'male', '2001-08-28', NULL, 'ছাত্র', 'ছাত্র IELTS উত্তরা ০৩', 'দুলাভাইল মোবাইল:-01725049371', '1740930115.pdf', 'বাসা-৬১৯, গ্রাম: বড় গোপালদী, ডাকঘর: রায়পুর হাট-৭৮৫০, থানা: মধুখালী, ফরিদপুর।', 1, NULL, '2025-03-02 08:13:08', '2025-03-02 09:41:55'),
(96, 2, 'JUNAED GAZI', NULL, '826866780', '0178966348', 'male', '2002-10-16', NULL, 'HOUSE DESIGN ENGINEER', 'HOUSE DESIGN ENGINEER', 'মা মোবাইল:01984947145,', '1744880481.pdf', 'ম:বদরপুর দঃ পাড়া, ডাকঘর:হোসেনপুর-১৬০০,থানা:নরসিংদী সদর, নরসিংদী। \r\nEmergency Contact: বাবা মোবাইল:-01715497509.', 0, 'Mamber-02\r\nName: SAYFUL ISLAM SUJON. Phone: 01810487774. NID:5504189696. Date of Birth: 17-02-1981. \r\nEmergency Contact: :-স্ত্রী মোবাইল:: 01889101361.', '2025-03-03 03:16:26', '2025-04-17 03:14:08'),
(97, 2, 'MD. MASUD RANA', NULL, '3322441969', '01333078672', 'male', '2004-02-24', NULL, 'চাকুরী', 'চাকুরী এয়ারপোর্ট', 'বড় ভাই মোবাইল:01315540663', '1741018622.pdf', 'গ্রাম: জজিরা পশ্চিমপাড়া,চর দোরতা, ডাকঘর: নিশ্চিন্তপুর,-৬৭১০,থানা:কাজীপুর, সিরাজগঞ্জ।', 1, 'Mamber-02\r\nName: MD. AKTAR HOSSAIN. Phone: 01309055984. NID:1514279783. Date of Birth: 25-04-2000.  \r\nDate Of Add Member: 01-03-2025. Occupation & Institute Name: চাকুরী এয়ারপোর্ট ।\r\nPermanent Address: গ্রাম:নিশ্চিন্তপুর, ডাকঘর: নিশ্চিন্তপুর-৬৭১০, থানা: কাজীপুর, সিরাজগঞ্জ।\r\nEmergency Contact: ভাই মোবাইল:01749869203.', '2025-03-03 10:12:08', '2025-03-03 10:17:02'),
(98, 2, 'MD. ARSAD ALI', NULL, 'Driving License: MD00401749CL001', '01748588111', 'male', '1987-05-03', NULL, 'Motor Rider', 'Motor Rider', 'ভাই মোবাইল:01922338822', '1741625002.pdf', 'গ্রাম: পোহিম ছিলারচড়, থানা: মাদারীপুর সদর, জেলা: মাদারীপুর ৭৯০০।', 1, NULL, '2025-03-10 10:42:30', '2025-03-10 10:43:22'),
(99, 2, 'MD. AMIR HAMZA PRAMANIK', NULL, NULL, '01832733664', 'male', '2006-10-26', '20048811167151688', 'ছাত্র', 'উত্তরা টাউন কলেজ', 'বাবা মোবাইল:01740-324657', '1741627299.pdf', 'গ্রাম: কল্যানপুর, থানা: বেলকুচি, জেলা: শিরাজগঞ্জ।', 1, NULL, '2025-03-10 11:21:39', '2025-03-10 11:21:39'),
(101, 2, 'MD. SOLAIMAN', NULL, '8702502579', '01716054009', 'male', '1997-09-25', NULL, 'চাকুরী এয়ারপোর্ট কফিশপ।', 'চাকুরী এয়ারপোর্ট কফিশপ।', 'মো: হানিফ আপন বড় ভাই মোবাইল:-01716054009.', '1744109768.pdf', 'গ্রাম: লক্ষীপুর, ডাকঘর: মোল্লার হাট-৮২৬০, থানা: হিজলা, বরিশাল।', 1, 'সদস্য সংখ্যা-০২ নাম: মোঃ শাওন মোবাইল:01780399800.', '2025-04-08 04:14:44', '2025-04-08 04:56:08'),
(102, 2, 'NUR HASAN', NULL, '19929312886054554', '01848768459', 'male', '1992-05-01', '19929312886054554', 'প্রবাশী', 'প্রবাশী', 'বড় বোন মোবাইল: 01775929522', '1744115335.pdf', 'গ্রাম: উত্তর লককিন্দর, থানা: গাটাইল, জেলা:টাঙ্গাইল।', 1, NULL, '2025-04-08 06:28:55', '2025-04-08 06:28:55'),
(103, 2, 'NAJMA', NULL, '2611038780281', '01821418872', 'female', '1988-02-01', NULL, 'চাকুরী', 'চাকুরী', NULL, '1744118377.pdf', 'গ্রাম: শিংলা বাড়ি, ডাকঘর: গান্দাইল, থানা: কাজিপুর, \r\nজেলা: সিরাজগঞ্জ।', 1, 'MEMBER 02 NAME:- MOSAMMAT ROSHMEE,  MOBILE:-01821418872.', '2025-04-08 07:19:37', '2025-04-08 07:19:37'),
(104, 2, 'JUNAED GAZI', NULL, '8268667804', '01789663484', 'male', '2002-10-16', NULL, 'HOUSE DESIGN ENGINEER', 'HOUSE DESIGN ENGINEER', 'বাবা মোবাইল:-01715497509.', '1744881379.pdf', 'ম:বদরপুর দঃ পাড়া, ডাকঘর:হোসেনপুর-১৬০০,থানা:নরসিংদী সদর, নরসিংদী।', 1, 'Mamber-02\r\nName: SAYFUL ISLAM SUJON. Phone: 01810487774. NID:5504189696. Date of Birth: 17-02-1981. \r\nEmergency Contact: :-স্ত্রী মোবাইল:: 01889101361.', '2025-04-17 03:16:19', '2025-04-17 03:16:19'),
(105, 2, 'MD. MOTTALEB HOSSAION', NULL, '9154770474', '01782148696', 'male', '1998-05-28', NULL, 'উত্তরা পপুলার ফার্মাসিটিকেল চাকুরী।', 'উত্তরা পপুলার ফার্মাসিটিকেল চাকুরী।', 'বাবা মোবাইল: 01754835319', '1744892374.pdf', 'গ্রাম: নলত্রী, ডাকঘর:পানিহার-৬০০০, থানা: গোদাগাড়ী, রাজশাহী।', 1, NULL, '2025-04-17 06:19:34', '2025-04-17 06:19:34'),
(106, 2, 'MD. ABDUL ALIM', NULL, '19926826301000067', '01751065374', 'male', '1992-12-08', NULL, 'সাইনোভিয়া ফার্মা লিঃ চাকুরী', 'সাইনোভিয়া ফার্মা লিঃ চাকুরী', 'শশুর মোবাইল: 01727648570', '1744894212.pdf', 'গ্রাম: ই-১১, ১নং সারকারখানা, খানেপুর, ডাকঘর: ঘোড়াশাল ইউরিয়া ফ্যাক্টরি-১৬১১, থানা: পালাশ, ঘোড়াশাল  পৌরসভা, নরসিংদী।', 1, NULL, '2025-04-17 06:50:12', '2025-04-17 06:50:12'),
(107, 2, 'MD. AKLAS UDDIN', NULL, '8667430295', '01937686978', 'male', '1988-04-20', NULL, 'কাপড় ব্যবসা।', 'কাপড় ব্যবসা।', 'এস্ত্রী মোবাইল:01926333247', '1745051179.pdf', 'গ্রাম: গোপিনাথপুর, কাকৈরগড়া, ডাকঘর: কাকৈরগড়া-২৪১২, থানা: দুর্গাপুর, নেত্রকোনা।', 1, 'Mamber-02\r\nName: MD. NAJAM UDDIN Phone: 01609531814. NID:6914189813. Date of Birth: 14-DEC-2002. \r\nEmergency Contact: :-ছোট ভাই মোবাইল:: 01936838585.', '2025-04-19 02:26:19', '2025-04-19 02:26:19'),
(108, 2, 'MD. FERDAUS MOLLA', NULL, '4645375561', '01778051130', 'male', '1996-11-01', NULL, 'ব্যবসা', 'ব্যবসা এ/সি ইলেক্ট্রিক', 'মা মোবাইল:01725116973', '1745743370.pdf', 'গ্রাম: মোল্যা বাড়ি, খাগড়াবাড়িয়া, ডাকঘর:খাগড়াবাড়িয়া-৮১৩১, থানা:কাশিয়ানী, গোপালগঞ্জ।', 1, 'Mamber-02\r\nName: MD. SAJUB  , Phone: 01791-296843, NID: N, Date of Birth: N, \r\nEmergency Contact: :-,\r\n\r\nMamber-02\r\nName: MD. YOUSOF  , Phone: 01739-901620, NID: N, Date of Birth: N, \r\nEmergency Contact: :-,', '2025-04-27 02:42:50', '2025-04-27 02:42:50'),
(109, 2, 'ABDUR ROB MRIDA', NULL, '5111687470', '01792510860', 'male', '1980-08-30', NULL, 'চাকুরী', 'চাকুরী এয়ার পোর্ট।', NULL, '1746256095.pdf', 'গ্রাম:পাতাকাটা , ডাকঘর:আলগী বাজার-৮১৬০, থানা:মঠবাড়ীয়া, জেলা:পিরোজপুর।', 1, NULL, '2025-04-27 03:07:59', '2025-05-03 01:08:15'),
(110, 2, 'MD. NAJMUL HAQUE', NULL, '9158590100', '01406454905', 'male', '1963-09-01', NULL, 'ব্যবসা কাঁচা তরকারী', 'ব্যবসা কাঁচা তরকারী ভ্যানে।', NULL, '1746180469.pdf', 'গ্রাম:৪৭৪২ হোল্ডিং, গোবর্ধ্বন , ডাকঘর:গৌরনদী-৮২৩০  থানা:গৌরনদী পৌরসভা, জেলা: বরিশাল।\r\nবড় ভাই মোবাইল: 01907-354500', 1, NULL, '2025-04-27 03:13:33', '2025-05-02 04:07:49'),
(112, 2, 'NOKIB', NULL, '2611038775111', '01679835916', 'male', '1986-01-11', NULL, 'চাকুরী', 'চাকুরী এয়ারপোর্ট কার্গো।', '01745-117647', '1745746403.pdf', 'স্থায়ী ঠিকানা: গ্রাম:টানা খালি।  ডাকঘর:স্কুল বাড়ী, থানা:বরহানন্দী, জেলা:ভুলা।', 1, NULL, '2025-04-27 03:33:23', '2025-05-03 01:45:05'),
(113, 2, 'BISHAWJIT SARKER (SOVO)', NULL, '3755740077', '01963660867', 'male', '1999-10-11', NULL, 'ইলেক্ট্রিক মিস্ত্রি', 'ইলেক্ট্রিক মিস্ত্রি', NULL, '1746434714.pdf', 'গ্রাম:সরকার বাড়ি, আমরাজুড়ি, ডাকাঘর: আমরাজুরী-৮৫১০,  থানা:কাউখালী, জেলা: পিরোজপুর।', 1, NULL, '2025-04-27 03:38:06', '2025-05-05 02:45:14'),
(114, 2, 'ROMZAN ALI', NULL, '3752548556', '01991471543', 'male', '1996-08-25', NULL, 'চকুরী প্রাইভেট।', 'চকুরী প্রাইভেট।', NULL, '1745747178.pdf', 'গ্রাম: উত্তর পাড়া, ডাকঘর: জয়গঞ্জ বাজার-২১৪০, থানা: বকশিগঞ্জ, জেলা: জামালপুর।', 1, NULL, '2025-04-27 03:46:18', '2025-04-27 03:46:18'),
(115, 2, 'VAYRAB CHANDRA BARMAN', NULL, '7344383166', '01874500042', 'male', '1993-01-10', NULL, 'চাকুরী', 'চাকুরী', '01784293102', '1745747646.pdf', 'গ্রাম: ১৬  সরকার পাড়া, আরাজি পীর মামুদ (সাটে), ডাকঘর: ময়দানবিঘী-৫০১০, থানা: বোদা, পঞ্জগড়।', 1, NULL, '2025-04-27 03:54:06', '2025-04-27 03:54:06'),
(116, 2, 'MD. BIPLAB HOSSAIN', NULL, '4618507368', '01635506050', 'male', '1992-10-25', NULL, 'চাকুরী', 'চাকুরী', NULL, '1746259948.pdf', 'গ্রাম:৯৩৯ স্কুল পাড়া,বেলুড়ি,  ডাকঘর:হরিপুর-৬৬৩০,  থানা:চাটমোহর, জেলা:পাবনা। \r\nচাচাতো ভাই মোবাইল: 01721-338925.', 1, NULL, '2025-04-27 03:57:44', '2025-05-03 02:12:28'),
(117, 2, 'MONNA', NULL, '01732101612', '01732101612', 'male', '1970-01-01', NULL, 'ব্যবসা', 'ব্যবসা চুল কাটার নাপিত।', '01868-780283', NULL, 'গ্রাম:       ডাকঘর:       থানা:    জেলা:        ।', 1, NULL, '2025-04-27 04:02:15', '2025-04-27 04:02:15'),
(118, 2, 'MD. SHARIF AHAMMED', NULL, '9178992443', '01824698185', 'male', '2005-06-04', NULL, 'চাকুরী', 'A.T.S গার্মেন্স।', 'বাবা মোবাইল: 01812-511689', '1746088313.pdf', 'গ্রাম: ২৩২, মহিষ লেটী, ডাকঘর: মাজরাকুড়া-২২৬০, থানা: হালুয়াঘাট, ময়মনসিংহ।', 1, NULL, '2025-05-01 02:31:53', '2025-05-01 02:31:53'),
(119, 2, 'MASUM', NULL, '01789401845', '01789401845', 'male', '1970-01-01', NULL, 'চাকুরী', 'চাকুরী গার্মেন্টস।', 'বাবা মোবাইল: 01689516968.', '1746256961.pdf', 'গ্রাম:উত্তর গোয়ালবন্দ, ডাকঘর:ফতুল্লা, থানা: নারায়নগঞ্জ সদর, জেলা: নারায়নগঞ্জ।', 1, NULL, '2025-05-03 01:22:41', '2025-05-03 01:22:41'),
(120, 2, 'YAKUB HOSSAIN', NULL, '20068210795030378', '01879536314', 'male', '2006-10-01', '20068210795030378', 'চাকুরী', 'উত্তর কিচেন হাউজ।', 'মা মোবাইল: 01930349710', '1746429950.pdf', 'কুরশী পদমদী, নবাবপুর, ডাকঘর: বালিয়াকান্দি, থানা: রাজবাড়ী, ঢাকা বিভাগ।', 1, NULL, '2025-05-05 01:25:50', '2025-05-05 01:28:05');

-- --------------------------------------------------------

--
-- Table structure for table `rents`
--

CREATE TABLE `rents` (
  `id` bigint(20) UNSIGNED NOT NULL,
  `user_id` bigint(20) UNSIGNED NOT NULL,
  `renter_id` bigint(20) UNSIGNED NOT NULL,
  `rent_date` date NOT NULL,
  `house_id` bigint(20) UNSIGNED NOT NULL,
  `floor_id` bigint(20) UNSIGNED NOT NULL,
  `unit_id` bigint(20) UNSIGNED NOT NULL,
  `monthly_rent` decimal(10,2) NOT NULL,
  `electracity_bill` decimal(10,2) DEFAULT NULL,
  `water_bill` decimal(10,2) DEFAULT NULL,
  `gas_bill` decimal(10,2) DEFAULT NULL,
  `gatmanbill` decimal(10,2) DEFAULT NULL,
  `lift_bill` decimal(10,2) DEFAULT NULL,
  `car_reg_no` varchar(255) DEFAULT NULL,
  `quantity` int(11) DEFAULT NULL,
  `garage_bill` decimal(10,2) DEFAULT NULL,
  `service_charge` decimal(10,2) DEFAULT NULL,
  `advance` decimal(10,2) DEFAULT NULL,
  `member` decimal(10,2) DEFAULT NULL,
  `status` tinyint(4) NOT NULL,
  `created_at` timestamp NULL DEFAULT NULL,
  `updated_at` timestamp NULL DEFAULT NULL
) ENGINE=InnoDB DEFAULT CHARSET=utf8mb4 COLLATE=utf8mb4_unicode_ci;

--
-- Dumping data for table `rents`
--

INSERT INTO `rents` (`id`, `user_id`, `renter_id`, `rent_date`, `house_id`, `floor_id`, `unit_id`, `monthly_rent`, `electracity_bill`, `water_bill`, `gas_bill`, `gatmanbill`, `lift_bill`, `car_reg_no`, `quantity`, `garage_bill`, `service_charge`, `advance`, `member`, `status`, `created_at`, `updated_at`) VALUES
(4, 2, 4, '2024-07-01', 1, 1, 55, 2000.00, NULL, NULL, NULL, NULL, NULL, NULL, NULL, NULL, NULL, NULL, 2.00, 1, '2025-02-14 03:55:04', '2025-02-14 03:55:04'),
(6, 2, 2, '2024-11-01', 1, 1, 1, 4800.00, NULL, NULL, NULL, NULL, NULL, NULL, NULL, NULL, NULL, NULL, 2.00, 1, '2025-02-14 04:05:03', '2025-02-14 04:05:03'),
(7, 2, 3, '2024-07-01', 1, 1, 2, 2000.00, NULL, NULL, NULL, NULL, NULL, NULL, NULL, NULL, NULL, NULL, 2.00, 1, '2025-02-14 04:06:16', '2025-02-14 04:06:16'),
(8, 2, 5, '2024-07-01', 1, 1, 3, 4800.00, NULL, NULL, NULL, NULL, NULL, NULL, NULL, NULL, NULL, NULL, 2.00, 1, '2025-02-14 04:17:02', '2025-02-14 04:17:02'),
(9, 2, 6, '2022-12-03', 1, 1, 4, 2300.00, NULL, NULL, NULL, NULL, NULL, NULL, NULL, NULL, NULL, NULL, 2.00, 1, '2025-02-24 03:09:28', '2025-02-24 03:09:28'),
(10, 2, 7, '2018-06-01', 1, 1, 5, 4000.00, NULL, NULL, NULL, NULL, NULL, NULL, NULL, NULL, NULL, NULL, 1.00, 1, '2025-02-24 03:11:30', '2025-02-24 03:11:30'),
(11, 2, 8, '2024-04-01', 1, 1, 6, 7000.00, NULL, NULL, NULL, NULL, NULL, NULL, NULL, NULL, NULL, NULL, 5.00, 1, '2025-02-24 03:18:26', '2025-02-24 03:18:26'),
(12, 2, 9, '2024-01-01', 1, 1, 7, 5600.00, NULL, NULL, NULL, NULL, NULL, NULL, NULL, NULL, NULL, NULL, 2.00, 1, '2025-02-24 03:32:02', '2025-05-07 03:41:56'),
(13, 2, 10, '2021-10-01', 1, 1, 8, 4200.00, NULL, NULL, NULL, NULL, NULL, NULL, NULL, NULL, NULL, NULL, 2.00, 1, '2025-02-24 03:41:04', '2025-02-24 03:41:04'),
(15, 2, 14, '2024-11-01', 1, 1, 10, 4500.00, NULL, NULL, NULL, NULL, NULL, NULL, NULL, NULL, NULL, NULL, 2.00, 1, '2025-02-24 04:47:49', '2025-02-24 04:47:49'),
(16, 2, 15, '2023-03-01', 1, 1, 11, 4200.00, NULL, NULL, NULL, NULL, NULL, NULL, NULL, NULL, NULL, NULL, 2.00, 1, '2025-02-24 05:09:25', '2025-02-24 05:09:25'),
(17, 2, 16, '2024-12-01', 1, 1, 12, 2100.00, NULL, NULL, NULL, NULL, NULL, NULL, NULL, NULL, NULL, NULL, 2.00, 0, '2025-02-24 05:20:31', '2025-05-01 01:36:56'),
(18, 2, 17, '2024-12-01', 1, 1, 57, 2100.00, NULL, NULL, NULL, NULL, NULL, NULL, NULL, NULL, NULL, NULL, 2.00, 1, '2025-02-24 05:22:12', '2025-02-24 05:22:12'),
(19, 2, 12, '2023-06-01', 1, 2, 16, 2400.00, NULL, NULL, NULL, NULL, NULL, NULL, NULL, NULL, NULL, NULL, 2.00, 1, '2025-02-24 05:24:55', '2025-05-02 10:38:40'),
(20, 2, 13, '2022-02-28', 1, 2, 58, 2400.00, NULL, NULL, NULL, NULL, NULL, NULL, NULL, NULL, NULL, NULL, 2.00, 1, '2025-02-24 05:27:13', '2025-05-02 10:38:15'),
(21, 2, 18, '2024-03-01', 1, 2, 17, 3200.00, NULL, NULL, NULL, NULL, NULL, NULL, NULL, NULL, NULL, NULL, 1.00, 1, '2025-02-24 21:48:59', '2025-02-24 21:48:59'),
(22, 2, 19, '2010-01-21', 1, 2, 18, 2400.00, NULL, NULL, NULL, NULL, NULL, NULL, NULL, NULL, NULL, NULL, 2.00, 1, '2025-02-24 22:07:51', '2025-05-02 10:40:07'),
(23, 2, 20, '2023-03-23', 1, 2, 59, 2300.00, NULL, NULL, NULL, NULL, NULL, NULL, NULL, NULL, NULL, NULL, 2.00, 0, '2025-02-24 22:08:47', '2025-04-08 05:32:54'),
(24, 2, 21, '2025-01-01', 1, 2, 19, 3800.00, NULL, NULL, NULL, NULL, NULL, NULL, NULL, NULL, NULL, NULL, 2.00, 1, '2025-02-24 22:39:30', '2025-02-24 22:39:30'),
(25, 2, 22, '2021-02-02', 1, 2, 20, 4000.00, NULL, NULL, NULL, NULL, NULL, NULL, NULL, NULL, NULL, NULL, 1.00, 1, '2025-02-24 23:07:16', '2025-02-24 23:07:16'),
(26, 2, 23, '2024-11-01', 1, 2, 22, 4600.00, NULL, NULL, NULL, NULL, NULL, NULL, NULL, NULL, NULL, NULL, 2.00, 1, '2025-02-24 23:15:08', '2025-02-24 23:15:08'),
(28, 2, 25, '2022-12-03', 1, 2, 24, 2400.00, NULL, NULL, NULL, NULL, NULL, NULL, NULL, NULL, NULL, NULL, 2.00, 1, '2025-02-24 23:37:06', '2025-05-02 10:42:23'),
(29, 2, 26, '2024-10-01', 1, 2, 60, 2800.00, NULL, NULL, NULL, NULL, NULL, NULL, NULL, NULL, NULL, NULL, 2.00, 1, '2025-02-24 23:38:04', '2025-05-02 10:42:45'),
(30, 2, 27, '2016-05-08', 1, 2, 25, 2400.00, NULL, NULL, NULL, NULL, NULL, NULL, NULL, NULL, NULL, NULL, 2.00, 1, '2025-02-24 23:48:57', '2025-05-02 10:43:45'),
(31, 2, 28, '2024-06-01', 1, 2, 61, 2400.00, NULL, NULL, NULL, NULL, NULL, NULL, NULL, NULL, NULL, NULL, 2.00, 1, '2025-02-24 23:49:54', '2025-05-02 10:44:13'),
(32, 2, 29, '2018-06-01', 1, 2, 26, 4200.00, NULL, NULL, NULL, NULL, NULL, NULL, NULL, NULL, NULL, NULL, 1.00, 1, '2025-02-25 00:01:46', '2025-02-25 00:01:46'),
(33, 2, 30, '2023-07-15', 1, 2, 27, 4000.00, NULL, NULL, NULL, NULL, NULL, NULL, NULL, NULL, NULL, NULL, 2.00, 1, '2025-02-25 00:14:44', '2025-03-11 10:28:15'),
(34, 2, 31, '2018-07-01', 1, 2, 28, 4500.00, NULL, NULL, NULL, NULL, NULL, NULL, NULL, NULL, NULL, NULL, 2.00, 1, '2025-02-25 00:24:10', '2025-02-25 00:24:10'),
(35, 2, 32, '2024-11-01', 1, 3, 29, 4800.00, NULL, NULL, NULL, NULL, NULL, NULL, NULL, NULL, NULL, NULL, 2.00, 1, '2025-02-25 00:33:48', '2025-05-02 10:45:12'),
(36, 2, 33, '2025-01-01', 1, 3, 30, 1750.00, NULL, NULL, NULL, NULL, NULL, NULL, NULL, NULL, NULL, NULL, 1.00, 1, '2025-02-25 00:43:02', '2025-03-06 10:54:25'),
(37, 2, 34, '2022-04-05', 1, 3, 31, 5500.00, NULL, NULL, NULL, NULL, NULL, NULL, NULL, NULL, NULL, NULL, 1.00, 1, '2025-02-25 00:50:44', '2025-05-02 10:46:11'),
(38, 2, 35, '2023-03-01', 1, 3, 32, 1750.00, NULL, NULL, NULL, NULL, NULL, NULL, NULL, NULL, NULL, NULL, 2.00, 1, '2025-02-25 01:02:38', '2025-02-25 01:02:38'),
(39, 2, 36, '2024-11-01', 1, 3, 63, 1750.00, NULL, NULL, NULL, NULL, NULL, NULL, NULL, NULL, NULL, NULL, 2.00, 1, '2025-02-25 01:04:24', '2025-02-25 01:04:24'),
(40, 2, 37, '2022-11-01', 1, 3, 33, 2100.00, NULL, NULL, NULL, NULL, NULL, NULL, NULL, NULL, NULL, NULL, 2.00, 1, '2025-02-25 01:18:49', '2025-02-25 01:18:49'),
(41, 2, 38, '2024-07-01', 1, 3, 64, 2100.00, NULL, NULL, NULL, NULL, NULL, NULL, NULL, NULL, NULL, NULL, 2.00, 1, '2025-02-25 01:19:48', '2025-02-25 01:19:48'),
(42, 2, 39, '2021-12-31', 1, 3, 34, 4800.00, NULL, NULL, NULL, NULL, NULL, NULL, NULL, NULL, NULL, NULL, 1.00, 1, '2025-02-25 01:27:13', '2025-05-02 10:46:59'),
(43, 2, 40, '2025-02-01', 1, 3, 35, 4600.00, NULL, NULL, NULL, NULL, NULL, NULL, NULL, NULL, NULL, NULL, 1.00, 0, '2025-02-25 01:31:36', '2025-04-08 03:35:00'),
(44, 2, 41, '2023-06-06', 1, 3, 36, 4200.00, NULL, NULL, NULL, NULL, NULL, NULL, NULL, NULL, NULL, NULL, 2.00, 1, '2025-02-25 01:43:29', '2025-02-25 01:43:29'),
(45, 2, 42, '2023-03-01', 1, 3, 37, 4800.00, NULL, NULL, NULL, NULL, NULL, NULL, NULL, NULL, NULL, NULL, 2.00, 1, '2025-02-25 01:54:30', '2025-05-02 10:48:34'),
(46, 2, 43, '2023-06-24', 1, 3, 38, 4400.00, NULL, NULL, NULL, NULL, NULL, NULL, NULL, NULL, NULL, NULL, 1.00, 1, '2025-02-25 02:01:53', '2025-05-02 10:49:08'),
(48, 2, 44, '2022-04-07', 1, 3, 39, 4400.00, 200.00, NULL, NULL, NULL, NULL, NULL, NULL, NULL, NULL, NULL, 2.00, 1, '2025-02-25 02:26:50', '2025-05-20 02:37:34'),
(49, 2, 45, '2019-07-01', 1, 3, 40, 2000.00, NULL, NULL, NULL, NULL, NULL, NULL, NULL, NULL, NULL, NULL, 2.00, 1, '2025-02-25 02:29:49', '2025-02-25 02:29:49'),
(50, 2, 46, '2024-11-01', 1, 3, 65, 2100.00, NULL, NULL, NULL, NULL, NULL, NULL, NULL, NULL, NULL, NULL, 2.00, 1, '2025-02-25 02:30:52', '2025-02-25 02:30:52'),
(51, 2, 47, '2025-01-01', 1, 3, 41, 2100.00, NULL, NULL, NULL, NULL, NULL, NULL, NULL, NULL, NULL, NULL, 2.00, 1, '2025-02-25 02:41:17', '2025-02-25 02:41:17'),
(52, 2, 48, '2025-01-07', 1, 3, 66, 2100.00, NULL, NULL, NULL, NULL, NULL, NULL, NULL, NULL, NULL, NULL, 2.00, 1, '2025-02-25 02:44:02', '2025-02-25 02:44:02'),
(53, 2, 11, '2018-05-05', 1, 1, 9, 4500.00, NULL, NULL, NULL, NULL, NULL, NULL, NULL, NULL, NULL, NULL, 2.00, 1, '2025-02-25 02:47:35', '2025-02-25 02:47:35'),
(54, 2, 24, '2023-11-10', 1, 2, 23, 4200.00, NULL, NULL, NULL, NULL, NULL, NULL, NULL, NULL, NULL, NULL, 2.00, 1, '2025-02-25 02:53:53', '2025-02-25 02:53:53'),
(56, 2, 50, '2024-06-01', 1, 4, 43, 1700.00, NULL, NULL, NULL, NULL, NULL, NULL, NULL, NULL, NULL, NULL, 2.00, 1, '2025-02-25 03:19:10', '2025-02-25 03:19:10'),
(57, 2, 51, '2024-11-01', 1, 4, 67, 1700.00, NULL, NULL, NULL, NULL, NULL, NULL, NULL, NULL, NULL, NULL, 2.00, 0, '2025-02-25 03:20:14', '2025-04-08 05:54:26'),
(58, 2, 52, '2024-08-01', 1, 4, 44, 1700.00, NULL, NULL, NULL, NULL, NULL, NULL, NULL, NULL, NULL, NULL, 1.00, 0, '2025-02-25 03:28:43', '2025-04-08 05:01:33'),
(59, 2, 53, '2022-02-26', 1, 4, 45, 4000.00, NULL, NULL, NULL, NULL, NULL, NULL, NULL, NULL, NULL, NULL, 1.00, 1, '2025-02-25 03:35:56', '2025-02-25 03:35:56'),
(60, 2, 54, '2024-07-01', 1, 4, 46, 3400.00, NULL, NULL, NULL, NULL, NULL, NULL, NULL, NULL, NULL, NULL, 2.00, 1, '2025-02-25 03:52:12', '2025-05-02 10:29:23'),
(61, 2, 55, '2024-11-01', 1, 4, 47, 3000.00, NULL, NULL, NULL, NULL, NULL, NULL, NULL, NULL, NULL, NULL, 2.00, 1, '2025-02-25 04:09:54', '2025-02-25 04:09:54'),
(62, 2, 56, '2025-12-01', 1, 4, 69, 2000.00, NULL, NULL, NULL, NULL, NULL, NULL, NULL, NULL, NULL, NULL, 1.00, 1, '2025-02-25 04:10:44', '2025-02-25 04:10:44'),
(63, 2, 57, '2024-09-01', 1, 4, 48, 4000.00, NULL, NULL, NULL, NULL, NULL, NULL, NULL, NULL, NULL, NULL, 2.00, 1, '2025-02-25 04:27:51', '2025-02-25 04:27:51'),
(64, 2, 58, '2022-03-01', 1, 4, 49, 4000.00, NULL, NULL, NULL, NULL, NULL, NULL, NULL, NULL, NULL, NULL, 1.00, 1, '2025-02-25 04:41:12', '2025-02-25 04:41:12'),
(65, 2, 59, '2025-01-01', 1, 4, 50, 4000.00, NULL, NULL, NULL, NULL, NULL, NULL, NULL, NULL, NULL, NULL, 1.00, 1, '2025-02-25 04:44:10', '2025-02-25 04:44:10'),
(66, 2, 60, '2025-02-01', 1, 4, 51, 4800.00, NULL, NULL, NULL, NULL, NULL, NULL, NULL, NULL, NULL, NULL, 2.00, 1, '2025-02-25 04:53:54', '2025-02-25 04:53:54'),
(67, 2, 61, '2023-02-27', 1, 4, 52, 4000.00, NULL, NULL, NULL, NULL, NULL, NULL, NULL, NULL, NULL, NULL, 2.00, 1, '2025-02-25 05:00:41', '2025-02-25 05:00:41'),
(73, 2, 64, '2024-12-01', 2, 5, 70, 5000.00, NULL, NULL, NULL, NULL, NULL, NULL, NULL, NULL, NULL, NULL, 3.00, 1, '2025-02-26 01:25:58', '2025-02-26 01:25:58'),
(74, 2, 65, '2024-11-01', 2, 5, 71, 4500.00, NULL, NULL, NULL, NULL, NULL, NULL, NULL, NULL, NULL, NULL, 1.00, 1, '2025-02-26 01:31:04', '2025-02-26 01:31:04'),
(75, 2, 66, '2025-02-01', 2, 5, 73, 4200.00, NULL, NULL, NULL, NULL, NULL, NULL, NULL, NULL, NULL, NULL, 2.00, 1, '2025-02-26 01:43:06', '2025-02-26 01:43:06'),
(76, 2, 67, '2021-01-01', 2, 5, 74, 4200.00, NULL, NULL, NULL, NULL, NULL, NULL, NULL, NULL, NULL, NULL, 1.00, 1, '2025-02-26 01:48:28', '2025-02-26 01:48:28'),
(77, 2, 68, '2023-08-06', 2, 5, 75, 2100.00, NULL, NULL, NULL, NULL, NULL, NULL, NULL, NULL, NULL, NULL, 1.00, 1, '2025-02-26 02:01:53', '2025-02-26 02:01:53'),
(78, 2, 69, '2025-02-01', 2, 5, 81, 2100.00, NULL, NULL, NULL, NULL, NULL, NULL, NULL, NULL, NULL, NULL, 1.00, 0, '2025-02-26 02:03:01', '2025-04-08 05:59:40'),
(79, 2, 70, '2021-06-29', 2, 5, 76, 4200.00, NULL, NULL, NULL, NULL, NULL, NULL, NULL, NULL, NULL, NULL, 1.00, 1, '2025-02-26 02:15:23', '2025-02-26 02:15:23'),
(80, 2, 71, '2022-02-01', 2, 5, 77, 4600.00, NULL, NULL, NULL, NULL, NULL, NULL, NULL, NULL, NULL, NULL, 1.00, 1, '2025-02-26 02:22:01', '2025-02-26 02:22:01'),
(81, 2, 72, '2024-08-01', 2, 5, 78, 4000.00, NULL, NULL, NULL, NULL, NULL, NULL, NULL, NULL, NULL, NULL, 2.00, 1, '2025-02-26 02:24:49', '2025-02-26 02:24:49'),
(82, 2, 73, '2025-01-01', 2, 5, 79, 4200.00, NULL, NULL, NULL, NULL, NULL, NULL, NULL, NULL, NULL, NULL, 2.00, 1, '2025-02-26 02:31:03', '2025-02-26 02:31:03'),
(83, 2, 74, '2017-08-01', 2, 5, 80, 4600.00, NULL, NULL, NULL, NULL, NULL, NULL, NULL, NULL, NULL, NULL, 1.00, 1, '2025-02-26 02:34:24', '2025-02-26 02:34:24'),
(84, 2, 75, '2023-08-01', 3, 6, 82, 9000.00, NULL, 300.00, 1080.00, NULL, NULL, NULL, NULL, NULL, 100.00, NULL, 1.00, 1, '2025-02-26 05:16:32', '2025-02-26 05:16:32'),
(86, 2, 76, '2022-04-02', 3, 7, 83, 9000.00, NULL, 300.00, 600.00, NULL, NULL, NULL, NULL, NULL, 100.00, NULL, 3.00, 1, '2025-02-26 05:25:36', '2025-02-26 05:25:36'),
(87, 2, 77, '2024-01-01', 3, 7, 85, 8500.00, NULL, 300.00, 600.00, NULL, NULL, NULL, NULL, NULL, 100.00, NULL, 3.00, 1, '2025-02-26 05:30:22', '2025-02-26 05:30:22'),
(88, 2, 78, '2019-04-01', 3, 7, 86, 8000.00, NULL, 300.00, 600.00, NULL, NULL, NULL, NULL, NULL, 100.00, NULL, 3.00, 1, '2025-02-26 05:36:13', '2025-02-26 05:36:13'),
(89, 2, 79, '2025-01-01', 3, 7, 87, 8000.00, NULL, 300.00, 600.00, NULL, NULL, NULL, NULL, NULL, 100.00, NULL, 5.00, 0, '2025-02-26 05:46:13', '2025-04-02 01:07:13'),
(90, 2, 80, '2017-05-08', 3, 8, 88, 9000.00, NULL, 300.00, 600.00, NULL, NULL, NULL, NULL, NULL, 100.00, NULL, 4.00, 1, '2025-02-26 06:01:25', '2025-02-26 06:01:25'),
(91, 2, 81, '2024-03-01', 3, 8, 89, 8500.00, NULL, 300.00, 600.00, NULL, NULL, NULL, NULL, NULL, 100.00, NULL, 4.00, 1, '2025-02-26 06:10:39', '2025-02-26 06:10:39'),
(92, 2, 82, '2023-01-01', 3, 8, 90, 8000.00, NULL, 300.00, 600.00, NULL, NULL, NULL, NULL, NULL, 100.00, NULL, 4.00, 1, '2025-02-26 06:15:15', '2025-02-26 06:15:15'),
(93, 2, 83, '2023-08-28', 3, 8, 91, 8000.00, NULL, 200.00, 600.00, NULL, NULL, NULL, NULL, NULL, NULL, NULL, 3.00, 1, '2025-02-26 06:19:24', '2025-02-26 06:19:24'),
(94, 2, 84, '2019-08-01', 3, 9, 92, 9000.00, NULL, 300.00, 600.00, NULL, NULL, NULL, NULL, NULL, 100.00, NULL, 5.00, 1, '2025-02-26 06:23:37', '2025-02-26 06:23:37'),
(95, 2, 85, '2023-11-11', 3, 9, 93, 8500.00, NULL, 200.00, 600.00, NULL, NULL, NULL, NULL, NULL, NULL, NULL, 3.00, 1, '2025-02-26 06:27:58', '2025-02-26 06:27:58'),
(96, 2, 86, '2024-05-01', 3, 9, 94, 8500.00, NULL, 300.00, 600.00, NULL, NULL, NULL, NULL, NULL, 100.00, NULL, 4.00, 1, '2025-02-26 06:33:41', '2025-02-26 06:33:41'),
(97, 2, 87, '2025-01-01', 3, 9, 95, 8000.00, NULL, 300.00, 600.00, NULL, NULL, NULL, NULL, NULL, 100.00, NULL, 4.00, 1, '2025-02-26 06:39:09', '2025-05-15 11:07:02'),
(98, 2, 88, '2022-12-01', 4, 10, 96, 6000.00, NULL, NULL, NULL, NULL, NULL, NULL, NULL, NULL, NULL, NULL, 4.00, 0, '2025-02-26 06:45:15', '2025-04-08 06:54:23'),
(99, 2, 89, '2009-02-02', 4, 10, 98, 8000.00, NULL, NULL, NULL, NULL, NULL, NULL, NULL, NULL, NULL, NULL, 4.00, 1, '2025-02-26 06:50:27', '2025-02-26 06:50:27'),
(100, 2, 90, '2024-12-01', 4, 10, 99, 6000.00, NULL, NULL, NULL, NULL, NULL, NULL, NULL, NULL, NULL, NULL, 3.00, 0, '2025-02-26 07:04:01', '2025-05-01 01:46:48'),
(101, 2, 91, '2023-11-01', 4, 10, 101, 7500.00, NULL, NULL, NULL, NULL, NULL, NULL, NULL, NULL, NULL, NULL, 5.00, 1, '2025-02-26 07:07:41', '2025-04-18 04:36:24'),
(102, 2, 92, '2023-11-01', 4, 10, 102, 6000.00, NULL, NULL, NULL, NULL, NULL, NULL, NULL, NULL, NULL, NULL, 3.00, 1, '2025-02-26 07:11:59', '2025-02-26 23:11:54'),
(104, 2, 63, '2024-05-01', 1, 4, 54, 2000.00, NULL, NULL, NULL, NULL, NULL, NULL, NULL, NULL, NULL, NULL, 2.00, 1, '2025-03-01 10:14:30', '2025-03-01 10:14:30'),
(105, 2, 94, '2024-11-01', 1, 4, 115, 2000.00, NULL, NULL, NULL, NULL, NULL, NULL, NULL, NULL, NULL, NULL, 2.00, 1, '2025-03-01 10:39:16', '2025-03-01 10:39:16'),
(107, 2, 62, '2024-03-01', 1, 4, 53, 5500.00, NULL, NULL, NULL, NULL, NULL, NULL, NULL, NULL, NULL, NULL, 4.00, 1, '2025-03-02 07:24:46', '2025-03-02 07:24:46'),
(108, 2, 95, '2025-03-01', 1, 4, 68, 1700.00, NULL, NULL, NULL, NULL, NULL, NULL, NULL, NULL, NULL, NULL, 2.00, 0, '2025-03-02 09:59:50', '2025-05-02 09:15:42'),
(109, 2, 96, '2024-12-01', 2, 5, 72, 4500.00, NULL, NULL, NULL, NULL, NULL, NULL, NULL, NULL, NULL, NULL, 2.00, 0, '2025-03-03 03:21:02', '2025-04-17 02:27:15'),
(110, 2, 97, '2025-03-01', 1, 2, 21, 5800.00, NULL, NULL, NULL, NULL, NULL, NULL, NULL, NULL, NULL, NULL, 3.00, 1, '2025-03-03 10:18:09', '2025-03-03 10:18:09'),
(111, 2, 98, '2025-03-10', 1, 3, 62, 1750.00, NULL, NULL, NULL, NULL, NULL, NULL, NULL, NULL, NULL, NULL, 2.00, 0, '2025-03-10 10:45:20', '2025-05-02 09:45:34'),
(112, 2, 99, '2025-03-01', 1, 1, 56, 2300.00, NULL, NULL, NULL, NULL, NULL, NULL, NULL, NULL, NULL, NULL, 2.00, 0, '2025-03-10 11:22:14', '2025-05-02 08:50:49'),
(113, 2, 101, '2025-04-01', 1, 3, 35, 4800.00, NULL, NULL, NULL, NULL, NULL, NULL, NULL, NULL, NULL, NULL, 2.00, 1, '2025-04-08 04:58:24', '2025-04-08 04:58:24'),
(114, 2, 69, '2025-04-01', 1, 4, 67, 1700.00, NULL, NULL, NULL, NULL, NULL, NULL, NULL, NULL, NULL, NULL, 2.00, 1, '2025-04-08 06:03:04', '2025-04-08 06:03:04'),
(115, 2, 102, '2025-04-01', 2, 5, 81, 2100.00, NULL, NULL, NULL, NULL, NULL, NULL, NULL, NULL, NULL, NULL, 2.00, 1, '2025-04-08 06:30:16', '2025-04-08 06:30:16'),
(117, 2, 88, '2025-04-01', 4, 10, 97, 8000.00, NULL, NULL, NULL, NULL, NULL, NULL, NULL, NULL, NULL, NULL, 4.00, 1, '2025-04-08 07:01:45', '2025-04-08 07:01:45'),
(118, 2, 103, '2025-04-01', 4, 10, 96, 6000.00, NULL, NULL, NULL, NULL, NULL, NULL, NULL, NULL, NULL, NULL, 2.00, 1, '2025-04-08 07:22:38', '2025-04-08 07:22:38'),
(119, 2, 104, '2025-01-02', 2, 5, 72, 4500.00, NULL, NULL, NULL, NULL, NULL, NULL, NULL, NULL, NULL, NULL, 2.00, 1, '2025-04-17 03:18:56', '2025-04-17 03:18:56'),
(121, 2, 49, '2024-07-01', 1, 4, 42, 5800.00, NULL, NULL, NULL, NULL, NULL, NULL, NULL, NULL, NULL, NULL, 3.00, 1, '2025-04-17 05:53:47', '2025-05-02 10:00:06'),
(122, 2, 105, '2025-04-16', 1, 2, 59, 2400.00, NULL, NULL, NULL, NULL, NULL, NULL, NULL, NULL, NULL, NULL, 2.00, 1, '2025-04-17 06:20:45', '2025-04-17 06:20:45'),
(123, 2, 106, '2025-04-01', 3, 7, 87, 8000.00, NULL, 300.00, 600.00, NULL, NULL, NULL, NULL, NULL, 100.00, NULL, 3.00, 1, '2025-04-17 06:52:11', '2025-04-17 06:52:11'),
(124, 2, 108, '2025-04-01', 5, 11, 105, 4200.00, NULL, NULL, NULL, NULL, NULL, NULL, NULL, NULL, NULL, NULL, 3.00, 1, '2025-04-27 03:04:00', '2025-04-27 03:04:00'),
(125, 2, 109, '2025-04-01', 5, 11, 106, 1400.00, NULL, NULL, NULL, NULL, NULL, NULL, NULL, NULL, NULL, NULL, 3.00, 1, '2025-04-27 03:08:48', '2025-04-27 03:08:48'),
(126, 2, 110, '2025-04-01', 5, 11, 116, 1400.00, NULL, NULL, NULL, NULL, NULL, NULL, NULL, NULL, NULL, NULL, 3.00, 1, '2025-04-27 03:14:42', '2025-04-27 03:14:42'),
(128, 2, 112, '2025-04-01', 5, 11, 107, 1400.00, NULL, NULL, NULL, NULL, NULL, NULL, NULL, NULL, NULL, NULL, 3.00, 1, '2025-04-27 03:34:24', '2025-04-27 03:34:24'),
(129, 2, 113, '2025-04-01', 5, 11, 118, 1400.00, NULL, NULL, NULL, NULL, NULL, NULL, NULL, NULL, NULL, NULL, 3.00, 1, '2025-04-27 03:38:48', '2025-04-27 03:38:48'),
(130, 2, 114, '2025-04-01', 5, 11, 113, 1400.00, NULL, NULL, NULL, NULL, NULL, NULL, NULL, NULL, NULL, NULL, 2.00, 1, '2025-04-27 03:46:53', '2025-04-27 03:46:53'),
(131, 2, 115, '2025-04-01', 5, 11, 120, 1400.00, NULL, NULL, NULL, NULL, NULL, NULL, NULL, NULL, NULL, NULL, 2.00, 1, '2025-04-27 03:54:59', '2025-04-27 03:54:59'),
(132, 2, 116, '2025-04-01', 5, 11, 114, 1400.00, NULL, NULL, NULL, NULL, NULL, NULL, NULL, NULL, NULL, NULL, 2.00, 1, '2025-04-27 04:02:57', '2025-04-27 04:02:57'),
(133, 2, 117, '2025-04-01', 5, 11, 121, 1400.00, NULL, NULL, NULL, NULL, NULL, NULL, NULL, NULL, NULL, NULL, 2.00, 1, '2025-04-27 04:03:25', '2025-04-27 04:03:25'),
(134, 2, 107, '2025-04-01', 4, 10, 99, 9500.00, NULL, NULL, NULL, NULL, NULL, NULL, NULL, NULL, NULL, NULL, 7.00, 1, '2025-05-01 01:55:02', '2025-05-01 01:55:02'),
(136, 2, 118, '2025-05-01', 1, 1, 56, 2300.00, NULL, NULL, NULL, NULL, NULL, NULL, NULL, NULL, NULL, NULL, 2.00, 1, '2025-05-02 08:55:17', '2025-05-02 08:55:17'),
(137, 2, 99, '2025-05-01', 1, 1, 12, 2100.00, NULL, NULL, NULL, NULL, NULL, NULL, NULL, NULL, NULL, NULL, 2.00, 1, '2025-05-02 08:57:30', '2025-05-02 08:57:30'),
(138, 2, 95, '2025-05-01', 1, 4, 122, 2000.00, NULL, NULL, NULL, NULL, NULL, NULL, NULL, NULL, NULL, NULL, 2.00, 1, '2025-05-02 09:25:57', '2025-05-02 09:25:57'),
(139, 2, 119, '2025-04-20', 5, 11, 117, 1400.00, NULL, NULL, NULL, NULL, NULL, NULL, NULL, NULL, NULL, NULL, 3.00, 1, '2025-05-03 01:34:00', '2025-05-03 01:34:00'),
(140, 2, 120, '2025-05-01', 1, 3, 62, 1750.00, NULL, NULL, NULL, NULL, NULL, NULL, NULL, NULL, NULL, NULL, 2.00, 1, '2025-05-05 01:26:56', '2025-05-05 01:26:56');

-- --------------------------------------------------------

--
-- Table structure for table `rent_adjustments`
--

CREATE TABLE `rent_adjustments` (
  `id` bigint(20) UNSIGNED NOT NULL,
  `user_id` bigint(20) UNSIGNED NOT NULL,
  `rent_id` bigint(20) UNSIGNED NOT NULL,
  `renter_id` bigint(20) UNSIGNED NOT NULL,
  `adjustment_date` date NOT NULL,
  `month` int(11) NOT NULL,
  `year` int(11) NOT NULL,
  `monthly_rent` decimal(10,2) NOT NULL,
  `electracity_bill` decimal(10,2) DEFAULT NULL,
  `water_bill` decimal(10,2) DEFAULT NULL,
  `gas_bill` decimal(10,2) DEFAULT NULL,
  `gatmanbill` decimal(10,2) DEFAULT NULL,
  `lift_bill` decimal(10,2) DEFAULT NULL,
  `garage_bill` decimal(10,2) DEFAULT NULL,
  `service_charge` decimal(10,2) DEFAULT NULL,
  `note` text DEFAULT NULL,
  `created_at` timestamp NULL DEFAULT NULL,
  `updated_at` timestamp NULL DEFAULT NULL
) ENGINE=InnoDB DEFAULT CHARSET=utf8mb4 COLLATE=utf8mb4_unicode_ci;

--
-- Dumping data for table `rent_adjustments`
--

INSERT INTO `rent_adjustments` (`id`, `user_id`, `rent_id`, `renter_id`, `adjustment_date`, `month`, `year`, `monthly_rent`, `electracity_bill`, `water_bill`, `gas_bill`, `gatmanbill`, `lift_bill`, `garage_bill`, `service_charge`, `note`, `created_at`, `updated_at`) VALUES
(4, 2, 4, 4, '2025-02-14', 7, 2024, 2000.00, NULL, NULL, NULL, NULL, NULL, NULL, NULL, NULL, '2025-02-14 03:55:04', '2025-02-14 03:55:04'),
(6, 2, 6, 2, '2025-02-14', 11, 2024, 4800.00, NULL, NULL, NULL, NULL, NULL, NULL, NULL, NULL, '2025-02-14 04:05:03', '2025-02-14 04:05:03'),
(7, 2, 7, 3, '2025-02-14', 7, 2024, 2000.00, NULL, NULL, NULL, NULL, NULL, NULL, NULL, NULL, '2025-02-14 04:06:16', '2025-02-14 04:06:16'),
(8, 2, 8, 5, '2025-02-14', 7, 2024, 4800.00, NULL, NULL, NULL, NULL, NULL, NULL, NULL, NULL, '2025-02-14 04:17:02', '2025-02-14 04:17:02'),
(9, 2, 9, 6, '2025-02-24', 12, 2022, 2300.00, NULL, NULL, NULL, NULL, NULL, NULL, NULL, NULL, '2025-02-24 03:09:28', '2025-02-24 03:09:28'),
(10, 2, 10, 7, '2025-02-24', 6, 2018, 4000.00, NULL, NULL, NULL, NULL, NULL, NULL, NULL, NULL, '2025-02-24 03:11:30', '2025-02-24 03:11:30'),
(11, 2, 11, 8, '2025-02-24', 4, 2024, 7000.00, NULL, NULL, NULL, NULL, NULL, NULL, NULL, NULL, '2025-02-24 03:18:26', '2025-02-24 03:18:26'),
(12, 2, 12, 9, '2025-05-07', 1, 2024, 5600.00, NULL, NULL, NULL, NULL, NULL, NULL, NULL, NULL, '2025-02-24 03:32:02', '2025-05-07 03:41:56'),
(13, 2, 13, 10, '2025-02-24', 10, 2021, 4200.00, NULL, NULL, NULL, NULL, NULL, NULL, NULL, NULL, '2025-02-24 03:41:04', '2025-02-24 03:41:04'),
(15, 2, 15, 14, '2025-02-24', 11, 2024, 4500.00, NULL, NULL, NULL, NULL, NULL, NULL, NULL, NULL, '2025-02-24 04:47:49', '2025-02-24 04:47:49'),
(16, 2, 16, 15, '2025-02-24', 3, 2023, 4200.00, NULL, NULL, NULL, NULL, NULL, NULL, NULL, NULL, '2025-02-24 05:09:25', '2025-02-24 05:09:25'),
(17, 2, 17, 16, '2025-05-01', 12, 2024, 2100.00, NULL, NULL, NULL, NULL, NULL, NULL, NULL, NULL, '2025-02-24 05:20:31', '2025-05-01 01:36:56'),
(18, 2, 18, 17, '2025-02-24', 12, 2024, 2100.00, NULL, NULL, NULL, NULL, NULL, NULL, NULL, NULL, '2025-02-24 05:22:12', '2025-02-24 05:22:12'),
(19, 2, 19, 12, '2025-05-02', 6, 2023, 2400.00, NULL, NULL, NULL, NULL, NULL, NULL, NULL, NULL, '2025-02-24 05:24:55', '2025-05-02 10:38:40'),
(20, 2, 20, 13, '2025-05-02', 2, 2022, 2400.00, NULL, NULL, NULL, NULL, NULL, NULL, NULL, NULL, '2025-02-24 05:27:13', '2025-05-02 10:38:15'),
(21, 2, 21, 18, '2025-02-25', 3, 2024, 3200.00, NULL, NULL, NULL, NULL, NULL, NULL, NULL, NULL, '2025-02-24 21:48:59', '2025-02-24 21:48:59'),
(22, 2, 22, 19, '2025-05-02', 1, 2010, 2400.00, NULL, NULL, NULL, NULL, NULL, NULL, NULL, NULL, '2025-02-24 22:07:51', '2025-05-02 10:40:07'),
(23, 2, 23, 20, '2025-04-08', 3, 2023, 2300.00, NULL, NULL, NULL, NULL, NULL, NULL, NULL, NULL, '2025-02-24 22:08:47', '2025-04-08 05:32:54'),
(24, 2, 24, 21, '2025-02-25', 1, 2025, 3800.00, NULL, NULL, NULL, NULL, NULL, NULL, NULL, NULL, '2025-02-24 22:39:30', '2025-02-24 22:39:30'),
(25, 2, 25, 22, '2025-02-25', 2, 2021, 4000.00, NULL, NULL, NULL, NULL, NULL, NULL, NULL, NULL, '2025-02-24 23:07:16', '2025-02-24 23:07:16'),
(26, 2, 26, 23, '2025-02-25', 11, 2024, 4600.00, NULL, NULL, NULL, NULL, NULL, NULL, NULL, NULL, '2025-02-24 23:15:08', '2025-02-24 23:15:08'),
(28, 2, 28, 25, '2025-05-02', 12, 2022, 2400.00, NULL, NULL, NULL, NULL, NULL, NULL, NULL, NULL, '2025-02-24 23:37:06', '2025-05-02 10:42:23'),
(29, 2, 29, 26, '2025-05-02', 10, 2024, 2800.00, NULL, NULL, NULL, NULL, NULL, NULL, NULL, NULL, '2025-02-24 23:38:04', '2025-05-02 10:42:45'),
(30, 2, 30, 27, '2025-05-02', 5, 2016, 2400.00, NULL, NULL, NULL, NULL, NULL, NULL, NULL, NULL, '2025-02-24 23:48:57', '2025-05-02 10:43:45'),
(31, 2, 31, 28, '2025-05-02', 6, 2024, 2400.00, NULL, NULL, NULL, NULL, NULL, NULL, NULL, NULL, '2025-02-24 23:49:54', '2025-05-02 10:44:13'),
(32, 2, 32, 29, '2025-02-25', 6, 2018, 4200.00, NULL, NULL, NULL, NULL, NULL, NULL, NULL, NULL, '2025-02-25 00:01:46', '2025-02-25 00:01:46'),
(33, 2, 33, 30, '2025-03-11', 7, 2023, 4000.00, NULL, NULL, NULL, NULL, NULL, NULL, NULL, NULL, '2025-02-25 00:14:44', '2025-03-11 10:28:15'),
(34, 2, 34, 31, '2025-02-25', 7, 2018, 4500.00, NULL, NULL, NULL, NULL, NULL, NULL, NULL, NULL, '2025-02-25 00:24:10', '2025-02-25 00:24:10'),
(35, 2, 35, 32, '2025-05-02', 11, 2024, 4800.00, NULL, NULL, NULL, NULL, NULL, NULL, NULL, NULL, '2025-02-25 00:33:48', '2025-05-02 10:45:12'),
(36, 2, 36, 33, '2025-03-06', 1, 2025, 1750.00, NULL, NULL, NULL, NULL, NULL, NULL, NULL, NULL, '2025-02-25 00:43:02', '2025-03-06 10:54:25'),
(37, 2, 37, 34, '2025-05-02', 4, 2022, 5500.00, NULL, NULL, NULL, NULL, NULL, NULL, NULL, NULL, '2025-02-25 00:50:44', '2025-05-02 10:46:11'),
(38, 2, 38, 35, '2025-02-25', 3, 2023, 1750.00, NULL, NULL, NULL, NULL, NULL, NULL, NULL, NULL, '2025-02-25 01:02:38', '2025-02-25 01:02:38'),
(39, 2, 39, 36, '2025-02-25', 11, 2024, 1750.00, NULL, NULL, NULL, NULL, NULL, NULL, NULL, NULL, '2025-02-25 01:04:24', '2025-02-25 01:04:24'),
(40, 2, 40, 37, '2025-02-25', 11, 2022, 2100.00, NULL, NULL, NULL, NULL, NULL, NULL, NULL, NULL, '2025-02-25 01:18:49', '2025-02-25 01:18:49'),
(41, 2, 41, 38, '2025-02-25', 7, 2024, 2100.00, NULL, NULL, NULL, NULL, NULL, NULL, NULL, NULL, '2025-02-25 01:19:48', '2025-02-25 01:19:48'),
(42, 2, 42, 39, '2025-05-02', 12, 2021, 4800.00, NULL, NULL, NULL, NULL, NULL, NULL, NULL, NULL, '2025-02-25 01:27:13', '2025-05-02 10:46:59'),
(43, 2, 43, 40, '2025-04-08', 2, 2025, 4600.00, NULL, NULL, NULL, NULL, NULL, NULL, NULL, NULL, '2025-02-25 01:31:36', '2025-04-08 03:35:00'),
(44, 2, 44, 41, '2025-02-25', 6, 2023, 4200.00, NULL, NULL, NULL, NULL, NULL, NULL, NULL, NULL, '2025-02-25 01:43:29', '2025-02-25 01:43:29'),
(45, 2, 45, 42, '2025-05-02', 3, 2023, 4800.00, NULL, NULL, NULL, NULL, NULL, NULL, NULL, NULL, '2025-02-25 01:54:30', '2025-05-02 10:48:34'),
(46, 2, 46, 43, '2025-05-02', 6, 2023, 4400.00, NULL, NULL, NULL, NULL, NULL, NULL, NULL, NULL, '2025-02-25 02:01:53', '2025-05-02 10:49:08'),
(48, 2, 48, 44, '2025-05-20', 4, 2022, 4400.00, 200.00, NULL, NULL, NULL, NULL, NULL, NULL, NULL, '2025-02-25 02:26:50', '2025-05-20 02:37:34'),
(49, 2, 49, 45, '2025-02-25', 7, 2019, 2000.00, NULL, NULL, NULL, NULL, NULL, NULL, NULL, NULL, '2025-02-25 02:29:49', '2025-02-25 02:29:49'),
(50, 2, 50, 46, '2025-02-25', 11, 2024, 2100.00, NULL, NULL, NULL, NULL, NULL, NULL, NULL, NULL, '2025-02-25 02:30:52', '2025-02-25 02:30:52'),
(51, 2, 51, 47, '2025-02-25', 1, 2025, 2100.00, NULL, NULL, NULL, NULL, NULL, NULL, NULL, NULL, '2025-02-25 02:41:17', '2025-02-25 02:41:17'),
(52, 2, 52, 48, '2025-02-25', 1, 2025, 2100.00, NULL, NULL, NULL, NULL, NULL, NULL, NULL, NULL, '2025-02-25 02:44:03', '2025-02-25 02:44:03'),
(53, 2, 53, 11, '2025-02-25', 5, 2018, 4500.00, NULL, NULL, NULL, NULL, NULL, NULL, NULL, NULL, '2025-02-25 02:47:35', '2025-02-25 02:47:35'),
(54, 2, 54, 24, '2025-02-25', 11, 2023, 4200.00, NULL, NULL, NULL, NULL, NULL, NULL, NULL, NULL, '2025-02-25 02:53:54', '2025-02-25 02:53:54'),
(56, 2, 56, 50, '2025-02-25', 6, 2024, 1700.00, NULL, NULL, NULL, NULL, NULL, NULL, NULL, NULL, '2025-02-25 03:19:10', '2025-02-25 03:19:10'),
(57, 2, 57, 51, '2025-04-08', 11, 2024, 1700.00, NULL, NULL, NULL, NULL, NULL, NULL, NULL, NULL, '2025-02-25 03:20:14', '2025-04-08 05:54:26'),
(58, 2, 58, 52, '2025-04-08', 8, 2024, 1700.00, NULL, NULL, NULL, NULL, NULL, NULL, NULL, NULL, '2025-02-25 03:28:43', '2025-04-08 05:01:33'),
(59, 2, 59, 53, '2025-02-25', 2, 2022, 4000.00, NULL, NULL, NULL, NULL, NULL, NULL, NULL, NULL, '2025-02-25 03:35:56', '2025-02-25 03:35:56'),
(60, 2, 60, 54, '2025-05-02', 7, 2024, 3400.00, NULL, NULL, NULL, NULL, NULL, NULL, NULL, NULL, '2025-02-25 03:52:12', '2025-05-02 10:29:23'),
(61, 2, 61, 55, '2025-02-25', 11, 2024, 3000.00, NULL, NULL, NULL, NULL, NULL, NULL, NULL, NULL, '2025-02-25 04:09:54', '2025-02-25 04:09:54'),
(62, 2, 62, 56, '2025-02-25', 12, 2025, 2000.00, NULL, NULL, NULL, NULL, NULL, NULL, NULL, NULL, '2025-02-25 04:10:44', '2025-02-25 04:10:44'),
(63, 2, 63, 57, '2025-02-25', 9, 2024, 4000.00, NULL, NULL, NULL, NULL, NULL, NULL, NULL, NULL, '2025-02-25 04:27:51', '2025-02-25 04:27:51'),
(64, 2, 64, 58, '2025-02-25', 3, 2022, 4000.00, NULL, NULL, NULL, NULL, NULL, NULL, NULL, NULL, '2025-02-25 04:41:12', '2025-02-25 04:41:12'),
(65, 2, 65, 59, '2025-02-25', 1, 2025, 4000.00, NULL, NULL, NULL, NULL, NULL, NULL, NULL, NULL, '2025-02-25 04:44:10', '2025-02-25 04:44:10'),
(66, 2, 66, 60, '2025-02-25', 2, 2025, 4800.00, NULL, NULL, NULL, NULL, NULL, NULL, NULL, NULL, '2025-02-25 04:53:54', '2025-02-25 04:53:54'),
(67, 2, 67, 61, '2025-02-25', 2, 2023, 4000.00, NULL, NULL, NULL, NULL, NULL, NULL, NULL, NULL, '2025-02-25 05:00:41', '2025-02-25 05:00:41'),
(73, 2, 73, 64, '2025-02-26', 12, 2024, 5000.00, NULL, NULL, NULL, NULL, NULL, NULL, NULL, NULL, '2025-02-26 01:25:58', '2025-02-26 01:25:58'),
(74, 2, 74, 65, '2025-02-26', 11, 2024, 4500.00, NULL, NULL, NULL, NULL, NULL, NULL, NULL, NULL, '2025-02-26 01:31:04', '2025-02-26 01:31:04'),
(75, 2, 75, 66, '2025-02-26', 2, 2025, 4200.00, NULL, NULL, NULL, NULL, NULL, NULL, NULL, NULL, '2025-02-26 01:43:06', '2025-02-26 01:43:06'),
(76, 2, 76, 67, '2025-02-26', 1, 2021, 4200.00, NULL, NULL, NULL, NULL, NULL, NULL, NULL, NULL, '2025-02-26 01:48:28', '2025-02-26 01:48:28'),
(77, 2, 77, 68, '2025-02-26', 8, 2023, 2100.00, NULL, NULL, NULL, NULL, NULL, NULL, NULL, NULL, '2025-02-26 02:01:53', '2025-02-26 02:01:53'),
(78, 2, 78, 69, '2025-04-08', 2, 2025, 2100.00, NULL, NULL, NULL, NULL, NULL, NULL, NULL, NULL, '2025-02-26 02:03:01', '2025-04-08 05:59:40'),
(79, 2, 79, 70, '2025-02-26', 6, 2021, 4200.00, NULL, NULL, NULL, NULL, NULL, NULL, NULL, NULL, '2025-02-26 02:15:23', '2025-02-26 02:15:23'),
(80, 2, 80, 71, '2025-02-26', 2, 2022, 4600.00, NULL, NULL, NULL, NULL, NULL, NULL, NULL, NULL, '2025-02-26 02:22:01', '2025-02-26 02:22:01'),
(81, 2, 81, 72, '2025-02-26', 8, 2024, 4000.00, NULL, NULL, NULL, NULL, NULL, NULL, NULL, NULL, '2025-02-26 02:24:49', '2025-02-26 02:24:49'),
(82, 2, 82, 73, '2025-02-26', 1, 2025, 4200.00, NULL, NULL, NULL, NULL, NULL, NULL, NULL, NULL, '2025-02-26 02:31:03', '2025-02-26 02:31:03'),
(83, 2, 83, 74, '2025-02-26', 8, 2017, 4600.00, NULL, NULL, NULL, NULL, NULL, NULL, NULL, NULL, '2025-02-26 02:34:24', '2025-02-26 02:34:24'),
(84, 2, 84, 75, '2025-02-26', 8, 2023, 9000.00, NULL, 300.00, 1080.00, NULL, NULL, NULL, 100.00, NULL, '2025-02-26 05:16:32', '2025-02-26 05:16:32'),
(86, 2, 86, 76, '2025-02-26', 4, 2022, 9000.00, NULL, 300.00, 600.00, NULL, NULL, NULL, 100.00, NULL, '2025-02-26 05:25:36', '2025-02-26 05:25:36'),
(87, 2, 87, 77, '2025-02-26', 1, 2024, 8500.00, NULL, 300.00, 600.00, NULL, NULL, NULL, 100.00, NULL, '2025-02-26 05:30:22', '2025-02-26 05:30:22'),
(88, 2, 88, 78, '2025-02-26', 4, 2019, 8000.00, NULL, 300.00, 600.00, NULL, NULL, NULL, 100.00, NULL, '2025-02-26 05:36:13', '2025-02-26 05:36:13'),
(89, 2, 89, 79, '2025-04-02', 1, 2025, 8000.00, NULL, 300.00, 600.00, NULL, NULL, NULL, 100.00, NULL, '2025-02-26 05:46:13', '2025-04-02 01:07:13'),
(90, 2, 90, 80, '2025-02-26', 5, 2017, 9000.00, NULL, 300.00, 600.00, NULL, NULL, NULL, 100.00, NULL, '2025-02-26 06:01:25', '2025-02-26 06:01:25'),
(91, 2, 91, 81, '2025-02-26', 3, 2024, 8500.00, NULL, 300.00, 600.00, NULL, NULL, NULL, 100.00, NULL, '2025-02-26 06:10:39', '2025-02-26 06:10:39'),
(92, 2, 92, 82, '2025-02-26', 1, 2023, 8000.00, NULL, 300.00, 600.00, NULL, NULL, NULL, 100.00, NULL, '2025-02-26 06:15:15', '2025-02-26 06:15:15'),
(93, 2, 93, 83, '2025-02-26', 8, 2023, 8000.00, NULL, 200.00, 600.00, NULL, NULL, NULL, NULL, NULL, '2025-02-26 06:19:24', '2025-02-26 06:19:24'),
(94, 2, 94, 84, '2025-02-26', 8, 2019, 9000.00, NULL, 300.00, 600.00, NULL, NULL, NULL, 100.00, NULL, '2025-02-26 06:23:37', '2025-02-26 06:23:37'),
(95, 2, 95, 85, '2025-02-26', 11, 2023, 8500.00, NULL, 200.00, 600.00, NULL, NULL, NULL, NULL, NULL, '2025-02-26 06:27:58', '2025-02-26 06:27:58'),
(96, 2, 96, 86, '2025-02-26', 5, 2024, 8500.00, NULL, 300.00, 600.00, NULL, NULL, NULL, 100.00, NULL, '2025-02-26 06:33:41', '2025-02-26 06:33:41'),
(97, 2, 97, 87, '2025-05-15', 1, 2025, 8000.00, NULL, 300.00, 600.00, NULL, NULL, NULL, 100.00, NULL, '2025-02-26 06:39:09', '2025-05-15 11:07:02'),
(98, 2, 98, 88, '2025-04-08', 12, 2022, 6000.00, NULL, NULL, NULL, NULL, NULL, NULL, NULL, NULL, '2025-02-26 06:45:15', '2025-04-08 06:54:23'),
(99, 2, 99, 89, '2025-02-26', 2, 2009, 8000.00, NULL, NULL, NULL, NULL, NULL, NULL, NULL, NULL, '2025-02-26 06:50:27', '2025-02-26 06:50:27'),
(100, 2, 100, 90, '2025-05-01', 12, 2024, 6000.00, NULL, NULL, NULL, NULL, NULL, NULL, NULL, NULL, '2025-02-26 07:04:01', '2025-05-01 01:46:48'),
(101, 2, 101, 91, '2025-02-26', 11, 2023, 8000.00, NULL, NULL, NULL, NULL, NULL, NULL, NULL, NULL, '2025-02-26 07:07:41', '2025-02-26 07:07:41'),
(102, 2, 102, 92, '2025-02-27', 11, 2023, 6000.00, NULL, NULL, NULL, NULL, NULL, NULL, NULL, NULL, '2025-02-26 07:11:59', '2025-02-26 23:11:13'),
(104, 2, 104, 63, '2025-03-01', 5, 2024, 2000.00, NULL, NULL, NULL, NULL, NULL, NULL, NULL, NULL, '2025-03-01 10:14:30', '2025-03-01 10:14:30'),
(105, 2, 105, 94, '2025-03-01', 11, 2024, 2000.00, NULL, NULL, NULL, NULL, NULL, NULL, NULL, NULL, '2025-03-01 10:39:16', '2025-03-01 10:39:16'),
(107, 2, 107, 62, '2025-03-02', 3, 2024, 5500.00, NULL, NULL, NULL, NULL, NULL, NULL, NULL, NULL, '2025-03-02 07:24:46', '2025-03-02 07:24:46'),
(108, 2, 108, 95, '2025-05-02', 3, 2025, 1700.00, NULL, NULL, NULL, NULL, NULL, NULL, NULL, NULL, '2025-03-02 09:59:50', '2025-05-02 09:15:42'),
(109, 2, 109, 96, '2025-04-17', 12, 2024, 4500.00, NULL, NULL, NULL, NULL, NULL, NULL, NULL, NULL, '2025-03-03 03:21:02', '2025-04-17 02:27:16'),
(110, 2, 110, 97, '2025-03-03', 3, 2025, 5800.00, NULL, NULL, NULL, NULL, NULL, NULL, NULL, NULL, '2025-03-03 10:18:09', '2025-03-03 10:18:09'),
(111, 2, 111, 98, '2025-05-02', 3, 2025, 1750.00, NULL, NULL, NULL, NULL, NULL, NULL, NULL, NULL, '2025-03-10 10:45:20', '2025-05-02 09:45:34'),
(112, 2, 112, 99, '2025-05-02', 3, 2025, 2300.00, NULL, NULL, NULL, NULL, NULL, NULL, NULL, NULL, '2025-03-10 11:22:14', '2025-05-02 08:50:49'),
(113, 2, 113, 101, '2025-04-08', 4, 2025, 4800.00, NULL, NULL, NULL, NULL, NULL, NULL, NULL, NULL, '2025-04-08 04:58:24', '2025-04-08 04:58:24'),
(114, 2, 114, 69, '2025-04-08', 4, 2025, 1700.00, NULL, NULL, NULL, NULL, NULL, NULL, NULL, NULL, '2025-04-08 06:03:04', '2025-04-08 06:03:04'),
(115, 2, 115, 102, '2025-04-08', 4, 2025, 2100.00, NULL, NULL, NULL, NULL, NULL, NULL, NULL, NULL, '2025-04-08 06:30:16', '2025-04-08 06:30:16'),
(117, 2, 117, 88, '2025-04-08', 4, 2025, 8000.00, NULL, NULL, NULL, NULL, NULL, NULL, NULL, NULL, '2025-04-08 07:01:45', '2025-04-08 07:01:45'),
(118, 2, 118, 103, '2025-04-08', 4, 2025, 6000.00, NULL, NULL, NULL, NULL, NULL, NULL, NULL, NULL, '2025-04-08 07:22:38', '2025-04-08 07:22:38'),
(119, 2, 119, 104, '2025-04-17', 1, 2025, 4500.00, NULL, NULL, NULL, NULL, NULL, NULL, NULL, NULL, '2025-04-17 03:18:56', '2025-04-17 03:18:56'),
(121, 2, 121, 49, '2025-05-02', 7, 2024, 5800.00, NULL, NULL, NULL, NULL, NULL, NULL, NULL, NULL, '2025-04-17 05:53:47', '2025-05-02 10:00:06'),
(122, 2, 122, 105, '2025-04-17', 4, 2025, 2400.00, NULL, NULL, NULL, NULL, NULL, NULL, NULL, NULL, '2025-04-17 06:20:45', '2025-04-17 06:20:45'),
(123, 2, 123, 106, '2025-04-17', 4, 2025, 8000.00, NULL, 300.00, 600.00, NULL, NULL, NULL, 100.00, NULL, '2025-04-17 06:52:11', '2025-04-17 06:52:11'),
(124, 2, 101, 91, '2025-04-01', 4, 2025, 7500.00, NULL, NULL, NULL, NULL, NULL, NULL, NULL, NULL, '2025-04-18 04:32:23', '2025-04-18 04:32:23'),
(125, 2, 124, 108, '2025-04-27', 4, 2025, 4200.00, NULL, NULL, NULL, NULL, NULL, NULL, NULL, NULL, '2025-04-27 03:04:00', '2025-04-27 03:04:00'),
(126, 2, 125, 109, '2025-04-27', 4, 2025, 1400.00, NULL, NULL, NULL, NULL, NULL, NULL, NULL, NULL, '2025-04-27 03:08:48', '2025-04-27 03:08:48'),
(127, 2, 126, 110, '2025-04-27', 4, 2025, 1400.00, NULL, NULL, NULL, NULL, NULL, NULL, NULL, NULL, '2025-04-27 03:14:42', '2025-04-27 03:14:42'),
(129, 2, 128, 112, '2025-04-27', 4, 2025, 1400.00, NULL, NULL, NULL, NULL, NULL, NULL, NULL, NULL, '2025-04-27 03:34:24', '2025-04-27 03:34:24'),
(130, 2, 129, 113, '2025-04-27', 4, 2025, 1400.00, NULL, NULL, NULL, NULL, NULL, NULL, NULL, NULL, '2025-04-27 03:38:48', '2025-04-27 03:38:48'),
(131, 2, 130, 114, '2025-04-27', 4, 2025, 1400.00, NULL, NULL, NULL, NULL, NULL, NULL, NULL, NULL, '2025-04-27 03:46:53', '2025-04-27 03:46:53'),
(132, 2, 131, 115, '2025-04-27', 4, 2025, 1400.00, NULL, NULL, NULL, NULL, NULL, NULL, NULL, NULL, '2025-04-27 03:54:59', '2025-04-27 03:54:59'),
(133, 2, 132, 116, '2025-04-27', 4, 2025, 1400.00, NULL, NULL, NULL, NULL, NULL, NULL, NULL, NULL, '2025-04-27 04:02:57', '2025-04-27 04:02:57'),
(134, 2, 133, 117, '2025-04-27', 4, 2025, 1400.00, NULL, NULL, NULL, NULL, NULL, NULL, NULL, NULL, '2025-04-27 04:03:25', '2025-04-27 04:03:25'),
(135, 2, 134, 107, '2025-05-01', 4, 2025, 9500.00, NULL, NULL, NULL, NULL, NULL, NULL, NULL, NULL, '2025-05-01 01:55:02', '2025-05-01 01:55:02'),
(137, 2, 136, 118, '2025-05-02', 5, 2025, 2300.00, NULL, NULL, NULL, NULL, NULL, NULL, NULL, NULL, '2025-05-02 08:55:17', '2025-05-02 08:55:17'),
(138, 2, 137, 99, '2025-05-02', 5, 2025, 2100.00, NULL, NULL, NULL, NULL, NULL, NULL, NULL, NULL, '2025-05-02 08:57:30', '2025-05-02 08:57:30'),
(139, 2, 138, 95, '2025-05-02', 5, 2025, 2000.00, NULL, NULL, NULL, NULL, NULL, NULL, NULL, NULL, '2025-05-02 09:25:57', '2025-05-02 09:25:57'),
(140, 2, 139, 119, '2025-05-03', 4, 2025, 1400.00, NULL, NULL, NULL, NULL, NULL, NULL, NULL, NULL, '2025-05-03 01:34:00', '2025-05-03 01:34:00'),
(141, 2, 140, 120, '2025-05-05', 5, 2025, 1750.00, NULL, NULL, NULL, NULL, NULL, NULL, NULL, NULL, '2025-05-05 01:26:56', '2025-05-05 01:26:56');

-- --------------------------------------------------------

--
-- Table structure for table `rent_collection_histories`
--

CREATE TABLE `rent_collection_histories` (
  `id` bigint(20) UNSIGNED NOT NULL,
  `monthly_rent_id` bigint(20) UNSIGNED NOT NULL,
  `rent_id` bigint(20) UNSIGNED NOT NULL,
  `amount_paid` decimal(40,2) NOT NULL,
  `payment_date` date NOT NULL,
  `month` int(11) NOT NULL,
  `year` int(11) NOT NULL,
  `payment_method` varchar(255) DEFAULT NULL,
  `invoice` int(11) NOT NULL,
  `notes` text DEFAULT NULL,
  `status` tinyint(4) NOT NULL DEFAULT 1 COMMENT '1:partial payment \r\n2:full payment',
  `created_at` timestamp NULL DEFAULT NULL,
  `updated_at` timestamp NULL DEFAULT NULL
) ENGINE=InnoDB DEFAULT CHARSET=utf8mb4 COLLATE=utf8mb4_unicode_ci;

--
-- Dumping data for table `rent_collection_histories`
--

INSERT INTO `rent_collection_histories` (`id`, `monthly_rent_id`, `rent_id`, `amount_paid`, `payment_date`, `month`, `year`, `payment_method`, `invoice`, `notes`, `status`, `created_at`, `updated_at`) VALUES
(20, 44, 45, 4600.00, '2025-03-02', 3, 2025, 'CASH', 1740925020, NULL, 2, '2025-03-02 08:17:00', '2025-03-02 08:17:00'),
(21, 39, 40, 2100.00, '2025-03-03', 3, 2025, 'CASH', 1740998038, NULL, 2, '2025-03-03 04:33:58', '2025-03-03 04:33:58'),
(22, 36, 37, 5300.00, '2025-03-03', 3, 2025, 'CASH', 1741019023, NULL, 2, '2025-03-03 10:23:43', '2025-03-03 10:23:43'),
(23, 7, 6, 4800.00, '2025-03-04', 3, 2025, 'CASH', 1741067583, NULL, 2, '2025-03-03 23:53:03', '2025-03-03 23:53:03'),
(24, 55, 57, 1700.00, '2025-03-04', 3, 2025, 'CASH', 1741102193, NULL, 2, '2025-03-04 09:29:53', '2025-03-04 09:29:53'),
(25, 81, 78, 2100.00, '2025-03-04', 3, 2025, 'CASH', 1741104438, NULL, 2, '2025-03-04 10:07:18', '2025-03-04 10:07:18'),
(26, 63, 65, 4000.00, '2025-03-05', 3, 2025, 'CASH', 1741183190, NULL, 2, '2025-03-05 07:59:50', '2025-03-05 07:59:50'),
(27, 50, 52, 2100.00, '2025-03-05', 3, 2025, 'CASH', 1741191778, NULL, 2, '2025-03-05 10:22:58', '2025-03-05 10:22:58'),
(28, 85, 82, 4200.00, '2025-03-06', 3, 2025, 'CASH', 1741250571, NULL, 2, '2025-03-06 02:42:51', '2025-03-06 02:42:51'),
(29, 41, 42, 4600.00, '2025-03-06', 3, 2025, 'CASH', 1741269197, NULL, 2, '2025-03-06 07:53:17', '2025-03-06 07:53:17'),
(30, 79, 76, 4200.00, '2025-03-06', 3, 2025, 'CASH', 1741277276, NULL, 2, '2025-03-06 10:07:56', '2025-03-06 10:07:56'),
(31, 80, 77, 2100.00, '2025-03-06', 3, 2025, 'CASH', 1741277340, NULL, 2, '2025-03-06 10:09:00', '2025-03-06 10:09:00'),
(32, 77, 74, 4500.00, '2025-03-06', 3, 2025, 'CASH', 1741277478, NULL, 2, '2025-03-06 10:11:18', '2025-03-06 10:11:18'),
(33, 82, 79, 4200.00, '2025-03-06', 3, 2025, 'CASH', 1741279883, NULL, 2, '2025-03-06 10:51:23', '2025-03-06 10:51:23'),
(34, 101, 36, 750.00, '2025-03-06', 3, 2025, 'CASH', 1741280141, NULL, 1, '2025-03-06 10:55:41', '2025-03-06 10:55:41'),
(35, 106, 102, 6000.00, '2025-03-07', 3, 2025, 'CASH', 1741342377, NULL, 2, '2025-03-07 04:12:57', '2025-03-07 04:12:57'),
(36, 103, 99, 8000.00, '2025-03-08', 3, 2025, 'CASH', 1741415778, NULL, 2, '2025-03-08 00:36:18', '2025-03-08 00:36:18'),
(37, 95, 92, 9000.00, '2025-03-07', 3, 2025, 'CASH', 1741417739, NULL, 2, '2025-03-08 01:08:59', '2025-03-08 01:08:59'),
(38, 22, 22, 2300.00, '2025-03-08', 3, 2025, 'CASH', 1741426404, NULL, 2, '2025-03-08 03:33:24', '2025-03-08 03:33:24'),
(39, 14, 13, 4200.00, '2025-03-08', 3, 2025, 'CASH', 1741439257, NULL, 2, '2025-03-08 07:07:37', '2025-03-08 07:07:37'),
(40, 43, 44, 4200.00, '2025-03-08', 3, 2025, 'CASH', 1741451019, NULL, 2, '2025-03-08 10:23:39', '2025-03-08 10:23:39'),
(42, 97, 94, 10000.00, '2025-03-09', 3, 2025, 'CASH', 1741509347, NULL, 2, '2025-03-09 02:35:47', '2025-03-09 02:35:47'),
(43, 100, 97, 8500.00, '2025-03-09', 3, 2025, 'CASH', 1741511631, NULL, 2, '2025-03-09 03:13:51', '2025-03-09 03:13:51'),
(44, 17, 17, 2100.00, '2025-03-09', 3, 2025, 'CASH', 1741529274, NULL, 2, '2025-03-09 08:07:54', '2025-03-09 08:07:54'),
(45, 26, 26, 4600.00, '2025-03-09', 3, 2025, 'CASH', 1741537409, NULL, 2, '2025-03-09 10:23:29', '2025-03-09 10:23:29'),
(46, 42, 43, 4600.00, '2025-03-09', 3, 2025, 'CASH', 1741537431, NULL, 2, '2025-03-09 10:23:51', '2025-03-09 10:23:51'),
(47, 75, 110, 2940.00, '2025-03-10', 3, 2025, 'CASH', 1741586808, '2940 টাকা পরিশোধ করেছেন 2860 টাকা বাকী রয়েছে।', 1, '2025-03-10 00:06:48', '2025-03-10 00:06:48'),
(48, 56, 58, 1700.00, '2025-03-10', 3, 2025, 'CASH', 1741612468, NULL, 2, '2025-03-10 07:14:28', '2025-03-10 07:14:28'),
(49, 73, 108, 1700.00, '2025-03-10', 3, 2025, 'CASH', 1741613020, NULL, 2, '2025-03-10 07:23:40', '2025-03-10 07:23:40'),
(50, 86, 83, 4600.00, '2025-03-10', 3, 2025, 'CASH', 1741613837, NULL, 2, '2025-03-10 07:37:17', '2025-03-10 07:37:17'),
(51, 108, 111, 1750.00, '2025-03-10', 3, 2025, 'CASH', 1741625206, NULL, 2, '2025-03-10 10:46:46', '2025-03-10 10:46:46'),
(52, 110, 11, 7000.00, '2025-03-11', 3, 2025, 'CASH', 1741688121, NULL, 2, '2025-03-11 04:15:21', '2025-03-11 04:15:21'),
(54, 111, 10, 3000.00, '2025-03-11', 3, 2025, 'CASH', 1741689432, NULL, 1, '2025-03-11 04:37:12', '2025-03-11 04:37:12'),
(55, 87, 109, 4500.00, '2025-03-11', 3, 2025, 'CASH', 1741701656, NULL, 2, '2025-03-11 08:00:56', '2025-03-11 08:00:56'),
(56, 90, 87, 5000.00, '2025-03-11', 3, 2025, 'CASH', 1741701898, NULL, 1, '2025-03-11 08:04:58', '2025-03-11 08:04:58'),
(57, 115, 29, 2700.00, '2025-03-11', 3, 2025, 'CASH', 1741708903, NULL, 2, '2025-03-11 10:01:43', '2025-03-11 10:01:43'),
(58, 40, 41, 2100.00, '2025-03-11', 3, 2025, 'CASH', 1741708927, NULL, 2, '2025-03-11 10:02:07', '2025-03-11 10:02:07'),
(60, 116, 33, 4000.00, '2025-03-11', 3, 2025, 'CASH', 1741710569, NULL, 2, '2025-03-11 10:29:29', '2025-03-11 10:29:29'),
(61, 33, 34, 4500.00, '2025-03-11', 3, 2025, 'CASH', 1741710603, NULL, 2, '2025-03-11 10:30:03', '2025-03-11 10:30:03'),
(62, 112, 4, 1500.00, '2025-03-11', 3, 2025, 'CASH', 1741711500, NULL, 1, '2025-03-11 10:45:00', '2025-03-11 10:45:00'),
(63, 46, 48, 4400.00, '2025-03-12', 3, 2025, 'CASH', 1741762943, NULL, 2, '2025-03-12 01:02:23', '2025-03-12 01:02:23'),
(64, 49, 51, 2100.00, '2025-03-12', 3, 2025, 'CASH', 1741763047, NULL, 2, '2025-03-12 01:04:07', '2025-03-12 01:04:07'),
(65, 30, 31, 2000.00, '2025-03-12', 3, 2025, 'CASH', 1741790789, NULL, 1, '2025-03-12 08:46:29', '2025-03-12 08:46:29'),
(66, 59, 61, 3000.00, '2025-03-12', 3, 2025, 'CASH', 1741791866, NULL, 2, '2025-03-12 09:04:26', '2025-03-12 09:04:26'),
(67, 60, 62, 2000.00, '2025-03-12', 3, 2025, 'CASH', 1741791891, NULL, 2, '2025-03-12 09:04:51', '2025-03-12 09:04:51'),
(68, 107, 60, 1450.00, '2025-03-12', 3, 2025, 'CASH', 1741793125, NULL, 1, '2025-03-12 09:25:25', '2025-03-12 09:25:25'),
(69, 20, 20, 2300.00, '2025-03-12', 3, 2025, 'CASH', 1741794719, NULL, 2, '2025-03-12 09:51:59', '2025-03-12 09:51:59'),
(70, 102, 98, 6000.00, '2025-03-13', 3, 2025, 'CASH', 1741866530, NULL, 2, '2025-03-13 05:48:50', '2025-03-13 05:48:50'),
(71, 117, 16, 4200.00, '2025-03-13', 3, 2025, 'CASH', 1741878576, NULL, 2, '2025-03-13 09:09:36', '2025-03-13 09:09:36'),
(72, 72, 107, 5500.00, '2025-03-11', 3, 2025, 'CASH', 1741878778, NULL, 2, '2025-03-13 09:12:58', '2025-03-13 09:12:58'),
(73, 107, 60, 1500.00, '2025-03-13', 3, 2025, 'CASH', 1741881561, NULL, 1, '2025-03-13 09:59:21', '2025-03-13 09:59:21'),
(74, 107, 60, 1450.00, '2025-03-14', 3, 2025, 'CASH', 1741964886, NULL, 2, '2025-03-14 09:08:06', '2025-03-14 09:08:06'),
(75, 57, 59, 4000.00, '2025-03-13', 3, 2025, 'CASH', 1742051763, NULL, 2, '2025-03-15 09:16:03', '2025-03-15 09:16:03'),
(76, 23, 23, 2300.00, '2025-03-15', 3, 2025, 'CASH', 1742051808, NULL, 2, '2025-03-15 09:16:48', '2025-03-15 09:16:48'),
(77, 70, 105, 2000.00, '2025-03-06', 3, 2025, 'CASH', 1742051845, NULL, 2, '2025-03-15 09:17:25', '2025-03-15 09:17:25'),
(78, 19, 19, 2300.00, '2025-03-15', 3, 2025, 'CASH', 1742056237, NULL, 2, '2025-03-15 10:30:37', '2025-03-15 10:30:37'),
(79, 105, 101, 8000.00, '2025-03-16', 3, 2025, 'CASH', 1742108938, NULL, 2, '2025-03-16 01:08:58', '2025-03-16 01:08:58'),
(80, 104, 100, 5000.00, '2025-03-15', 3, 2025, 'CASH', 1742108980, NULL, 1, '2025-03-16 01:09:40', '2025-03-16 01:09:40'),
(81, 38, 39, 1750.00, '2025-03-16', 3, 2025, 'CASH', 1742113969, NULL, 2, '2025-03-16 02:32:49', '2025-03-16 02:32:49'),
(82, 84, 81, 4000.00, '2025-03-16', 3, 2025, 'CASH', 1742132091, NULL, 2, '2025-03-16 07:34:51', '2025-03-16 07:34:51'),
(83, 69, 104, 2000.00, '2025-03-17', 3, 2025, 'CASH', 1742220861, NULL, 2, '2025-03-17 08:14:21', '2025-03-17 08:14:21'),
(84, 51, 53, 4500.00, '2025-03-17', 3, 2025, 'CASH', 1742223782, NULL, 2, '2025-03-17 09:03:02', '2025-03-17 09:03:02'),
(85, 25, 25, 4000.00, '2025-03-17', 3, 2025, 'CASH', 1742227914, NULL, 2, '2025-03-17 10:11:54', '2025-03-17 10:11:54'),
(86, 89, 86, 10000.00, '2025-03-18', 3, 2025, 'CASH', 1742313869, NULL, 2, '2025-03-18 10:04:29', '2025-03-18 10:04:29'),
(87, 47, 49, 2000.00, '2025-03-19', 3, 2025, 'CASH', 1742392978, NULL, 2, '2025-03-19 08:02:58', '2025-03-19 08:02:58'),
(88, 18, 18, 2100.00, '2025-03-21', 3, 2025, 'CASH', 1742570302, NULL, 2, '2025-03-21 09:18:22', '2025-03-21 09:18:22'),
(89, 13, 12, 4600.00, '2025-03-21', 3, 2025, 'CASH', 1742571030, NULL, 2, '2025-03-21 09:30:30', '2025-03-21 09:30:30'),
(90, 31, 32, 4200.00, '2025-03-21', 3, 2025, 'CASH', 1742571114, NULL, 2, '2025-03-21 09:31:54', '2025-03-21 09:31:54'),
(91, 65, 67, 4000.00, '2025-03-21', 3, 2025, 'CASH', 1742575845, NULL, 2, '2025-03-21 10:50:45', '2025-03-21 10:50:45'),
(92, 24, 24, 3800.00, '2025-03-23', 3, 2025, 'CASH', 1742725863, NULL, 2, '2025-03-23 04:31:03', '2025-03-23 04:31:03'),
(93, 54, 56, 1700.00, '2025-03-23', 3, 2025, 'CASH', 1742725908, NULL, 2, '2025-03-23 04:31:48', '2025-03-23 04:31:48'),
(94, 62, 64, 4000.00, '2025-03-23', 3, 2025, 'CASH', 1742729417, NULL, 2, '2025-03-23 05:30:17', '2025-03-23 05:30:17'),
(95, 88, 84, 10480.00, '2025-03-24', 3, 2025, 'CASH', 1742812612, NULL, 2, '2025-03-24 04:36:52', '2025-03-24 04:36:52'),
(96, 37, 38, 1750.00, '2025-03-24', 3, 2025, 'CASH', 1742816164, NULL, 2, '2025-03-24 05:36:04', '2025-03-24 05:36:04'),
(97, 64, 66, 4800.00, '2025-03-24', 3, 2025, 'CASH', 1742832707, NULL, 2, '2025-03-24 10:11:47', '2025-03-24 10:11:47'),
(98, 118, 9, 2300.00, '2025-03-24', 3, 2025, 'CASH', 1742835708, NULL, 2, '2025-03-24 11:01:48', '2025-03-24 11:01:48'),
(99, 98, 95, 9300.00, '2025-03-25', 3, 2025, 'CASH', 1742895716, NULL, 2, '2025-03-25 03:41:56', '2025-03-25 03:41:56'),
(100, 27, 28, 2300.00, '2025-03-25', 3, 2025, 'CASH', 1742912231, NULL, 2, '2025-03-25 08:17:11', '2025-03-25 08:17:11'),
(101, 90, 87, 4500.00, '2025-03-25', 3, 2025, 'CASH', 1742921851, 'এপ্রিল-ে২৫ইং মসের অতিরিক্ত  ভাড়া জমা আছে-৫০০০।', 2, '2025-03-25 10:57:31', '2025-03-25 10:57:31'),
(102, 21, 21, 3200.00, '2025-03-26', 3, 2025, 'CASH', 1742970924, NULL, 2, '2025-03-26 00:35:24', '2025-03-26 00:35:24'),
(103, 52, 54, 4200.00, '2025-03-26', 3, 2025, 'CASH', 1742971989, NULL, 2, '2025-03-26 00:53:09', '2025-03-26 00:53:09'),
(104, 119, 15, 4500.00, '2025-03-26', 3, 2025, 'CASH', 1742983746, NULL, 2, '2025-03-26 04:09:06', '2025-03-26 04:09:06'),
(105, 96, 93, 8800.00, '2025-03-26', 3, 2025, 'CASH', 1742997402, NULL, 2, '2025-03-26 07:56:42', '2025-03-26 07:56:42'),
(106, 75, 110, 940.00, '2025-03-26', 3, 2025, 'CASH', 1743010102, NULL, 1, '2025-03-26 11:28:22', '2025-03-26 11:28:22'),
(107, 34, 35, 4600.00, '2025-03-27', 3, 2025, 'CASH', 1743072827, NULL, 2, '2025-03-27 04:53:47', '2025-03-27 04:53:47'),
(109, 83, 80, 4600.00, '2025-03-27', 3, 2025, 'CASH', 1743080891, NULL, 2, '2025-03-27 07:08:11', '2025-03-27 07:08:11'),
(110, 45, 46, 4000.00, '2025-03-27', 3, 2025, 'CASH', 1743081000, NULL, 2, '2025-03-27 07:10:00', '2025-03-27 07:10:00'),
(111, 61, 63, 4000.00, '2025-03-27', 3, 2025, 'CASH', 1743081203, NULL, 2, '2025-03-27 07:13:23', '2025-03-27 07:13:23'),
(112, 114, 8, 4800.00, '2025-03-26', 3, 2025, 'CASH', 1743082709, NULL, 2, '2025-03-27 07:38:29', '2025-03-27 07:38:29'),
(113, 29, 30, 2300.00, '2025-03-27', 3, 2025, 'CASH', 1743082926, NULL, 2, '2025-03-27 07:42:06', '2025-03-27 07:42:06'),
(114, 78, 75, 4200.00, '2025-03-27', 3, 2025, 'CASH', 1743094500, NULL, 2, '2025-03-27 10:55:00', '2025-03-27 10:55:00'),
(115, 99, 96, 9500.00, '2025-03-28', 3, 2025, 'CASH', 1743176971, NULL, 2, '2025-03-28 09:49:31', '2025-03-28 09:49:31'),
(116, 75, 110, 1920.00, '2025-03-28', 3, 2025, 'CASH', 1743181239, NULL, 2, '2025-03-28 11:00:39', '2025-03-28 11:00:39'),
(117, 94, 91, 9500.00, '2025-04-02', 3, 2025, 'CASH', 1743577368, NULL, 2, '2025-04-02 01:02:48', '2025-04-02 01:02:48'),
(119, 76, 73, 5000.00, '2025-03-31', 3, 2025, 'CASH', 1744102703, NULL, 2, '2025-04-08 02:58:23', '2025-04-08 02:58:23'),
(120, 120, 99, 8000.00, '2025-04-08', 4, 2025, 'CASH', 1744120964, NULL, 2, '2025-04-08 08:02:44', '2025-04-08 08:02:44'),
(121, 137, 22, 2300.00, '2025-04-08', 4, 2025, 'CASH', 1744121038, NULL, 2, '2025-04-08 08:03:58', '2025-04-08 08:03:58'),
(122, 154, 40, 2100.00, '2025-04-08', 4, 2025, 'CASH', 1744121076, NULL, 2, '2025-04-08 08:04:36', '2025-04-08 08:04:36'),
(123, 159, 45, 4600.00, '2025-04-08', 4, 2025, 'CASH', 1744121130, NULL, 2, '2025-04-08 08:05:30', '2025-04-08 08:05:30'),
(124, 184, 108, 1700.00, '2025-04-08', 4, 2025, 'CASH', 1744121168, NULL, 2, '2025-04-08 08:06:08', '2025-04-08 08:06:08'),
(125, 172, 59, 4000.00, '2025-04-08', 4, 2025, 'CASH', 1744121201, NULL, 2, '2025-04-08 08:06:41', '2025-04-08 08:06:41'),
(126, 182, 105, 2000.00, '2025-04-08', 4, 2025, 'CASH', 1744121242, NULL, 2, '2025-04-08 08:07:22', '2025-04-08 08:07:22'),
(127, 220, 97, 8500.00, '2025-04-08', 4, 2025, 'CASH', 1744121633, NULL, 2, '2025-04-08 08:13:53', '2025-04-08 08:13:53'),
(128, 218, 95, 9300.00, '2025-04-08', 4, 2025, 'CASH', 1744121705, NULL, 2, '2025-04-08 08:15:05', '2025-04-08 08:15:05'),
(129, 210, 87, 5000.00, '2025-04-01', 4, 2025, 'CASH', 1744122319, NULL, 1, '2025-04-08 08:25:19', '2025-04-08 08:25:19'),
(130, 193, 76, 4200.00, '2025-04-08', 4, 2025, 'CASH', 1744123192, NULL, 2, '2025-04-08 08:39:52', '2025-04-08 08:39:52'),
(131, 191, 74, 4500.00, '2025-04-08', 4, 2025, 'CASH', 1744123246, NULL, 2, '2025-04-08 08:40:46', '2025-04-08 08:40:46'),
(132, 202, 115, 2100.00, '2025-04-04', 4, 2025, 'CASH', 1744123281, NULL, 2, '2025-04-08 08:41:21', '2025-04-08 08:41:21'),
(133, 131, 16, 4200.00, '2025-04-09', 4, 2025, 'CASH', 1744200054, NULL, 2, '2025-04-09 06:00:54', '2025-04-09 06:00:54'),
(134, 196, 79, 4200.00, '2025-04-09', 4, 2025, 'CASH', 1744200088, NULL, 2, '2025-04-09 06:01:28', '2025-04-09 06:01:28'),
(135, 141, 26, 4600.00, '2025-04-15', 4, 2025, 'CASH', 1744728207, NULL, 2, '2025-04-15 08:43:27', '2025-04-15 08:43:27'),
(136, 156, 42, 4600.00, '2025-04-15', 4, 2025, 'CASH', 1744728301, NULL, 2, '2025-04-15 08:45:01', '2025-04-15 08:45:01'),
(137, 113, 7, 2000.00, '2025-04-15', 3, 2025, 'CASH', 1744728876, NULL, 2, '2025-04-15 08:54:36', '2025-04-15 08:54:36'),
(138, 200, 83, 4600.00, '2025-04-15', 4, 2025, 'CASH', 1744731543, NULL, 2, '2025-04-15 09:39:03', '2025-04-15 09:39:03'),
(139, 133, 18, 2100.00, '2025-04-15', 4, 2025, 'CASH', 1744731600, NULL, 2, '2025-04-15 09:40:00', '2025-04-15 09:40:00'),
(140, 30, 31, 300.00, '2025-04-10', 3, 2025, 'CASH', 1744731793, NULL, 2, '2025-04-15 09:43:13', '2025-04-15 09:43:13'),
(141, 145, 31, 2300.00, '2025-04-10', 4, 2025, 'CASH', 1744731838, NULL, 2, '2025-04-15 09:43:58', '2025-04-15 09:43:58'),
(142, 111, 10, 1000.00, '2025-04-11', 3, 2025, 'CASH', 1744733596, NULL, 2, '2025-04-15 10:13:16', '2025-04-15 10:13:16'),
(143, 126, 10, 4000.00, '2025-04-12', 4, 2025, 'CASH', 1744733644, NULL, 2, '2025-04-15 10:14:04', '2025-04-15 10:14:04'),
(144, 130, 15, 4000.00, '2025-04-14', 4, 2025, 'CASH', 1744734460, NULL, 1, '2025-04-15 10:27:40', '2025-04-15 10:27:40'),
(145, 48, 50, 1100.00, '2025-04-12', 3, 2025, 'CASH', 1744734947, NULL, 1, '2025-04-15 10:35:47', '2025-04-15 10:35:47'),
(146, 183, 107, 5500.00, '2025-04-15', 4, 2025, 'CASH', 1744738363, NULL, 2, '2025-04-15 11:32:43', '2025-04-15 11:32:43'),
(147, 204, 117, 8000.00, '2025-04-15', 4, 2025, 'BKASH', 1744739086, NULL, 2, '2025-04-15 11:44:46', '2025-04-15 11:44:46'),
(148, 207, 102, 6000.00, '2025-04-15', 4, 2025, 'CASH', 1744739110, NULL, 2, '2025-04-15 11:45:10', '2025-04-15 11:45:10'),
(149, 186, 111, 1750.00, '2025-04-15', 4, 2025, 'CASH', 1744739295, NULL, 2, '2025-04-15 11:48:15', '2025-04-15 11:48:15'),
(150, 178, 65, 4000.00, '2025-04-16', 4, 2025, 'CASH', 1744786489, NULL, 2, '2025-04-16 00:54:49', '2025-04-16 00:54:49'),
(151, 101, 36, 1000.00, '2025-04-16', 3, 2025, 'CASH', 1744794123, NULL, 2, '2025-04-16 03:02:03', '2025-04-16 03:02:03'),
(152, 150, 36, 750.00, '2025-04-16', 4, 2025, 'CASH', 1744794214, NULL, 1, '2025-04-16 03:03:34', '2025-04-16 03:03:34'),
(153, 176, 63, 4000.00, '2025-04-16', 4, 2025, 'BKASH', 1744876317, NULL, 2, '2025-04-17 01:51:57', '2025-04-17 01:51:57'),
(154, 155, 41, 2100.00, '2025-04-17', 4, 2025, 'CASH', 1744894955, NULL, 2, '2025-04-17 07:02:35', '2025-04-17 07:02:35'),
(155, 134, 19, 2300.00, '2025-04-17', 4, 2025, 'CASH', 1744895019, NULL, 2, '2025-04-17 07:03:39', '2025-04-17 07:03:39'),
(156, 225, 123, 5500.00, '2025-04-17', 4, 2025, 'CASH', 1744895119, NULL, 1, '2025-04-17 07:05:19', '2025-04-17 07:05:19'),
(157, 135, 20, 2300.00, '2025-04-17', 4, 2025, 'CASH', 1744897359, NULL, 2, '2025-04-17 07:42:39', '2025-04-17 07:42:39'),
(158, 217, 94, 10000.00, '2025-04-17', 4, 2025, 'CASH', 1744899577, NULL, 2, '2025-04-17 08:19:37', '2025-04-17 08:19:37'),
(159, 209, 86, 10000.00, '2025-04-17', 4, 2025, 'CASH', 1744909903, NULL, 2, '2025-04-17 11:11:43', '2025-04-17 11:11:43'),
(160, 162, 49, 2000.00, '2025-04-18', 4, 2025, 'CASH', 1744970509, NULL, 2, '2025-04-18 04:01:49', '2025-04-18 04:01:49'),
(161, 224, 122, 2400.00, '2025-04-18', 4, 2025, 'CASH', 1744971997, NULL, 2, '2025-04-18 04:26:37', '2025-04-18 04:26:37'),
(162, 203, 118, 6000.00, '2025-04-12', 4, 2025, 'CASH', 1744972107, NULL, 2, '2025-04-18 04:28:27', '2025-04-18 04:28:27'),
(163, 226, 101, 7500.00, '2025-04-18', 4, 2025, 'CASH', 1744972666, NULL, 2, '2025-04-18 04:37:46', '2025-04-18 04:37:46'),
(164, 189, 114, 1700.00, '2025-04-18', 4, 2025, 'CASH', 1744983558, NULL, 2, '2025-04-18 07:39:18', '2025-04-18 07:39:18'),
(165, 153, 39, 1750.00, '2025-04-18', 4, 2025, 'CASH', 1744990718, NULL, 2, '2025-04-18 09:38:38', '2025-04-18 09:38:38'),
(166, 93, 90, 10000.00, '2025-04-18', 3, 2025, 'CASH', 1744993184, NULL, 2, '2025-04-18 10:19:44', '2025-04-18 10:19:44'),
(167, 199, 82, 4200.00, '2025-04-19', 4, 2025, 'CASH', 1745046275, NULL, 2, '2025-04-19 01:04:35', '2025-04-19 01:04:35'),
(168, 147, 33, 4000.00, '2025-04-19', 4, 2025, 'CASH', 1745064099, NULL, 2, '2025-04-19 06:01:39', '2025-04-19 06:01:39'),
(169, 148, 34, 4500.00, '2025-04-19', 4, 2025, 'CASH', 1745064121, NULL, 2, '2025-04-19 06:02:01', '2025-04-19 06:02:01'),
(170, 143, 29, 2700.00, '2025-04-19', 4, 2025, 'CASH', 1745069731, NULL, 2, '2025-04-19 07:35:31', '2025-04-19 07:35:31'),
(171, 146, 32, 4200.00, '2025-04-19', 4, 2025, 'CASH', 1745074590, NULL, 2, '2025-04-19 08:56:30', '2025-04-19 08:56:30'),
(172, 169, 56, 1700.00, '2025-04-19', 4, 2025, 'CASH', 1745074617, NULL, 2, '2025-04-19 08:56:57', '2025-04-19 08:56:57'),
(173, 151, 37, 5300.00, '2025-04-24', 4, 2025, 'CASH', 1745470287, NULL, 2, '2025-04-23 22:51:27', '2025-04-23 22:51:27'),
(174, 161, 48, 4400.00, '2025-04-24', 4, 2025, 'CASH', 1745470714, NULL, 2, '2025-04-23 22:58:34', '2025-04-23 22:58:34'),
(175, 164, 51, 2100.00, '2025-04-24', 4, 2025, 'CASH', 1745470806, NULL, 2, '2025-04-23 23:00:06', '2025-04-23 23:00:06'),
(176, 188, 113, 4800.00, '2025-04-24', 4, 2025, 'CASH', 1745470976, NULL, 2, '2025-04-23 23:02:56', '2025-04-23 23:02:56'),
(177, 128, 12, 4600.00, '2025-04-24', 4, 2025, 'CASH', 1745482376, NULL, 2, '2025-04-24 02:12:56', '2025-04-24 02:12:56'),
(178, 139, 24, 3800.00, '2025-04-24', 4, 2025, 'CASH', 1745511165, NULL, 2, '2025-04-24 10:12:45', '2025-04-24 10:12:45'),
(179, 129, 13, 4200.00, '2025-04-24', 4, 2025, 'CASH', 1745511331, NULL, 2, '2025-04-24 10:15:31', '2025-04-24 10:15:31'),
(180, 158, 44, 4200.00, '2025-04-24', 4, 2025, 'CASH', 1745511389, NULL, 2, '2025-04-24 10:16:29', '2025-04-24 10:16:29'),
(181, 174, 61, 3000.00, '2025-04-19', 4, 2025, 'CASH', 1745511426, NULL, 2, '2025-04-24 10:17:06', '2025-04-24 10:17:06'),
(182, 175, 62, 2000.00, '2025-04-19', 4, 2025, 'CASH', 1745511449, NULL, 2, '2025-04-24 10:17:29', '2025-04-24 10:17:29'),
(183, 221, 119, 4500.00, '2025-04-19', 4, 2025, 'CASH', 1745511511, NULL, 2, '2025-04-24 10:18:31', '2025-04-24 10:18:31'),
(184, 132, 17, 2100.00, '2025-04-19', 4, 2025, 'CASH', 1745511593, NULL, 2, '2025-04-24 10:19:53', '2025-04-24 10:19:53'),
(185, 140, 25, 4000.00, '2025-04-19', 4, 2025, 'CASH', 1745511633, NULL, 2, '2025-04-24 10:20:33', '2025-04-24 10:20:33'),
(186, 122, 6, 4800.00, '2025-04-24', 4, 2025, 'CASH', 1745512188, NULL, 2, '2025-04-24 10:29:48', '2025-04-24 10:29:48'),
(187, 215, 92, 9000.00, '2025-04-25', 4, 2025, 'CASH', 1745594039, NULL, 2, '2025-04-25 09:13:59', '2025-04-25 09:13:59'),
(188, 167, 54, 4200.00, '2025-04-25', 4, 2025, 'CASH', 1745594093, NULL, 2, '2025-04-25 09:14:53', '2025-04-25 09:14:53'),
(189, 125, 9, 2300.00, '2025-04-25', 4, 2025, 'CASH', 1745594729, NULL, 2, '2025-04-25 09:25:29', '2025-04-25 09:25:29'),
(190, 149, 35, 2300.00, '2025-04-25', 4, 2025, 'CASH', 1745597199, NULL, 1, '2025-04-25 10:06:39', '2025-04-25 10:06:39'),
(191, 180, 67, 4000.00, '2025-04-25', 4, 2025, 'CASH', 1745597684, NULL, 2, '2025-04-25 10:14:44', '2025-04-25 10:14:44'),
(192, 179, 66, 4800.00, '2025-04-25', 4, 2025, 'CASH', 1745598488, NULL, 2, '2025-04-25 10:28:08', '2025-04-25 10:28:08'),
(193, 198, 81, 4000.00, '2025-04-25', 4, 2025, 'CASH', 1745598826, NULL, 2, '2025-04-25 10:33:46', '2025-04-25 10:33:46'),
(194, 124, 8, 4800.00, '2025-04-26', 4, 2025, 'CASH', 1745650420, NULL, 2, '2025-04-26 00:53:40', '2025-04-26 00:53:40'),
(196, 127, 11, 7000.00, '2025-04-26', 4, 2025, 'CASH', 1745674703, NULL, 2, '2025-04-26 07:38:23', '2025-04-26 07:38:23'),
(198, 222, 121, 4600.00, '2025-04-26', 3, 2025, 'CASH', 1745677903, NULL, 2, '2025-04-26 08:31:43', '2025-04-26 08:31:43'),
(199, 185, 110, 5800.00, '2025-04-26', 4, 2025, 'CASH', 1745678747, NULL, 2, '2025-04-26 08:45:47', '2025-04-26 08:45:47'),
(200, 109, 112, 2300.00, '2025-04-26', 3, 2025, 'CASH', 1745679794, NULL, 2, '2025-04-26 09:03:14', '2025-04-26 09:03:14'),
(201, 104, 100, 1000.00, '2025-04-25', 3, 2025, 'CASH', 1745681621, NULL, 2, '2025-04-26 09:33:41', '2025-04-26 09:33:41'),
(202, 205, 100, 6000.00, '2025-04-26', 4, 2025, 'CASH', 1745681669, NULL, 2, '2025-04-26 09:34:29', '2025-04-26 09:34:29'),
(203, 91, 88, 9000.00, '2025-04-26', 3, 2025, 'CASH', 1745683535, NULL, 2, '2025-04-26 10:05:35', '2025-04-26 10:05:35'),
(204, 152, 38, 1750.00, '2025-04-27', 4, 2025, 'CASH', 1745767896, NULL, 2, '2025-04-27 09:31:36', '2025-04-27 09:31:36'),
(205, 192, 75, 4200.00, '2025-04-28', 4, 2025, 'CASH', 1745824247, NULL, 2, '2025-04-28 01:10:47', '2025-04-28 01:10:47'),
(206, 136, 21, 3200.00, '2025-04-28', 4, 2025, 'CASH', 1745824457, NULL, 2, '2025-04-28 01:14:17', '2025-04-28 01:14:17'),
(207, 173, 60, 1500.00, '2025-04-28', 4, 2025, 'CASH', 1745852298, NULL, 1, '2025-04-28 08:58:18', '2025-04-28 08:58:18'),
(208, 142, 28, 2300.00, '2025-04-28', 4, 2025, 'CASH', 1745853182, NULL, 2, '2025-04-28 09:13:02', '2025-04-28 09:13:02'),
(209, 225, 123, 3500.00, '2025-04-29', 4, 2025, 'CASH', 1745922341, NULL, 2, '2025-04-29 04:25:41', '2025-04-29 04:25:41'),
(210, 144, 30, 2300.00, '2025-04-29', 4, 2025, 'CASH', 1745928865, NULL, 2, '2025-04-29 06:14:25', '2025-04-29 06:14:25'),
(211, 149, 35, 2300.00, '2025-04-29', 4, 2025, 'CASH', 1745941272, NULL, 2, '2025-04-29 09:41:12', '2025-04-29 09:41:12'),
(212, 197, 80, 4600.00, '2025-04-30', 4, 2025, 'CASH', 1746026192, NULL, 2, '2025-04-30 09:16:32', '2025-04-30 09:16:32'),
(213, 223, 121, 4600.00, '2025-04-30', 4, 2025, 'CASH', 1746027362, NULL, 2, '2025-04-30 09:36:02', '2025-04-30 09:36:02'),
(214, 173, 60, 1470.00, '2025-04-30', 4, 2025, 'CASH', 1746027799, NULL, 1, '2025-04-30 09:43:19', '2025-04-30 09:43:19'),
(215, 190, 73, 5000.00, '2025-04-30', 4, 2025, 'CASH', 1746088596, NULL, 2, '2025-05-01 02:36:36', '2025-05-01 02:36:36'),
(216, 48, 50, 1000.00, '2025-05-01', 3, 2025, 'CASH', 1746097443, NULL, 2, '2025-05-01 05:04:03', '2025-05-01 05:04:03'),
(217, 163, 50, 1000.00, '2025-05-01', 4, 2025, 'CASH', 1746097471, NULL, 1, '2025-05-01 05:04:31', '2025-05-01 05:04:31'),
(218, 177, 64, 3000.00, '2025-05-01', 4, 2025, 'CASH', 1746099225, NULL, 1, '2025-05-01 05:33:45', '2025-05-01 05:33:45'),
(219, 237, 95, 9300.00, '2025-05-01', 5, 2025, 'CASH', 1746108381, NULL, 2, '2025-05-01 08:06:21', '2025-05-01 08:06:21'),
(220, 214, 91, 9500.00, '2025-05-01', 4, 2025, 'CASH', 1746173249, NULL, 2, '2025-05-02 02:07:29', '2025-05-02 02:07:29'),
(221, 187, 112, 2300.00, '2025-05-02', 4, 2025, 'CASH', 1746180642, NULL, 2, '2025-05-02 04:10:42', '2025-05-02 04:10:42'),
(222, 312, 137, 2100.00, '2025-05-02', 5, 2025, 'CASH', 1746205251, NULL, 2, '2025-05-02 11:00:51', '2025-05-02 11:00:51'),
(223, 313, 138, 2000.00, '2025-05-02', 5, 2025, 'CASH', 1746205306, NULL, 2, '2025-05-02 11:01:46', '2025-05-02 11:01:46'),
(224, 310, 122, 2400.00, '2025-05-02', 5, 2025, 'CASH', 1746205390, NULL, 2, '2025-05-02 11:03:10', '2025-05-02 11:03:10'),
(225, 342, 82, 4200.00, '2025-05-03', 5, 2025, 'CASH', 1746261911, NULL, 2, '2025-05-03 02:45:11', '2025-05-03 02:45:11'),
(226, 336, 76, 4200.00, '2025-05-03', 5, 2025, 'CASH', 1746261973, NULL, 2, '2025-05-03 02:46:13', '2025-05-03 02:46:13'),
(227, 298, 66, 2400.00, '2025-05-03', 5, 2025, 'CASH', 1746286143, NULL, 1, '2025-05-03 09:29:03', '2025-05-03 09:29:03'),
(228, 130, 15, 500.00, '2025-05-04', 4, 2025, 'CASH', 1746334978, NULL, 2, '2025-05-03 23:02:58', '2025-05-03 23:02:58'),
(229, 219, 96, 9500.00, '2025-05-04', 4, 2025, 'CASH', 1746375781, NULL, 2, '2025-05-04 10:23:01', '2025-05-04 10:23:01'),
(230, 347, 140, 1750.00, '2025-05-04', 5, 2025, 'CASH', 1746430163, NULL, 2, '2025-05-05 01:29:23', '2025-05-05 01:29:23'),
(231, 253, 18, 2100.00, '2025-05-05', 5, 2025, 'CASH', 1746458983, NULL, 2, '2025-05-05 09:29:43', '2025-05-05 09:29:43'),
(232, 301, 105, 2000.00, '2025-05-05', 5, 2025, 'CASH', 1746461924, NULL, 2, '2025-05-05 10:18:44', '2025-05-05 10:18:44'),
(233, 216, 93, 8800.00, '2025-05-05', 4, 2025, 'CASH', 1746464138, NULL, 2, '2025-05-05 10:55:38', '2025-05-05 10:55:38'),
(234, 208, 84, 10480.00, '2025-05-06', 4, 2025, 'CASH', 1746537025, NULL, 2, '2025-05-06 07:10:25', '2025-05-06 07:10:25'),
(235, 177, 64, 1000.00, '2025-05-06', 4, 2025, 'CASH', 1746538713, NULL, 2, '2025-05-06 07:38:33', '2025-05-06 07:38:33'),
(236, 274, 40, 2100.00, '2025-05-06', 5, 2025, 'CASH', 1746538878, NULL, 2, '2025-05-06 07:41:18', '2025-05-06 07:41:18'),
(237, 275, 41, 2100.00, '2025-05-06', 5, 2025, 'CASH', 1746542665, NULL, 2, '2025-05-06 08:44:25', '2025-05-06 08:44:25'),
(238, 242, 6, 4800.00, '2025-05-06', 5, 2025, 'CASH', 1746543357, NULL, 2, '2025-05-06 08:55:57', '2025-05-06 08:55:57'),
(239, 210, 87, 4500.00, '2025-05-06', 4, 2025, 'CASH', 1746543550, NULL, 2, '2025-05-06 08:59:10', '2025-05-06 08:59:10'),
(240, 229, 87, 5000.00, '2025-05-06', 5, 2025, 'CASH', 1746543667, NULL, 1, '2025-05-06 09:01:07', '2025-05-06 09:01:07'),
(241, 297, 65, 2000.00, '2025-05-06', 5, 2025, 'CASH', 1746544138, NULL, 1, '2025-05-06 09:08:58', '2025-05-06 09:08:58'),
(242, 165, 52, 2100.00, '2025-05-06', 4, 2025, 'CASH', 1746549497, NULL, 2, '2025-05-06 10:38:17', '2025-05-06 10:38:17'),
(243, 285, 52, 2100.00, '2025-05-06', 5, 2025, 'CASH', 1746549524, NULL, 2, '2025-05-06 10:38:44', '2025-05-06 10:38:44'),
(244, 315, 99, 8000.00, '2025-05-07', 5, 2025, 'CASH', 1746631941, NULL, 2, '2025-05-07 09:32:21', '2025-05-07 09:32:21'),
(245, 334, 74, 4500.00, '2025-05-07', 5, 2025, 'CASH', 1746632535, NULL, 2, '2025-05-07 09:42:15', '2025-05-07 09:42:15'),
(246, 279, 45, 4800.00, '2025-05-12', 5, 2025, 'CASH', 1747059659, NULL, 2, '2025-05-12 08:20:59', '2025-05-12 08:20:59'),
(247, 263, 29, 2800.00, '2025-05-12', 5, 2025, 'CASH', 1747060317, NULL, 2, '2025-05-12 08:31:57', '2025-05-12 08:31:57'),
(248, 265, 31, 2200.00, '2025-05-12', 5, 2025, 'CASH', 1747061104, NULL, 1, '2025-05-12 08:45:04', '2025-05-12 08:45:04'),
(249, 276, 42, 4800.00, '2025-05-12', 5, 2025, 'CASH', 1747061160, NULL, 2, '2025-05-12 08:46:00', '2025-05-12 08:46:00'),
(250, 150, 36, 1000.00, '2025-05-12', 4, 2025, 'CASH', 1747061241, NULL, 2, '2025-05-12 08:47:21', '2025-05-12 08:47:21'),
(251, 270, 36, 750.00, '2025-05-12', 5, 2025, 'CASH', 1747061301, NULL, 1, '2025-05-12 08:48:21', '2025-05-12 08:48:21'),
(252, 324, 126, 1400.00, '2025-05-12', 5, 2025, 'CASH', 1747061760, NULL, 2, '2025-05-12 08:56:00', '2025-05-12 08:56:00'),
(253, 123, 7, 2000.00, '2025-05-12', 4, 2025, 'CASH', 1747064472, NULL, 2, '2025-05-12 09:41:12', '2025-05-12 09:41:12'),
(254, 302, 107, 5500.00, '2025-05-12', 5, 2025, 'CASH', 1747065393, NULL, 2, '2025-05-12 09:56:33', '2025-05-12 09:56:33'),
(255, 346, 119, 4500.00, '2025-05-12', 5, 2025, 'CASH', 1747066144, NULL, 2, '2025-05-12 10:09:04', '2025-05-12 10:09:04'),
(256, 322, 124, 4000.00, '2025-05-12', 5, 2025, 'CASH', 1747066347, NULL, 1, '2025-05-12 10:12:27', '2025-05-12 10:12:27'),
(257, 320, 118, 6000.00, '2025-05-13', 5, 2025, 'CASH', 1747112819, NULL, 2, '2025-05-12 23:06:59', '2025-05-12 23:06:59'),
(258, 318, 102, 6000.00, '2025-05-13', 5, 2025, 'CASH', 1747112955, NULL, 2, '2025-05-12 23:09:15', '2025-05-12 23:09:15'),
(259, 278, 44, 4200.00, '2025-05-13', 5, 2025, 'CASH', 1747146790, NULL, 2, '2025-05-13 08:33:10', '2025-05-13 08:33:10'),
(260, 213, 90, 10000.00, '2025-05-13', 4, 2025, 'CASH', 1747148984, NULL, 2, '2025-05-13 09:09:44', '2025-05-13 09:09:44'),
(261, 166, 53, 4500.00, '2025-05-13', 4, 2025, 'CASH', 1747149030, NULL, 2, '2025-05-13 09:10:30', '2025-05-13 09:10:30'),
(262, 286, 53, 3400.00, '2025-05-13', 5, 2025, 'CASH', 1747149074, NULL, 1, '2025-05-13 09:11:14', '2025-05-13 09:11:14'),
(263, 297, 65, 2000.00, '2025-05-13', 5, 2025, 'CASH', 1747151177, NULL, 2, '2025-05-13 09:46:17', '2025-05-13 09:46:17'),
(264, 271, 37, 5000.00, '2025-05-13', 5, 2025, 'CASH', 1747185049, NULL, 1, '2025-05-13 19:10:49', '2025-05-13 19:10:49'),
(265, 267, 33, 4000.00, '2025-05-13', 5, 2025, 'CASH', 1747185096, NULL, 2, '2025-05-13 19:11:36', '2025-05-13 19:11:36'),
(266, 268, 34, 4500.00, '2025-05-14', 5, 2025, 'CASH', 1747185175, NULL, 2, '2025-05-13 19:12:55', '2025-05-13 19:12:55'),
(267, 319, 117, 8000.00, '2025-05-14', 5, 2025, 'CASH', 1747194794, NULL, 2, '2025-05-13 21:53:14', '2025-05-13 21:53:14'),
(268, 249, 13, 4200.00, '2025-05-14', 5, 2025, 'CASH', 1747235508, NULL, 2, '2025-05-14 09:11:48', '2025-05-14 09:11:48'),
(269, 259, 24, 3800.00, '2025-05-14', 5, 2025, 'CASH', 1747235550, NULL, 2, '2025-05-14 09:12:30', '2025-05-14 09:12:30'),
(270, 343, 83, 4600.00, '2025-05-14', 5, 2025, 'CASH', 1747235589, NULL, 2, '2025-05-14 09:13:09', '2025-05-14 09:13:09'),
(271, 295, 63, 4000.00, '2025-05-15', 5, 2025, 'CASH', 1747289456, NULL, 2, '2025-05-15 00:10:56', '2025-05-15 00:10:56'),
(273, 173, 60, 1430.00, '2025-05-15', 4, 2025, 'CASH', 1747322725, NULL, 2, '2025-05-15 09:25:25', '2025-05-15 09:25:25'),
(274, 292, 60, 3400.00, '2025-05-15', 5, 2025, 'CASH', 1747323001, NULL, 2, '2025-05-15 09:30:01', '2025-05-15 09:30:01'),
(275, 160, 46, 4000.00, '2025-05-15', 4, 2025, 'CASH', 1747323383, NULL, 2, '2025-05-15 09:36:23', '2025-05-15 09:36:23'),
(276, 251, 16, 4200.00, '2025-05-15', 5, 2025, 'CASH', 1747327149, NULL, 2, '2025-05-15 10:39:09', '2025-05-15 10:39:09'),
(277, 254, 19, 2400.00, '2025-05-15', 5, 2025, 'CASH', 1747327173, NULL, 2, '2025-05-15 10:39:33', '2025-05-15 10:39:33'),
(278, 236, 94, 10000.00, '2025-05-12', 5, 2025, 'CASH', 1747328618, NULL, 2, '2025-05-15 11:03:38', '2025-05-15 11:03:38'),
(279, 350, 97, 8700.00, '2025-05-15', 5, 2025, 'CASH', 1747328878, NULL, 1, '2025-05-15 11:07:58', '2025-05-15 11:07:58'),
(280, 321, 134, 9500.00, '2025-05-17', 5, 2025, 'CASH', 1747456382, NULL, 2, '2025-05-16 22:33:02', '2025-05-16 22:33:02'),
(281, 317, 101, 7500.00, '2025-05-17', 5, 2025, 'CASH', 1747456597, NULL, 2, '2025-05-16 22:36:37', '2025-05-16 22:36:37'),
(282, 291, 59, 4000.00, '2025-05-17', 5, 2025, 'CASH', 1747460884, NULL, 2, '2025-05-16 23:48:04', '2025-05-16 23:48:04'),
(283, 250, 15, 4500.00, '2025-05-17', 5, 2025, 'CASH', 1747492161, NULL, 2, '2025-05-17 08:29:21', '2025-05-17 08:29:21'),
(284, 293, 61, 3000.00, '2025-05-17', 5, 2025, 'CASH', 1747492204, NULL, 2, '2025-05-17 08:30:04', '2025-05-17 08:30:04'),
(285, 294, 62, 2000.00, '2025-05-17', 5, 2025, 'CASH', 1747492238, NULL, 2, '2025-05-17 08:30:38', '2025-05-17 08:30:38'),
(286, 257, 22, 2400.00, '2025-05-17', 5, 2025, 'CASH', 1747493531, NULL, 2, '2025-05-17 08:52:11', '2025-05-17 08:52:11'),
(287, 269, 35, 2400.00, '2025-05-17', 5, 2025, 'CASH', 1747493800, NULL, 1, '2025-05-17 08:56:40', '2025-05-17 08:56:40'),
(288, 266, 32, 4200.00, '2025-05-17', 5, 2025, 'BKASH', 1747495974, NULL, 2, '2025-05-17 09:32:54', '2025-05-17 09:32:54'),
(289, 228, 86, 10000.00, '2025-05-18', 5, 2025, 'CASH', 1747581436, NULL, 2, '2025-05-18 09:17:16', '2025-05-18 09:17:16'),
(290, 255, 20, 2400.00, '2025-05-18', 5, 2025, 'CASH', 1747582650, NULL, 2, '2025-05-18 09:37:30', '2025-05-18 09:37:30'),
(291, 234, 92, 9000.00, '2025-05-19', 5, 2025, 'CASH', 1747670214, NULL, 2, '2025-05-19 09:56:54', '2025-05-19 09:56:54'),
(292, 341, 81, 4000.00, '2025-05-19', 5, 2025, 'CASH', 1747670491, NULL, 2, '2025-05-19 10:01:31', '2025-05-19 10:01:31'),
(293, 332, 139, 1400.00, '2025-05-19', 5, 2025, 'CASH', 1747728317, NULL, 2, '2025-05-20 02:05:17', '2025-05-20 02:05:17'),
(294, 351, 48, 4600.00, '2025-05-20', 5, 2025, 'CASH', 1747730317, NULL, 2, '2025-05-20 02:38:37', '2025-05-20 02:38:37'),
(295, 284, 51, 2100.00, '2025-05-20', 5, 2025, 'CASH', 1747730347, NULL, 2, '2025-05-20 02:39:07', '2025-05-20 02:39:07'),
(296, 330, 132, 1400.00, '2025-05-20', 5, 2025, 'CASH', 1747730505, NULL, 2, '2025-05-20 02:41:45', '2025-05-20 02:41:45'),
(297, 328, 130, 1400.00, '2025-05-20', 5, 2025, 'CASH', 1747748252, NULL, 2, '2025-05-20 07:37:32', '2025-05-20 07:37:32'),
(298, 329, 131, 1400.00, '2025-05-20', 5, 2025, 'CASH', 1747748450, NULL, 2, '2025-05-20 07:40:50', '2025-05-20 07:40:50'),
(299, 247, 11, 7000.00, '2025-05-20', 5, 2025, 'CASH', 1747749184, NULL, 2, '2025-05-20 07:53:04', '2025-05-20 07:53:04'),
(300, 308, 114, 1700.00, '2025-05-20', 5, 2025, 'CASH', 1747750860, NULL, 2, '2025-05-20 08:21:00', '2025-05-20 08:21:00');

-- --------------------------------------------------------

--
-- Table structure for table `roles`
--

CREATE TABLE `roles` (
  `id` bigint(20) UNSIGNED NOT NULL,
  `name` varchar(191) NOT NULL,
  `guard_name` varchar(191) NOT NULL,
  `created_at` timestamp NULL DEFAULT NULL,
  `updated_at` timestamp NULL DEFAULT NULL
) ENGINE=MyISAM DEFAULT CHARSET=utf8mb4 COLLATE=utf8mb4_unicode_ci;

--
-- Dumping data for table `roles`
--

INSERT INTO `roles` (`id`, `name`, `guard_name`, `created_at`, `updated_at`) VALUES
(1, 'superadmin', 'web', '2020-03-12 14:19:59', '2020-03-12 14:19:59'),
(2, 'admin', 'web', '2020-03-12 14:19:59', '2020-03-12 14:19:59'),
(3, 'user', 'web', '2020-03-12 14:19:59', '2020-03-12 14:19:59'),
(4, 'agent', 'web', '2020-03-12 14:19:59', '2020-03-12 14:19:59'),
(5, 'support', 'web', '2020-03-12 14:19:59', '2020-03-12 14:19:59'),
(6, 'member', 'web', '2020-03-12 14:19:59', '2020-03-12 14:19:59'),
(7, 'Employee', 'web', '2023-09-09 11:52:30', '2023-09-09 11:52:30');

-- --------------------------------------------------------

--
-- Table structure for table `role_has_permissions`
--

CREATE TABLE `role_has_permissions` (
  `permission_id` bigint(20) UNSIGNED NOT NULL,
  `role_id` bigint(20) UNSIGNED NOT NULL
) ENGINE=MyISAM DEFAULT CHARSET=utf8mb4 COLLATE=utf8mb4_unicode_ci;

--
-- Dumping data for table `role_has_permissions`
--

INSERT INTO `role_has_permissions` (`permission_id`, `role_id`) VALUES
(2, 2),
(2, 3),
(3, 2),
(3, 3),
(4, 2),
(4, 3),
(5, 2),
(5, 3),
(6, 2),
(6, 3),
(7, 2),
(7, 3),
(8, 2),
(8, 3),
(9, 2),
(9, 3),
(10, 2),
(10, 3),
(11, 2),
(11, 3),
(12, 2),
(12, 3),
(13, 2),
(13, 3),
(14, 2),
(14, 3),
(15, 2),
(15, 3),
(16, 2),
(16, 3);

-- --------------------------------------------------------

--
-- Table structure for table `salary_records`
--

CREATE TABLE `salary_records` (
  `id` bigint(20) UNSIGNED NOT NULL,
  `user_id` bigint(20) UNSIGNED NOT NULL,
  `employee_id` bigint(20) UNSIGNED NOT NULL,
  `payment_method_id` bigint(20) UNSIGNED NOT NULL,
  `payment_month` int(11) NOT NULL,
  `payment_year` int(11) NOT NULL,
  `salary_amount` decimal(10,2) NOT NULL,
  `status` tinyint(4) NOT NULL,
  `payment_date` datetime DEFAULT NULL,
  `note` text DEFAULT NULL,
  `bonous` decimal(10,2) DEFAULT NULL,
  `created_at` timestamp NULL DEFAULT NULL,
  `updated_at` timestamp NULL DEFAULT NULL
) ENGINE=InnoDB DEFAULT CHARSET=utf8mb4 COLLATE=utf8mb4_unicode_ci;

-- --------------------------------------------------------

--
-- Table structure for table `sessions`
--

CREATE TABLE `sessions` (
  `id` varchar(255) NOT NULL,
  `user_id` bigint(20) UNSIGNED DEFAULT NULL,
  `ip_address` varchar(45) DEFAULT NULL,
  `user_agent` text DEFAULT NULL,
  `payload` text NOT NULL,
  `last_activity` int(11) NOT NULL
) ENGINE=InnoDB DEFAULT CHARSET=utf8mb4 COLLATE=utf8mb4_unicode_ci;

-- --------------------------------------------------------

--
-- Table structure for table `settings`
--

CREATE TABLE `settings` (
  `id` bigint(20) UNSIGNED NOT NULL,
  `user_id` bigint(20) UNSIGNED NOT NULL,
  `logo` varchar(255) NOT NULL,
  `fav_icon` varchar(255) NOT NULL,
  `site_title` varchar(255) NOT NULL,
  `short_description` mediumtext NOT NULL,
  `helpline_number` varchar(255) DEFAULT NULL,
  `contract_number` varchar(255) NOT NULL,
  `institute_email` varchar(255) NOT NULL,
  `principle_email` varchar(255) DEFAULT NULL,
  `messenger_link` varchar(255) NOT NULL,
  `fb_link` varchar(255) DEFAULT NULL,
  `instagram_link` varchar(255) DEFAULT NULL,
  `youtube_link` varchar(255) DEFAULT NULL,
  `linkedin` varchar(255) DEFAULT NULL,
  `address` mediumtext NOT NULL,
  `map` mediumtext DEFAULT NULL,
  `copyright_text` varchar(255) NOT NULL,
  `meta_title` varchar(255) DEFAULT NULL,
  `meta_description` text DEFAULT NULL,
  `keywords` varchar(255) DEFAULT NULL,
  `meta_url` varchar(255) DEFAULT NULL,
  `meta_img` varchar(255) DEFAULT NULL,
  `created_at` timestamp NULL DEFAULT NULL,
  `updated_at` timestamp NULL DEFAULT NULL
) ENGINE=InnoDB DEFAULT CHARSET=utf8mb4 COLLATE=utf8mb4_unicode_ci;

--
-- Dumping data for table `settings`
--

INSERT INTO `settings` (`id`, `user_id`, `logo`, `fav_icon`, `site_title`, `short_description`, `helpline_number`, `contract_number`, `institute_email`, `principle_email`, `messenger_link`, `fb_link`, `instagram_link`, `youtube_link`, `linkedin`, `address`, `map`, `copyright_text`, `meta_title`, `meta_description`, `keywords`, `meta_url`, `meta_img`, `created_at`, `updated_at`) VALUES
(1, 2, '1733653397_logo.jpg', '1733653170_favicon.webp', 'asifdafd', 'asif hossain', '01758040074', '01758040074', 'institute@gmail.com', 'asif@gmail.com', 'messenger.com', 'https://www.facebook.com/', 'http://localhost/Fabrilife/setting', 'Anim reprehenderit b', 'http://localhost/Fabrilife/setting', 'muktarpara sirajgong', NULL, 'asif@gmail.com', NULL, NULL, NULL, NULL, '1733653383_meta.jpg', NULL, '2024-12-08 04:23:17');

-- --------------------------------------------------------

--
-- Table structure for table `teams`
--

CREATE TABLE `teams` (
  `id` bigint(20) UNSIGNED NOT NULL,
  `user_id` bigint(20) UNSIGNED NOT NULL,
  `name` varchar(255) NOT NULL,
  `personal_team` tinyint(1) NOT NULL,
  `created_at` timestamp NULL DEFAULT NULL,
  `updated_at` timestamp NULL DEFAULT NULL
) ENGINE=InnoDB DEFAULT CHARSET=utf8mb4 COLLATE=utf8mb4_unicode_ci;

-- --------------------------------------------------------

--
-- Table structure for table `transactions`
--

CREATE TABLE `transactions` (
  `id` bigint(20) UNSIGNED NOT NULL,
  `user_id` bigint(20) UNSIGNED NOT NULL,
  `payment_method_id` bigint(20) UNSIGNED NOT NULL,
  `transactionable_id` int(11) DEFAULT NULL,
  `transactionable_type` varchar(255) DEFAULT NULL,
  `type` tinyint(4) NOT NULL,
  `sent_amount` int(11) DEFAULT NULL,
  `receive_amount` int(11) DEFAULT NULL,
  `reference` varchar(255) DEFAULT NULL,
  `note` varchar(255) DEFAULT NULL,
  `transaction_date` datetime NOT NULL,
  `created_at` timestamp NULL DEFAULT NULL,
  `updated_at` timestamp NULL DEFAULT NULL
) ENGINE=InnoDB DEFAULT CHARSET=utf8mb4 COLLATE=utf8mb4_unicode_ci;

--
-- Dumping data for table `transactions`
--

INSERT INTO `transactions` (`id`, `user_id`, `payment_method_id`, `transactionable_id`, `transactionable_type`, `type`, `sent_amount`, `receive_amount`, `reference`, `note`, `transaction_date`, `created_at`, `updated_at`) VALUES
(43, 2, 2, 14, 'App\\Models\\IncomeExpence', 1, 1000, NULL, 'TI', NULL, '2025-03-01 02:39:01', '2025-02-28 20:39:01', '2025-02-28 20:39:01'),
(44, 2, 2, 15, 'App\\Models\\IncomeExpence', 1, 1000, NULL, 'TI', NULL, '2025-03-01 02:40:41', '2025-02-28 20:40:41', '2025-02-28 20:40:41'),
(45, 2, 2, 16, 'App\\Models\\IncomeExpence', 1, 1000, NULL, 'TI', NULL, '2025-03-01 02:41:25', '2025-02-28 20:41:25', '2025-02-28 20:41:25'),
(46, 2, 2, 17, 'App\\Models\\IncomeExpence', 1, 1000, NULL, 'TI', NULL, '2025-03-01 02:42:38', '2025-02-28 20:42:38', '2025-02-28 20:42:38'),
(47, 2, 2, 18, 'App\\Models\\IncomeExpence', 1, 1000, NULL, 'TI', NULL, '2025-03-01 02:43:24', '2025-02-28 20:43:24', '2025-02-28 20:43:24'),
(48, 2, 1, 19, 'App\\Models\\IncomeExpence', 1, 220, NULL, 'TI', 'টমেটো২কেজি, সিম১কেজি, গাজর ১কেজি, খিরাই১কেজি, লেবু ১হালি।', '2025-03-02 09:48:42', '2025-03-02 03:48:42', '2025-03-02 03:48:42'),
(49, 2, 1, 20, 'App\\Models\\RentCollectionHistory', 0, NULL, 4600, NULL, NULL, '2025-03-02 14:17:00', '2025-03-02 08:17:00', '2025-03-02 08:17:00'),
(50, 2, 2, 20, 'App\\Models\\IncomeExpence', 1, 1000, NULL, 'TI', NULL, '2025-03-02 16:23:11', '2025-03-02 10:23:11', '2025-03-02 10:23:11'),
(51, 2, 1, 21, 'App\\Models\\IncomeExpence', 1, 50, NULL, 'TI', 'উস্তা হাপ কেজি -৫০', '2025-03-03 07:06:41', '2025-03-03 01:06:41', '2025-03-03 01:06:41'),
(52, 2, 1, 21, 'App\\Models\\RentCollectionHistory', 0, NULL, 2100, NULL, NULL, '2025-03-03 10:33:58', '2025-03-03 04:33:58', '2025-03-03 04:33:58'),
(53, 2, 1, 22, 'App\\Models\\RentCollectionHistory', 0, NULL, 5300, NULL, NULL, '2025-03-03 16:23:43', '2025-03-03 10:23:43', '2025-03-03 10:23:43'),
(54, 2, 1, 22, 'App\\Models\\IncomeExpence', 1, 1000, NULL, 'TI', 'টানা মটরের অটো ক্রয়-৭০০+মিস্ত্রি বিল বাবদ-৩০০।', '2025-03-04 05:43:57', '2025-03-03 23:43:57', '2025-03-03 23:43:57'),
(55, 2, 1, 23, 'App\\Models\\RentCollectionHistory', 0, NULL, 4800, NULL, NULL, '2025-03-04 05:53:03', '2025-03-03 23:53:03', '2025-03-03 23:53:03'),
(56, 2, 1, 23, 'App\\Models\\IncomeExpence', 1, 3000, NULL, 'TI', 'ইসলামপুর মাদ্রাসায় দান বাবদ।', '2025-03-04 05:55:57', '2025-03-03 23:55:57', '2025-03-03 23:55:57'),
(57, 2, 1, 24, 'App\\Models\\IncomeExpence', 1, 1600, NULL, 'TI', 'বিলতুর জামা ক্রয় বাবদ', '2025-03-04 06:55:50', '2025-03-04 00:55:50', '2025-03-04 00:55:50'),
(58, 2, 1, 24, 'App\\Models\\RentCollectionHistory', 0, NULL, 1700, NULL, NULL, '2025-03-04 15:29:53', '2025-03-04 09:29:53', '2025-03-04 09:29:53'),
(59, 2, 1, 25, 'App\\Models\\RentCollectionHistory', 0, NULL, 2100, NULL, NULL, '2025-03-04 16:07:18', '2025-03-04 10:07:18', '2025-03-04 10:07:18'),
(60, 2, 1, 25, 'App\\Models\\IncomeExpence', 1, 200, NULL, 'TI', 'দান বাবদ', '2025-03-04 16:32:00', '2025-03-04 10:32:00', '2025-03-04 10:32:00'),
(61, 2, 1, 26, 'App\\Models\\IncomeExpence', 1, 285, NULL, 'TI', '১টা বেল-৮০, দারা সাক৩মুডা-৩৫,সিম১কেজি-৬০, পালঙ্গ সাক,বেগুন-১১০।', '2025-03-05 07:15:05', '2025-03-05 01:15:05', '2025-03-05 01:15:05'),
(62, 2, 1, 26, 'App\\Models\\RentCollectionHistory', 0, NULL, 4000, NULL, NULL, '2025-03-05 13:59:50', '2025-03-05 07:59:50', '2025-03-05 07:59:50'),
(63, 2, 1, 27, 'App\\Models\\RentCollectionHistory', 0, NULL, 2100, NULL, NULL, '2025-03-05 16:22:58', '2025-03-05 10:22:58', '2025-03-05 10:22:58'),
(65, 2, 1, 28, 'App\\Models\\IncomeExpence', 1, 1000, NULL, 'TI', 'বাসার ০৯ নং বিদ্যুৎ মিটারে টাকা রিচার্জ।', '2025-03-06 06:56:06', '2025-03-06 00:56:06', '2025-03-06 00:56:06'),
(66, 2, 1, 28, 'App\\Models\\RentCollectionHistory', 0, NULL, 4200, NULL, NULL, '2025-03-06 08:42:51', '2025-03-06 02:42:51', '2025-03-06 02:42:51'),
(67, 2, 1, 29, 'App\\Models\\IncomeExpence', 1, 1000, NULL, 'TI', NULL, '2025-03-06 13:18:39', '2025-03-06 07:18:39', '2025-03-06 07:18:39'),
(68, 2, 1, 29, 'App\\Models\\RentCollectionHistory', 0, NULL, 4600, NULL, NULL, '2025-03-06 13:53:17', '2025-03-06 07:53:17', '2025-03-06 07:53:17'),
(69, 2, 1, 30, 'App\\Models\\RentCollectionHistory', 0, NULL, 4200, NULL, NULL, '2025-03-06 16:07:56', '2025-03-06 10:07:56', '2025-03-06 10:07:56'),
(70, 2, 1, 31, 'App\\Models\\RentCollectionHistory', 0, NULL, 2100, NULL, NULL, '2025-03-06 16:09:00', '2025-03-06 10:09:00', '2025-03-06 10:09:00'),
(71, 2, 1, 32, 'App\\Models\\RentCollectionHistory', 0, NULL, 4500, NULL, NULL, '2025-03-06 16:11:18', '2025-03-06 10:11:18', '2025-03-06 10:11:18'),
(72, 2, 1, 33, 'App\\Models\\RentCollectionHistory', 0, NULL, 4200, NULL, NULL, '2025-03-06 16:51:23', '2025-03-06 10:51:23', '2025-03-06 10:51:23'),
(73, 2, 1, 34, 'App\\Models\\RentCollectionHistory', 0, NULL, 750, NULL, NULL, '2025-03-06 16:55:41', '2025-03-06 10:55:41', '2025-03-06 10:55:41'),
(74, 2, 1, 35, 'App\\Models\\RentCollectionHistory', 0, NULL, 6000, NULL, NULL, '2025-03-07 10:12:57', '2025-03-07 04:12:57', '2025-03-07 04:12:57'),
(75, 2, 1, 30, 'App\\Models\\IncomeExpence', 1, 1000, NULL, 'Ti', '৪লিটার তেল-৭০০,৫কেজি আলু-১২৫,লেবু-৪০।', '2025-03-07 10:24:44', '2025-03-07 04:24:44', '2025-03-07 04:24:44'),
(76, 2, 1, 31, 'App\\Models\\IncomeExpence', 1, 2900, NULL, 'TI', 'পাঙ্গাস মাস ৪কেজি-৮০০ চিংড়ি মাছ২কেজি-১২০০, রুই মাছ ৩কেজি-৯০০ -ফ্ল্যাট জানুয়ারী মাস পাবে বাসা থেকে।', '2025-03-07 10:43:22', '2025-03-07 04:43:22', '2025-03-07 04:43:22'),
(77, 2, 1, 32, 'App\\Models\\IncomeExpence', 1, 55, NULL, 'TI', 'টমেটো ২কেজি-৪০, কাঁচা মরিচ-১৫', '2025-03-08 06:18:29', '2025-03-08 00:18:29', '2025-03-08 00:18:29'),
(78, 2, 1, 33, 'App\\Models\\IncomeExpence', 1, 150, NULL, 'TI', 'দ্বারা সাক,লম্বা বেগুন,সিম বিচি,ধনিয়াপাতা-১৫০', '2025-03-08 06:22:40', '2025-03-08 00:22:40', '2025-03-08 00:22:40'),
(79, 2, 1, 34, 'App\\Models\\IncomeExpence', 1, 530, NULL, 'TI', 'পাবদা মাছ১কেজি- ৩০০টাকা, লাউ,উস্তা,দ্বারা সাক, টমেটো-২৩০ টাকা।', '2025-03-08 06:31:01', '2025-03-08 00:31:01', '2025-03-08 00:31:01'),
(80, 2, 1, 36, 'App\\Models\\RentCollectionHistory', 0, NULL, 8000, NULL, NULL, '2025-03-08 06:36:18', '2025-03-08 00:36:18', '2025-03-08 00:36:18'),
(81, 2, 1, 37, 'App\\Models\\RentCollectionHistory', 0, NULL, 9000, NULL, NULL, '2025-03-08 07:08:59', '2025-03-08 01:08:59', '2025-03-08 01:08:59'),
(83, 2, 1, 36, 'App\\Models\\IncomeExpence', 1, 1350, NULL, 'TI', '২৫কেজি চাউলের বস্তা দান বাবদ।', '2025-03-08 07:15:10', '2025-03-08 01:15:10', '2025-03-08 01:15:10'),
(84, 2, 1, 38, 'App\\Models\\RentCollectionHistory', 0, NULL, 2300, NULL, NULL, '2025-03-08 09:33:24', '2025-03-08 03:33:24', '2025-03-08 03:33:24'),
(85, 2, 1, 39, 'App\\Models\\RentCollectionHistory', 0, NULL, 4200, NULL, NULL, '2025-03-08 13:07:37', '2025-03-08 07:07:37', '2025-03-08 07:07:37'),
(86, 2, 1, 40, 'App\\Models\\RentCollectionHistory', 0, NULL, 4200, NULL, NULL, '2025-03-08 16:23:39', '2025-03-08 10:23:39', '2025-03-08 10:23:39'),
(87, 2, 1, 37, 'App\\Models\\IncomeExpence', 1, 1000, NULL, 'TI', '২নং মিটারে টাকা রিচার্জ।', '2025-03-08 16:35:18', '2025-03-08 10:35:18', '2025-03-08 10:35:18'),
(88, 2, 1, 38, 'App\\Models\\IncomeExpence', 1, 500, NULL, 'TI', '০৭ নং মিটারে টাকা রিচার্জ।', '2025-03-08 16:40:03', '2025-03-08 10:40:03', '2025-03-08 10:40:03'),
(89, 2, 1, 39, 'App\\Models\\IncomeExpence', 1, 500, NULL, 'TI', '০৮ নং মিটারে টাকা রিচার্জ।', '2025-03-08 16:42:14', '2025-03-08 10:42:14', '2025-03-08 10:42:14'),
(90, 2, 1, 40, 'App\\Models\\IncomeExpence', 1, 500, NULL, 'TI', '০৯ নং মিটারে টাকা রিচার্জ।', '2025-03-08 16:42:41', '2025-03-08 10:42:41', '2025-03-08 10:42:41'),
(91, 2, 1, 41, 'App\\Models\\IncomeExpence', 1, 1000, NULL, NULL, 'পানি টানা মটরের মিটারে টাকা রিচার্জ-১০০০।', '2025-03-08 16:44:46', '2025-03-08 10:44:46', '2025-03-08 10:44:46'),
(92, 2, 1, 42, 'App\\Models\\IncomeExpence', 1, 1000, NULL, 'TI', 'সাবমার্সিবল মটরের বিদ্যুৎ মিটারে টাকা রিচার্জ-১০০০।', '2025-03-08 16:45:59', '2025-03-08 10:45:59', '2025-03-08 10:45:59'),
(94, 2, 1, 43, 'App\\Models\\IncomeExpence', 1, 110, NULL, 'TI', 'মিষ্টি কুমড়া-৫০, মিস্টি আলু২কেজি-৬০', '2025-03-09 07:49:22', '2025-03-09 01:49:22', '2025-03-09 01:49:22'),
(95, 2, 1, 42, 'App\\Models\\RentCollectionHistory', 0, NULL, 10000, NULL, NULL, '2025-03-09 08:35:47', '2025-03-09 02:35:47', '2025-03-09 02:35:47'),
(96, 2, 1, 43, 'App\\Models\\RentCollectionHistory', 0, NULL, 8500, NULL, NULL, '2025-03-09 09:13:51', '2025-03-09 03:13:51', '2025-03-09 03:13:51'),
(97, 2, 1, 44, 'App\\Models\\IncomeExpence', 1, 2200, NULL, 'TI', '২৫ কেজি চাউলের বস্তা ক্রয় বাবদ।', '2025-03-09 13:31:47', '2025-03-09 07:31:47', '2025-03-09 07:31:47'),
(98, 2, 1, 44, 'App\\Models\\RentCollectionHistory', 0, NULL, 2100, NULL, NULL, '2025-03-09 14:07:54', '2025-03-09 08:07:54', '2025-03-09 08:07:54'),
(99, 2, 1, 45, 'App\\Models\\IncomeExpence', 1, 1000, NULL, 'TI', 'শিবপুর মাদ্রাসায় দান বাবদ', '2025-03-09 14:11:53', '2025-03-09 08:11:53', '2025-03-09 08:11:53'),
(100, 2, 1, 45, 'App\\Models\\RentCollectionHistory', 0, NULL, 4600, NULL, NULL, '2025-03-09 16:23:29', '2025-03-09 10:23:29', '2025-03-09 10:23:29'),
(101, 2, 1, 46, 'App\\Models\\RentCollectionHistory', 0, NULL, 4600, NULL, NULL, '2025-03-09 16:23:51', '2025-03-09 10:23:51', '2025-03-09 10:23:51'),
(102, 2, 1, 46, 'App\\Models\\IncomeExpence', 1, 160, NULL, 'TI', 'সিম ১কেজি,ফুল কবি,কঁচুর লতি।', '2025-03-10 05:58:51', '2025-03-09 23:58:51', '2025-03-09 23:58:51'),
(103, 2, 1, 47, 'App\\Models\\RentCollectionHistory', 0, NULL, 2940, NULL, '2940 টাকা পরিশোধ করেছেন 2860 টাকা বাকী রয়েছে।', '2025-03-10 06:06:48', '2025-03-10 00:06:48', '2025-03-10 00:06:48'),
(104, 2, 1, 47, 'App\\Models\\IncomeExpence', 1, 1000, NULL, 'TI', '০৯নং বিদ্যুৎ মিটারে টাকা রিচার্জ।', '2025-03-10 06:09:44', '2025-03-10 00:09:44', '2025-03-10 00:09:44'),
(105, 2, 1, 48, 'App\\Models\\RentCollectionHistory', 0, NULL, 1700, NULL, NULL, '2025-03-10 13:14:28', '2025-03-10 07:14:28', '2025-03-10 07:14:28'),
(106, 2, 1, 49, 'App\\Models\\RentCollectionHistory', 0, NULL, 1700, NULL, NULL, '2025-03-10 13:23:40', '2025-03-10 07:23:40', '2025-03-10 07:23:40'),
(107, 2, 1, 50, 'App\\Models\\RentCollectionHistory', 0, NULL, 4600, NULL, NULL, '2025-03-10 13:37:17', '2025-03-10 07:37:17', '2025-03-10 07:37:17'),
(108, 2, 1, 51, 'App\\Models\\RentCollectionHistory', 0, NULL, 1750, NULL, NULL, '2025-03-10 16:46:46', '2025-03-10 10:46:46', '2025-03-10 10:46:46'),
(109, 2, 1, 48, 'App\\Models\\IncomeExpence', 1, 6000, NULL, 'TI', 'কাকার বেতন ফেব্রূয়ারী-২০২৫ইং মাস ।', '2025-03-10 17:29:36', '2025-03-10 11:29:36', '2025-03-10 11:29:36'),
(110, 2, 1, 49, 'App\\Models\\IncomeExpence', 1, 6000, NULL, 'TI', 'কাকার বেতন ফেব্রূয়ারী-২০২৫ইং মাস।', '2025-03-10 17:30:56', '2025-03-10 11:30:56', '2025-03-10 11:30:56'),
(111, 2, 1, 52, 'App\\Models\\RentCollectionHistory', 0, NULL, 7000, NULL, NULL, '2025-03-11 10:15:21', '2025-03-11 04:15:21', '2025-03-11 04:15:21'),
(113, 2, 1, 54, 'App\\Models\\RentCollectionHistory', 0, NULL, 3000, NULL, NULL, '2025-03-11 10:37:12', '2025-03-11 04:37:12', '2025-03-11 04:37:12'),
(114, 2, 1, 50, 'App\\Models\\IncomeExpence', 1, 1000, NULL, 'TI', 'বিলতু নগত ১০০০ টাকা।', '2025-03-11 13:49:28', '2025-03-11 07:49:28', '2025-03-11 07:49:28'),
(115, 2, 1, 55, 'App\\Models\\RentCollectionHistory', 0, NULL, 4500, NULL, NULL, '2025-03-11 14:00:56', '2025-03-11 08:00:56', '2025-03-11 08:00:56'),
(116, 2, 1, 56, 'App\\Models\\RentCollectionHistory', 0, NULL, 5000, NULL, NULL, '2025-03-11 14:04:58', '2025-03-11 08:04:58', '2025-03-11 08:04:58'),
(117, 2, 1, 57, 'App\\Models\\RentCollectionHistory', 0, NULL, 2700, NULL, NULL, '2025-03-11 16:01:43', '2025-03-11 10:01:43', '2025-03-11 10:01:43'),
(118, 2, 1, 58, 'App\\Models\\RentCollectionHistory', 0, NULL, 2100, NULL, NULL, '2025-03-11 16:02:07', '2025-03-11 10:02:07', '2025-03-11 10:02:07'),
(120, 2, 1, 60, 'App\\Models\\RentCollectionHistory', 0, NULL, 4000, NULL, NULL, '2025-03-11 16:29:29', '2025-03-11 10:29:29', '2025-03-11 10:29:29'),
(121, 2, 1, 61, 'App\\Models\\RentCollectionHistory', 0, NULL, 4500, NULL, NULL, '2025-03-11 16:30:03', '2025-03-11 10:30:03', '2025-03-11 10:30:03'),
(122, 2, 1, 62, 'App\\Models\\RentCollectionHistory', 0, NULL, 1500, NULL, NULL, '2025-03-11 16:45:00', '2025-03-11 10:45:00', '2025-03-11 10:45:00'),
(123, 2, 1, 63, 'App\\Models\\RentCollectionHistory', 0, NULL, 4400, NULL, NULL, '2025-03-12 07:02:23', '2025-03-12 01:02:23', '2025-03-12 01:02:23'),
(124, 2, 1, 64, 'App\\Models\\RentCollectionHistory', 0, NULL, 2100, NULL, NULL, '2025-03-12 07:04:07', '2025-03-12 01:04:07', '2025-03-12 01:04:07'),
(125, 2, 2, 51, 'App\\Models\\IncomeExpence', 1, 1000, NULL, 'TI', '০২নং মিটারে ১০০০ টাকা রিচার্জ বাবদ।', '2025-03-12 07:13:16', '2025-03-12 01:13:16', '2025-03-12 01:13:16'),
(126, 2, 1, 52, 'App\\Models\\IncomeExpence', 1, 4000, NULL, 'TI', 'বুয়ার ফেব্রুয়ারি ২৫ইং মাসের বেতন।', '2025-03-12 08:17:40', '2025-03-12 02:17:40', '2025-03-12 02:17:40'),
(127, 2, 1, 53, 'App\\Models\\IncomeExpence', 1, 1340, NULL, 'TI', 'চাকা পাওডার ক্রয়২কেজি-৩০০, কাঁচ কলা,লাউ, লম্বা বেগুন,ধনিয়া পাতা-১৮০, শিং মাছ ২.৪০০গ্রাম-৮৬০.', '2025-03-12 08:25:34', '2025-03-12 02:25:34', '2025-03-12 02:25:34'),
(128, 2, 1, 65, 'App\\Models\\RentCollectionHistory', 0, NULL, 2000, NULL, NULL, '2025-03-12 14:46:29', '2025-03-12 08:46:29', '2025-03-12 08:46:29'),
(129, 2, 1, 66, 'App\\Models\\RentCollectionHistory', 0, NULL, 3000, NULL, NULL, '2025-03-12 15:04:26', '2025-03-12 09:04:26', '2025-03-12 09:04:26'),
(130, 2, 1, 67, 'App\\Models\\RentCollectionHistory', 0, NULL, 2000, NULL, NULL, '2025-03-12 15:04:51', '2025-03-12 09:04:51', '2025-03-12 09:04:51'),
(131, 2, 1, 68, 'App\\Models\\RentCollectionHistory', 0, NULL, 1450, NULL, NULL, '2025-03-12 15:25:25', '2025-03-12 09:25:25', '2025-03-12 09:25:25'),
(132, 2, 1, 69, 'App\\Models\\RentCollectionHistory', 0, NULL, 2300, NULL, NULL, '2025-03-12 15:51:59', '2025-03-12 09:51:59', '2025-03-12 09:51:59'),
(133, 2, 1, 54, 'App\\Models\\IncomeExpence', 1, 1000, NULL, 'TI', 'ফ্ল্যাট বাসার পানির টানা মটরের বিদ্যুৎ মিটারে রিচার্জ-১০০০।', '2025-03-13 09:10:47', '2025-03-13 03:10:47', '2025-03-13 03:10:47'),
(134, 2, 1, 70, 'App\\Models\\RentCollectionHistory', 0, NULL, 6000, NULL, NULL, '2025-03-13 11:48:50', '2025-03-13 05:48:50', '2025-03-13 05:48:50'),
(135, 2, 1, 55, 'App\\Models\\IncomeExpence', 1, 4000, NULL, 'TI', 'বুয়ার বেতন বাবদ।', '2025-03-13 11:55:32', '2025-03-13 05:55:32', '2025-03-13 05:55:32'),
(136, 2, 1, 56, 'App\\Models\\IncomeExpence', 1, 40, NULL, 'TI', '২কেজি টমেটো ।', '2025-03-13 15:01:57', '2025-03-13 09:01:57', '2025-03-13 09:01:57'),
(137, 2, 1, 71, 'App\\Models\\RentCollectionHistory', 0, NULL, 4200, NULL, NULL, '2025-03-13 15:09:36', '2025-03-13 09:09:36', '2025-03-13 09:09:36'),
(138, 2, 1, 72, 'App\\Models\\RentCollectionHistory', 0, NULL, 5500, NULL, NULL, '2025-03-13 15:12:58', '2025-03-13 09:12:58', '2025-03-13 09:12:58'),
(139, 2, 1, 57, 'App\\Models\\IncomeExpence', 1, 500, NULL, 'TI', NULL, '2025-03-13 15:24:36', '2025-03-13 09:24:36', '2025-03-13 09:24:36'),
(140, 2, 1, 73, 'App\\Models\\RentCollectionHistory', 0, NULL, 1500, NULL, NULL, '2025-03-13 15:59:21', '2025-03-13 09:59:21', '2025-03-13 09:59:21'),
(141, 2, 1, 58, 'App\\Models\\IncomeExpence', 1, 160, NULL, 'TI', '২কেজি রসুন ক্রয়।', '2025-03-14 14:18:02', '2025-03-14 08:18:02', '2025-03-14 08:18:02'),
(142, 2, 1, 59, 'App\\Models\\IncomeExpence', 1, 1000, NULL, 'TI', '১০ নং বিদ্যুৎ মিটারে টাকা রিচার্জ।', '2025-03-14 14:42:26', '2025-03-14 08:42:26', '2025-03-14 08:42:26'),
(143, 2, 1, 60, 'App\\Models\\IncomeExpence', 1, 1000, NULL, 'TI', '৩নং বিদ্যুৎ মিটারে রিচার্জ।', '2025-03-14 14:56:15', '2025-03-14 08:56:15', '2025-03-14 08:56:15'),
(144, 2, 1, 74, 'App\\Models\\RentCollectionHistory', 0, NULL, 1450, NULL, NULL, '2025-03-14 15:08:06', '2025-03-14 09:08:06', '2025-03-14 09:08:06'),
(145, 2, 1, 61, 'App\\Models\\IncomeExpence', 1, 500, NULL, 'TI', 'এসি সার্ভিসিং বাবদ।', '2025-03-14 15:50:56', '2025-03-14 09:50:56', '2025-03-14 09:50:56'),
(146, 2, 1, 62, 'App\\Models\\IncomeExpence', 1, 1000, NULL, 'TI', 'তাজুল খরচা বাবদ।', '2025-03-15 09:39:14', '2025-03-15 03:39:14', '2025-03-15 03:39:14'),
(147, 2, 1, 63, 'App\\Models\\IncomeExpence', 1, 60, NULL, 'TI', 'খিরাই১কেজি-৩০, পুই সক ১মুডা-৩০।', '2025-03-15 09:40:31', '2025-03-15 03:40:31', '2025-03-15 03:40:31'),
(148, 2, 1, 75, 'App\\Models\\RentCollectionHistory', 0, NULL, 4000, NULL, NULL, '2025-03-15 15:16:03', '2025-03-15 09:16:03', '2025-03-15 09:16:03'),
(149, 2, 1, 76, 'App\\Models\\RentCollectionHistory', 0, NULL, 2300, NULL, NULL, '2025-03-15 15:16:48', '2025-03-15 09:16:48', '2025-03-15 09:16:48'),
(150, 2, 1, 77, 'App\\Models\\RentCollectionHistory', 0, NULL, 2000, NULL, NULL, '2025-03-15 15:17:25', '2025-03-15 09:17:25', '2025-03-15 09:17:25'),
(151, 2, 1, 64, 'App\\Models\\IncomeExpence', 1, 1000, NULL, 'TI', NULL, '2025-03-15 16:27:59', '2025-03-15 10:27:59', '2025-03-15 10:27:59'),
(152, 2, 1, 78, 'App\\Models\\RentCollectionHistory', 0, NULL, 2300, NULL, NULL, '2025-03-15 16:30:37', '2025-03-15 10:30:37', '2025-03-15 10:30:37'),
(153, 2, 1, 79, 'App\\Models\\RentCollectionHistory', 0, NULL, 8000, NULL, NULL, '2025-03-16 07:08:58', '2025-03-16 01:08:58', '2025-03-16 01:08:58'),
(154, 2, 1, 80, 'App\\Models\\RentCollectionHistory', 0, NULL, 5000, NULL, NULL, '2025-03-16 07:09:40', '2025-03-16 01:09:40', '2025-03-16 01:09:40'),
(155, 2, 1, 65, 'App\\Models\\IncomeExpence', 1, 200, NULL, 'TI', 'দ্বারা সাক,লাউ,লাউ সাক,টমেটো=২০০টাকা।', '2025-03-16 07:11:16', '2025-03-16 01:11:16', '2025-03-16 01:11:16'),
(156, 2, 1, 66, 'App\\Models\\IncomeExpence', 1, 500, NULL, 'TI', 'বাইতুস্সালাম জামে মসজিদে এপ্রিল মাসের হাদিয়া বাবদ।', '2025-03-16 07:43:14', '2025-03-16 01:43:14', '2025-03-16 01:43:14'),
(157, 2, 1, 67, 'App\\Models\\IncomeExpence', 1, 2000, NULL, 'TI', '০১, ১০ নং বিদ্যুৎ মিটারে টাকা রিচার্জ বাবদ।', '2025-03-16 07:45:11', '2025-03-16 01:45:11', '2025-03-16 01:45:11'),
(158, 2, 1, 68, 'App\\Models\\IncomeExpence', 1, 7000, NULL, 'TI', 'দোকানের জানুয়ারী,ফেব্রূয়ারী-২৫ইং মাসের বকেয়া পরিশোধ।', '2025-03-16 08:10:06', '2025-03-16 02:10:06', '2025-03-16 02:10:06'),
(159, 2, 1, 81, 'App\\Models\\RentCollectionHistory', 0, NULL, 1750, NULL, NULL, '2025-03-16 08:32:49', '2025-03-16 02:32:49', '2025-03-16 02:32:49'),
(160, 2, 1, 82, 'App\\Models\\RentCollectionHistory', 0, NULL, 4000, NULL, NULL, '2025-03-16 13:34:51', '2025-03-16 07:34:51', '2025-03-16 07:34:51'),
(161, 2, 1, 83, 'App\\Models\\RentCollectionHistory', 0, NULL, 2000, NULL, NULL, '2025-03-17 14:14:21', '2025-03-17 08:14:21', '2025-03-17 08:14:21'),
(163, 2, 1, 70, 'App\\Models\\IncomeExpence', 1, 1000, NULL, 'TI', NULL, '2025-03-17 14:16:21', '2025-03-17 08:16:21', '2025-03-17 08:16:21'),
(164, 2, 1, 71, 'App\\Models\\IncomeExpence', 1, 1000, NULL, 'TI', NULL, '2025-03-17 14:17:18', '2025-03-17 08:17:18', '2025-03-17 08:17:18'),
(165, 2, 1, 72, 'App\\Models\\IncomeExpence', 1, 500, NULL, 'TI', 'ময়লার বিল', '2025-03-17 14:17:54', '2025-03-17 08:17:54', '2025-03-17 08:17:54'),
(166, 2, 1, 73, 'App\\Models\\IncomeExpence', 1, 500, NULL, 'TI', 'ময়লার বিল।', '2025-03-17 14:18:47', '2025-03-17 08:18:47', '2025-03-17 08:18:47'),
(167, 2, 1, 74, 'App\\Models\\IncomeExpence', 1, 200, NULL, 'TI', 'ময়লার বিল বাবদ।', '2025-03-17 14:46:46', '2025-03-17 08:46:46', '2025-03-17 08:46:46'),
(168, 2, 1, 84, 'App\\Models\\RentCollectionHistory', 0, NULL, 4500, NULL, NULL, '2025-03-17 15:03:02', '2025-03-17 09:03:02', '2025-03-17 09:03:02'),
(169, 2, 1, 85, 'App\\Models\\RentCollectionHistory', 0, NULL, 4000, NULL, NULL, '2025-03-17 16:11:54', '2025-03-17 10:11:54', '2025-03-17 10:11:54'),
(170, 2, 1, 75, 'App\\Models\\IncomeExpence', 1, 500, NULL, 'TI', 'তাজুল খরচা বাবদ জিয়াউর হাফেজ কে।', '2025-03-18 16:01:23', '2025-03-18 10:01:23', '2025-03-18 10:01:23'),
(171, 2, 1, 86, 'App\\Models\\RentCollectionHistory', 0, NULL, 10000, NULL, NULL, '2025-03-18 16:04:29', '2025-03-18 10:04:29', '2025-03-18 10:04:29'),
(172, 2, 1, 76, 'App\\Models\\IncomeExpence', 1, 1000, NULL, 'TI', 'সাবমার্সিবল মটরের বিদ্যুৎ মিটারে টাকা রিচার্জ বাবদ।', '2025-03-18 16:26:01', '2025-03-18 10:26:01', '2025-03-18 10:26:01'),
(173, 2, 1, 77, 'App\\Models\\IncomeExpence', 1, 1000, NULL, 'TI', NULL, '2025-03-18 16:27:04', '2025-03-18 10:27:04', '2025-03-18 10:27:04'),
(174, 2, 1, 78, 'App\\Models\\IncomeExpence', 1, 1000, NULL, 'TI', NULL, '2025-03-18 16:27:27', '2025-03-18 10:27:27', '2025-03-18 10:27:27'),
(175, 2, 1, 87, 'App\\Models\\RentCollectionHistory', 0, NULL, 2000, NULL, NULL, '2025-03-19 14:02:58', '2025-03-19 08:02:58', '2025-03-19 08:02:58'),
(176, 2, 1, 79, 'App\\Models\\IncomeExpence', 1, 280, NULL, 'TI', 'ঝালি১টা,করল্লা১কেজি,কাঁচা মরিচ,দুনদুল,মুলা,টমেটো২কেজি।', '2025-03-19 14:55:59', '2025-03-19 08:55:59', '2025-03-19 08:55:59'),
(177, 2, 1, 80, 'App\\Models\\IncomeExpence', 1, 2000, NULL, 'TI', '204,304 ফ্ল্যাটের কলের গোরাদিয়ে পানি পড়ে মেরামত করা স্যানেটারী মিস্ত্রি+লেবার বিল।', '2025-03-19 17:03:59', '2025-03-19 11:03:59', '2025-03-19 11:03:59'),
(178, 2, 1, 81, 'App\\Models\\IncomeExpence', 1, 1000, NULL, 'TI', '০৯ নং বিদ্যুৎ মিটারে টাকা রিচার্জ।', '2025-03-20 06:00:41', '2025-03-20 00:00:41', '2025-03-20 00:00:41'),
(180, 2, 1, 83, 'App\\Models\\IncomeExpence', 1, 800, NULL, 'TI', 'ফেতরা বাবদ ।', '2025-03-20 09:14:51', '2025-03-20 03:14:51', '2025-03-20 03:14:51'),
(182, 2, 1, 85, 'App\\Models\\IncomeExpence', 1, 640, NULL, 'TI', 'লাউ,টমেটো-১২০, কঁচু,করল্লা,বেগুন-১৮০, চিংড়ি মাছ ১কেজি-৮০০, ভাড়া-৪০।', '2025-03-20 09:29:17', '2025-03-20 03:29:17', '2025-03-20 03:29:17'),
(183, 2, 1, 86, 'App\\Models\\IncomeExpence', 1, 1000, NULL, 'TI', 'ওয়াসার লোককে খরচা বাবদ-১০০০।', '2025-03-20 09:45:25', '2025-03-20 03:45:25', '2025-03-20 03:45:25'),
(184, 2, 1, 87, 'App\\Models\\IncomeExpence', 1, 225, NULL, NULL, 'হুইল পাওডার ক্রয়।', '2025-03-20 15:35:50', '2025-03-20 09:35:50', '2025-03-20 09:35:50'),
(185, 2, 1, 88, 'App\\Models\\IncomeExpence', 1, 300, NULL, 'TI', 'বাথরুম ফ্রেশনার,হারপিক পাওডার।', '2025-03-20 15:44:25', '2025-03-20 09:44:25', '2025-03-20 09:44:25'),
(186, 2, 1, 89, 'App\\Models\\IncomeExpence', 1, 400, NULL, 'TI', 'হারপিক,+পাওডার ক্রয়।', '2025-03-20 15:53:13', '2025-03-20 09:53:13', '2025-03-20 09:53:13'),
(187, 2, 1, 90, 'App\\Models\\IncomeExpence', 1, 130, NULL, 'TI', 'মিস্টি কুমড়া সাক, সিম ১কেজি।', '2025-03-21 06:21:46', '2025-03-21 00:21:46', '2025-03-21 00:21:46'),
(188, 2, 4, 91, 'App\\Models\\IncomeExpence', 1, 1000, NULL, 'TI', 'ফ্ল্যাটের টানা মটরের মিটারে টাকা রিচার্জ।', '2025-03-21 08:00:52', '2025-03-21 02:00:52', '2025-03-21 02:00:52'),
(189, 2, 4, 92, 'App\\Models\\IncomeExpence', 1, 5500, NULL, 'TI', 'গ্যাস বিল নভেম্বর-২৪ইং বাবদ।', '2025-03-21 08:15:49', '2025-03-21 02:15:49', '2025-03-21 02:15:49'),
(190, 2, 4, 93, 'App\\Models\\IncomeExpence', 1, 6540, NULL, 'TI', 'গ্যাস বিল নভেম্বর-২৪ইং বাবদ।', '2025-03-21 08:17:24', '2025-03-21 02:17:24', '2025-03-21 02:17:24'),
(191, 2, 4, 94, 'App\\Models\\IncomeExpence', 1, 5972, NULL, 'TI', 'পানির বিল ফেব্রূয়ারী-২৪ইং=৪২২২ এক্সট্রা=১৭৫০।', '2025-03-21 08:29:44', '2025-03-21 02:29:44', '2025-03-21 02:29:44'),
(192, 2, 4, 95, 'App\\Models\\IncomeExpence', 1, 5972, NULL, 'TI', 'পানির বিল ফেব্রূয়ারী-২৪ইং=৪২২২ এক্সট্রা=১৭৫০।', '2025-03-21 08:30:34', '2025-03-21 02:30:34', '2025-03-21 02:30:34'),
(193, 2, 1, 88, 'App\\Models\\RentCollectionHistory', 0, NULL, 2100, NULL, NULL, '2025-03-21 15:18:22', '2025-03-21 09:18:22', '2025-03-21 09:18:22'),
(194, 2, 1, 89, 'App\\Models\\RentCollectionHistory', 0, NULL, 4600, NULL, NULL, '2025-03-21 15:30:30', '2025-03-21 09:30:30', '2025-03-21 09:30:30'),
(195, 2, 1, 90, 'App\\Models\\RentCollectionHistory', 0, NULL, 4200, NULL, NULL, '2025-03-21 15:31:54', '2025-03-21 09:31:54', '2025-03-21 09:31:54'),
(196, 2, 1, 91, 'App\\Models\\RentCollectionHistory', 0, NULL, 4000, NULL, NULL, '2025-03-21 16:50:45', '2025-03-21 10:50:45', '2025-03-21 10:50:45'),
(197, 2, 3, 96, 'App\\Models\\IncomeExpence', 1, 1200, NULL, 'TI', '২নং বিদ্যুৎ মিটারে রিচার্জ।', '2025-03-22 07:44:26', '2025-03-22 01:44:26', '2025-03-22 01:44:26'),
(198, 2, 1, 97, 'App\\Models\\IncomeExpence', 1, 700, NULL, 'TI', 'ড্রেন পরিষ্কার বাবদ সুইপার কে নগত।', '2025-03-23 05:57:27', '2025-03-22 23:57:27', '2025-03-22 23:57:27'),
(199, 2, 1, 92, 'App\\Models\\RentCollectionHistory', 0, NULL, 3800, NULL, NULL, '2025-03-23 10:31:03', '2025-03-23 04:31:03', '2025-03-23 04:31:03'),
(200, 2, 1, 93, 'App\\Models\\RentCollectionHistory', 0, NULL, 1700, NULL, NULL, '2025-03-23 10:31:48', '2025-03-23 04:31:48', '2025-03-23 04:31:48'),
(201, 2, 1, 98, 'App\\Models\\IncomeExpence', 1, 6000, NULL, 'TI', 'নাম্বার খোজার জন্য-২০০০, শিকদার বাড়ি মসজিদ ঘড়ি-২০০০, হাঁস ক্রয় ৫টা-২০০০।', '2025-03-23 11:22:08', '2025-03-23 05:22:08', '2025-03-23 05:22:08'),
(202, 2, 1, 94, 'App\\Models\\RentCollectionHistory', 0, NULL, 4000, NULL, NULL, '2025-03-23 11:30:17', '2025-03-23 05:30:17', '2025-03-23 05:30:17'),
(203, 2, 1, 95, 'App\\Models\\RentCollectionHistory', 0, NULL, 10480, NULL, NULL, '2025-03-24 10:36:52', '2025-03-24 04:36:52', '2025-03-24 04:36:52'),
(204, 2, 1, 99, 'App\\Models\\IncomeExpence', 1, 400, NULL, 'TI', 'খিরাই,লাউ,সিম,উস্তা,ধনিয়া পাতা,কাঁচা মরিচ-৩৪০, ভাড়া-৪০।', '2025-03-24 10:48:16', '2025-03-24 04:48:16', '2025-03-24 04:48:16'),
(205, 2, 1, 96, 'App\\Models\\RentCollectionHistory', 0, NULL, 1750, NULL, NULL, '2025-03-24 11:36:04', '2025-03-24 05:36:04', '2025-03-24 05:36:04'),
(206, 2, 1, 97, 'App\\Models\\RentCollectionHistory', 0, NULL, 4800, NULL, NULL, '2025-03-24 16:11:47', '2025-03-24 10:11:47', '2025-03-24 10:11:47'),
(207, 2, 1, 98, 'App\\Models\\RentCollectionHistory', 0, NULL, 2300, NULL, NULL, '2025-03-24 17:01:48', '2025-03-24 11:01:48', '2025-03-24 11:01:48'),
(208, 2, 2, 100, 'App\\Models\\IncomeExpence', 1, 1000, NULL, 'TI', '২নং মিটারে টাকা রিচার্জ।', '2025-03-25 06:56:32', '2025-03-25 00:56:32', '2025-03-25 00:56:32'),
(209, 2, 1, 99, 'App\\Models\\RentCollectionHistory', 0, NULL, 9300, NULL, NULL, '2025-03-25 09:41:56', '2025-03-25 03:41:56', '2025-03-25 03:41:56'),
(210, 2, 1, 100, 'App\\Models\\RentCollectionHistory', 0, NULL, 2300, NULL, NULL, '2025-03-25 14:17:11', '2025-03-25 08:17:11', '2025-03-25 08:17:11'),
(211, 2, 1, 101, 'App\\Models\\RentCollectionHistory', 0, NULL, 4500, NULL, 'এপ্রিল-ে২৫ইং মসের অতিরিক্ত  ভাড়া জমা আছে-৫০০০।', '2025-03-25 16:57:31', '2025-03-25 10:57:31', '2025-03-25 10:57:31'),
(212, 2, 1, 102, 'App\\Models\\RentCollectionHistory', 0, NULL, 3200, NULL, NULL, '2025-03-26 06:35:24', '2025-03-26 00:35:24', '2025-03-26 00:35:24'),
(213, 2, 1, 103, 'App\\Models\\RentCollectionHistory', 0, NULL, 4200, NULL, NULL, '2025-03-26 06:53:09', '2025-03-26 00:53:09', '2025-03-26 00:53:09'),
(214, 2, 1, 104, 'App\\Models\\RentCollectionHistory', 0, NULL, 4500, NULL, NULL, '2025-03-26 10:09:06', '2025-03-26 04:09:06', '2025-03-26 04:09:06'),
(215, 2, 1, 105, 'App\\Models\\RentCollectionHistory', 0, NULL, 8800, NULL, NULL, '2025-03-26 13:56:42', '2025-03-26 07:56:42', '2025-03-26 07:56:42'),
(216, 2, 1, 106, 'App\\Models\\RentCollectionHistory', 0, NULL, 940, NULL, NULL, '2025-03-26 17:28:22', '2025-03-26 11:28:22', '2025-03-26 11:28:22'),
(217, 2, 1, 107, 'App\\Models\\RentCollectionHistory', 0, NULL, 4600, NULL, NULL, '2025-03-27 10:53:47', '2025-03-27 04:53:47', '2025-03-27 04:53:47'),
(219, 2, 1, 109, 'App\\Models\\RentCollectionHistory', 0, NULL, 4600, NULL, NULL, '2025-03-27 13:08:11', '2025-03-27 07:08:11', '2025-03-27 07:08:11'),
(220, 2, 1, 110, 'App\\Models\\RentCollectionHistory', 0, NULL, 4000, NULL, NULL, '2025-03-27 13:10:00', '2025-03-27 07:10:00', '2025-03-27 07:10:00'),
(221, 2, 1, 111, 'App\\Models\\RentCollectionHistory', 0, NULL, 4000, NULL, NULL, '2025-03-27 13:13:23', '2025-03-27 07:13:23', '2025-03-27 07:13:23'),
(222, 2, 1, 112, 'App\\Models\\RentCollectionHistory', 0, NULL, 4800, NULL, NULL, '2025-03-27 13:38:29', '2025-03-27 07:38:29', '2025-03-27 07:38:29'),
(223, 2, 1, 113, 'App\\Models\\RentCollectionHistory', 0, NULL, 2300, NULL, NULL, '2025-03-27 13:42:06', '2025-03-27 07:42:06', '2025-03-27 07:42:06'),
(224, 2, 1, 101, 'App\\Models\\IncomeExpence', 1, 6000, NULL, 'TI', NULL, '2025-03-27 13:59:56', '2025-03-27 07:59:56', '2025-03-27 07:59:56'),
(225, 2, 1, 102, 'App\\Models\\IncomeExpence', 1, 500, NULL, 'TI', NULL, '2025-03-27 14:03:59', '2025-03-27 08:03:59', '2025-03-27 08:03:59'),
(226, 2, 1, 114, 'App\\Models\\RentCollectionHistory', 0, NULL, 4200, NULL, NULL, '2025-03-27 16:55:00', '2025-03-27 10:55:00', '2025-03-27 10:55:00'),
(227, 2, 1, 103, 'App\\Models\\IncomeExpence', 1, 500, NULL, 'TI', 'লন্ড্রি বাবদ।', '2025-03-28 06:07:23', '2025-03-28 00:07:23', '2025-03-28 00:07:23'),
(228, 2, 1, 104, 'App\\Models\\IncomeExpence', 1, 1000, NULL, 'TI', 'কেচি গেইট ঠিক করা ওয়ার্কশপ মেস্ত্রি বিল বাবদ।', '2025-03-28 06:26:39', '2025-03-28 00:26:39', '2025-03-28 00:26:39'),
(229, 2, 1, 115, 'App\\Models\\RentCollectionHistory', 0, NULL, 9500, NULL, NULL, '2025-03-28 15:49:31', '2025-03-28 09:49:31', '2025-03-28 09:49:31'),
(230, 2, 1, 105, 'App\\Models\\IncomeExpence', 1, 500, NULL, 'TI', 'ময়লা ক্লিনের লোকদের বকশিশ-৫০০।', '2025-03-28 16:54:19', '2025-03-28 10:54:19', '2025-03-28 10:54:19'),
(231, 2, 1, 116, 'App\\Models\\RentCollectionHistory', 0, NULL, 1920, NULL, NULL, '2025-03-28 17:00:39', '2025-03-28 11:00:39', '2025-03-28 11:00:39'),
(232, 2, 2, 106, 'App\\Models\\IncomeExpence', 1, 1000, NULL, 'TI', '২নং মিটারে টাকা রিচার্জ।', '2025-04-01 07:46:33', '2025-04-01 01:46:33', '2025-04-01 01:46:33'),
(233, 2, 2, 107, 'App\\Models\\IncomeExpence', 1, 1000, NULL, 'TI', '৪নং মিটারে টাকা রিচার্জ।', '2025-04-01 07:47:49', '2025-04-01 01:47:49', '2025-04-01 01:47:49'),
(234, 2, 2, 108, 'App\\Models\\IncomeExpence', 1, 1000, NULL, 'TI', '১নং মিটারে টাকা রিচার্জ।', '2025-04-01 07:51:08', '2025-04-01 01:51:08', '2025-04-01 01:51:08'),
(235, 2, 2, 109, 'App\\Models\\IncomeExpence', 1, 1000, NULL, 'TI', '৩নং মিটারে টাকা রিচার্জ।', '2025-04-01 07:51:44', '2025-04-01 01:51:44', '2025-04-01 01:51:44'),
(236, 2, 2, 110, 'App\\Models\\IncomeExpence', 1, 1000, NULL, 'Ti', NULL, '2025-04-01 07:53:03', '2025-04-01 01:53:03', '2025-04-01 01:53:03'),
(237, 2, 2, 111, 'App\\Models\\IncomeExpence', 1, 1000, NULL, 'TI', NULL, '2025-04-01 07:53:27', '2025-04-01 01:53:27', '2025-04-01 01:53:27'),
(238, 2, 2, 112, 'App\\Models\\IncomeExpence', 1, 3000, NULL, 'TI', '০১,০৯,১০ মিটারে টাকা রিচার্জ।', '2025-04-01 07:56:31', '2025-04-01 01:56:31', '2025-04-01 01:56:31'),
(239, 2, 1, 113, 'App\\Models\\IncomeExpence', 1, 4000, NULL, 'Ti', 'বুয়ার বেতন মার্চ-২০২৫ইং মাসের-৪০০০টাাকা।', '2025-04-01 08:08:58', '2025-04-01 02:08:58', '2025-04-01 02:08:58'),
(240, 2, 1, 117, 'App\\Models\\RentCollectionHistory', 0, NULL, 9500, NULL, NULL, '2025-04-02 07:02:48', '2025-04-02 01:02:48', '2025-04-02 01:02:48'),
(241, 2, 1, 114, 'App\\Models\\IncomeExpence', 1, 600, NULL, 'TI', 'মেস পরিষ্কার করার জন্য সুইপার কে নগত।', '2025-04-02 07:10:35', '2025-04-02 01:10:35', '2025-04-02 01:10:35'),
(243, 2, 1, 115, 'App\\Models\\IncomeExpence', 1, 3500, NULL, 'TI', 'বাসার০১ নং বিদ্যুৎ মিটারে রিচার্জ-১৫০০। ০৯ নং বিদ্যুৎ মিটারে রিচার্জ-১০০০। ১০ নং বিদ্যুৎ মিটারে রিচার্জ-১০০০।', '2025-04-08 08:17:35', '2025-04-08 02:17:35', '2025-04-08 02:17:35'),
(244, 2, 1, 116, 'App\\Models\\IncomeExpence', 1, 1000, NULL, 'TI', 'শরিষার তেল ক্রয় বাবদ।', '2025-04-08 08:19:02', '2025-04-08 02:19:02', '2025-04-08 02:19:02'),
(245, 2, 2, 117, 'App\\Models\\IncomeExpence', 1, 1000, NULL, 'TI', NULL, '2025-04-08 08:37:50', '2025-04-08 02:37:50', '2025-04-08 02:37:50'),
(246, 2, 2, 118, 'App\\Models\\IncomeExpence', 1, 1000, NULL, 'Ti', NULL, '2025-04-08 08:38:27', '2025-04-08 02:38:27', '2025-04-08 02:38:27'),
(247, 2, 1, 119, 'App\\Models\\RentCollectionHistory', 0, NULL, 5000, NULL, NULL, '2025-04-08 08:58:23', '2025-04-08 02:58:23', '2025-04-08 02:58:23'),
(248, 2, 2, 119, 'App\\Models\\IncomeExpence', 1, 1000, NULL, 'TI', NULL, '2025-04-08 09:19:20', '2025-04-08 03:19:20', '2025-04-08 03:19:20'),
(249, 2, 1, 120, 'App\\Models\\RentCollectionHistory', 0, NULL, 8000, NULL, NULL, '2025-04-08 14:02:44', '2025-04-08 08:02:44', '2025-04-08 08:02:44'),
(250, 2, 1, 121, 'App\\Models\\RentCollectionHistory', 0, NULL, 2300, NULL, NULL, '2025-04-08 14:03:58', '2025-04-08 08:03:58', '2025-04-08 08:03:58'),
(251, 2, 1, 122, 'App\\Models\\RentCollectionHistory', 0, NULL, 2100, NULL, NULL, '2025-04-08 14:04:36', '2025-04-08 08:04:36', '2025-04-08 08:04:36'),
(252, 2, 1, 123, 'App\\Models\\RentCollectionHistory', 0, NULL, 4600, NULL, NULL, '2025-04-08 14:05:30', '2025-04-08 08:05:30', '2025-04-08 08:05:30'),
(253, 2, 1, 124, 'App\\Models\\RentCollectionHistory', 0, NULL, 1700, NULL, NULL, '2025-04-08 14:06:08', '2025-04-08 08:06:08', '2025-04-08 08:06:08'),
(254, 2, 1, 125, 'App\\Models\\RentCollectionHistory', 0, NULL, 4000, NULL, NULL, '2025-04-08 14:06:41', '2025-04-08 08:06:41', '2025-04-08 08:06:41'),
(255, 2, 1, 126, 'App\\Models\\RentCollectionHistory', 0, NULL, 2000, NULL, NULL, '2025-04-08 14:07:22', '2025-04-08 08:07:22', '2025-04-08 08:07:22'),
(256, 2, 1, 127, 'App\\Models\\RentCollectionHistory', 0, NULL, 8500, NULL, NULL, '2025-04-08 14:13:53', '2025-04-08 08:13:53', '2025-04-08 08:13:53'),
(257, 2, 1, 128, 'App\\Models\\RentCollectionHistory', 0, NULL, 9300, NULL, NULL, '2025-04-08 14:15:05', '2025-04-08 08:15:05', '2025-04-08 08:15:05'),
(258, 2, 1, 129, 'App\\Models\\RentCollectionHistory', 0, NULL, 5000, NULL, NULL, '2025-04-08 14:25:19', '2025-04-08 08:25:19', '2025-04-08 08:25:19'),
(259, 2, 1, 130, 'App\\Models\\RentCollectionHistory', 0, NULL, 4200, NULL, NULL, '2025-04-08 14:39:52', '2025-04-08 08:39:52', '2025-04-08 08:39:52'),
(260, 2, 1, 131, 'App\\Models\\RentCollectionHistory', 0, NULL, 4500, NULL, NULL, '2025-04-08 14:40:46', '2025-04-08 08:40:46', '2025-04-08 08:40:46'),
(261, 2, 1, 132, 'App\\Models\\RentCollectionHistory', 0, NULL, 2100, NULL, NULL, '2025-04-08 14:41:21', '2025-04-08 08:41:21', '2025-04-08 08:41:21'),
(262, 2, 1, 133, 'App\\Models\\RentCollectionHistory', 0, NULL, 4200, NULL, NULL, '2025-04-09 12:00:54', '2025-04-09 06:00:54', '2025-04-09 06:00:54'),
(263, 2, 1, 134, 'App\\Models\\RentCollectionHistory', 0, NULL, 4200, NULL, NULL, '2025-04-09 12:01:28', '2025-04-09 06:01:28', '2025-04-09 06:01:28'),
(264, 2, 1, 120, 'App\\Models\\IncomeExpence', 1, 500, NULL, 'TI', '১০নং বিদ্যুৎ মিটারে রিচার্জ।', '2025-04-09 12:02:31', '2025-04-09 06:02:31', '2025-04-09 06:02:31'),
(265, 2, 2, 121, 'App\\Models\\IncomeExpence', 1, 1000, NULL, 'TI', NULL, '2025-04-12 06:06:25', '2025-04-12 00:06:25', '2025-04-12 00:06:25'),
(266, 2, 4, 122, 'App\\Models\\IncomeExpence', 1, 1000, NULL, 'TI', NULL, '2025-04-14 01:04:08', '2025-04-13 19:04:08', '2025-04-13 19:04:08'),
(267, 2, 1, 135, 'App\\Models\\RentCollectionHistory', 0, NULL, 4600, NULL, NULL, '2025-04-15 14:43:27', '2025-04-15 08:43:27', '2025-04-15 08:43:27'),
(268, 2, 1, 136, 'App\\Models\\RentCollectionHistory', 0, NULL, 4600, NULL, NULL, '2025-04-15 14:45:01', '2025-04-15 08:45:01', '2025-04-15 08:45:01'),
(269, 2, 1, 137, 'App\\Models\\RentCollectionHistory', 0, NULL, 2000, NULL, NULL, '2025-04-15 14:54:36', '2025-04-15 08:54:36', '2025-04-15 08:54:36'),
(270, 2, 1, 123, 'App\\Models\\IncomeExpence', 1, 2000, NULL, 'TI', 'তাজুল খরচা বাবদ ।', '2025-04-15 15:23:22', '2025-04-15 09:23:22', '2025-04-15 09:23:22'),
(271, 2, 1, 138, 'App\\Models\\RentCollectionHistory', 0, NULL, 4600, NULL, NULL, '2025-04-15 15:39:03', '2025-04-15 09:39:03', '2025-04-15 09:39:03'),
(272, 2, 1, 139, 'App\\Models\\RentCollectionHistory', 0, NULL, 2100, NULL, NULL, '2025-04-15 15:40:00', '2025-04-15 09:40:00', '2025-04-15 09:40:00'),
(273, 2, 1, 140, 'App\\Models\\RentCollectionHistory', 0, NULL, 300, NULL, NULL, '2025-04-15 15:43:13', '2025-04-15 09:43:13', '2025-04-15 09:43:13'),
(274, 2, 1, 141, 'App\\Models\\RentCollectionHistory', 0, NULL, 2300, NULL, NULL, '2025-04-15 15:43:58', '2025-04-15 09:43:58', '2025-04-15 09:43:58'),
(275, 2, 1, 142, 'App\\Models\\RentCollectionHistory', 0, NULL, 1000, NULL, NULL, '2025-04-15 16:13:16', '2025-04-15 10:13:16', '2025-04-15 10:13:16'),
(276, 2, 1, 143, 'App\\Models\\RentCollectionHistory', 0, NULL, 4000, NULL, NULL, '2025-04-15 16:14:04', '2025-04-15 10:14:04', '2025-04-15 10:14:04'),
(277, 2, 1, 144, 'App\\Models\\RentCollectionHistory', 0, NULL, 4000, NULL, NULL, '2025-04-15 16:27:40', '2025-04-15 10:27:40', '2025-04-15 10:27:40'),
(278, 2, 1, 145, 'App\\Models\\RentCollectionHistory', 0, NULL, 1100, NULL, NULL, '2025-04-15 16:35:47', '2025-04-15 10:35:47', '2025-04-15 10:35:47'),
(279, 2, 1, 146, 'App\\Models\\RentCollectionHistory', 0, NULL, 5500, NULL, NULL, '2025-04-15 17:32:43', '2025-04-15 11:32:43', '2025-04-15 11:32:43'),
(280, 2, 2, 147, 'App\\Models\\RentCollectionHistory', 0, NULL, 8000, NULL, NULL, '2025-04-15 17:44:46', '2025-04-15 11:44:46', '2025-04-15 11:44:46'),
(281, 2, 1, 148, 'App\\Models\\RentCollectionHistory', 0, NULL, 6000, NULL, NULL, '2025-04-15 17:45:10', '2025-04-15 11:45:10', '2025-04-15 11:45:10'),
(282, 2, 1, 149, 'App\\Models\\RentCollectionHistory', 0, NULL, 1750, NULL, NULL, '2025-04-15 17:48:15', '2025-04-15 11:48:15', '2025-04-15 11:48:15'),
(283, 2, 1, 150, 'App\\Models\\RentCollectionHistory', 0, NULL, 4000, NULL, NULL, '2025-04-16 06:54:49', '2025-04-16 00:54:49', '2025-04-16 00:54:49'),
(284, 2, 2, 124, 'App\\Models\\IncomeExpence', 1, 1000, NULL, 'TI', NULL, '2025-04-16 06:58:53', '2025-04-16 00:58:53', '2025-04-16 00:58:53'),
(285, 2, 2, 125, 'App\\Models\\IncomeExpence', 1, 1000, NULL, 'TI', '10 নং মিটারে টাকা রিচার্জ বাবাদ।', '2025-04-16 06:59:44', '2025-04-16 00:59:44', '2025-04-16 00:59:44'),
(286, 2, 1, 151, 'App\\Models\\RentCollectionHistory', 0, NULL, 1000, NULL, NULL, '2025-04-16 09:02:03', '2025-04-16 03:02:03', '2025-04-16 03:02:03'),
(287, 2, 1, 152, 'App\\Models\\RentCollectionHistory', 0, NULL, 750, NULL, NULL, '2025-04-16 09:03:34', '2025-04-16 03:03:34', '2025-04-16 03:03:34'),
(288, 2, 1, 126, 'App\\Models\\IncomeExpence', 1, 2450, NULL, 'TI', '2টা অটো অন/অফ লাইট, ১টা গেটের জন্য পানি টানার মটর ক্রয়।', '2025-04-16 09:15:45', '2025-04-16 03:15:45', '2025-04-16 03:15:45'),
(289, 2, 2, 153, 'App\\Models\\RentCollectionHistory', 0, NULL, 4000, NULL, NULL, '2025-04-17 07:51:57', '2025-04-17 01:51:57', '2025-04-17 01:51:57'),
(290, 2, 2, 127, 'App\\Models\\IncomeExpence', 1, 1000, NULL, 'TI', NULL, '2025-04-17 08:02:58', '2025-04-17 02:02:58', '2025-04-17 02:02:58'),
(291, 2, 1, 128, 'App\\Models\\IncomeExpence', 1, 600, NULL, 'TI', 'লেপটপ এর এ্যাডেপ্টার ক্রয়+ভাড়া।', '2025-04-17 11:56:14', '2025-04-17 05:56:14', '2025-04-17 05:56:14'),
(292, 2, 1, 129, 'App\\Models\\IncomeExpence', 1, 2500, NULL, 'TI', 'ক্যামেরা ঠিক করা বাবাদ।', '2025-04-17 13:00:01', '2025-04-17 07:00:01', '2025-04-17 07:00:01'),
(293, 2, 1, 154, 'App\\Models\\RentCollectionHistory', 0, NULL, 2100, NULL, NULL, '2025-04-17 13:02:35', '2025-04-17 07:02:35', '2025-04-17 07:02:35'),
(294, 2, 1, 155, 'App\\Models\\RentCollectionHistory', 0, NULL, 2300, NULL, NULL, '2025-04-17 13:03:39', '2025-04-17 07:03:39', '2025-04-17 07:03:39'),
(295, 2, 1, 156, 'App\\Models\\RentCollectionHistory', 0, NULL, 5500, NULL, NULL, '2025-04-17 13:05:19', '2025-04-17 07:05:19', '2025-04-17 07:05:19'),
(296, 2, 1, 157, 'App\\Models\\RentCollectionHistory', 0, NULL, 2300, NULL, NULL, '2025-04-17 13:42:39', '2025-04-17 07:42:39', '2025-04-17 07:42:39'),
(297, 2, 1, 158, 'App\\Models\\RentCollectionHistory', 0, NULL, 10000, NULL, NULL, '2025-04-17 14:19:37', '2025-04-17 08:19:37', '2025-04-17 08:19:37'),
(298, 2, 1, 130, 'App\\Models\\IncomeExpence', 1, 7000, NULL, 'TI', 'দোকানের মার্চ-২৫ইং মাসের বকেয়া পরিশোধ।', '2025-04-17 16:52:18', '2025-04-17 10:52:18', '2025-04-17 10:52:18'),
(299, 2, 1, 159, 'App\\Models\\RentCollectionHistory', 0, NULL, 10000, NULL, NULL, '2025-04-17 17:11:43', '2025-04-17 11:11:43', '2025-04-17 11:11:43'),
(300, 2, 1, 131, 'App\\Models\\IncomeExpence', 1, 1050, NULL, 'TI', 'অনলাইনে প্রোডাক্ট ক্রয় ।', '2025-04-17 17:25:55', '2025-04-17 11:25:55', '2025-04-17 11:25:55'),
(301, 2, 1, 160, 'App\\Models\\RentCollectionHistory', 0, NULL, 2000, NULL, NULL, '2025-04-18 10:01:49', '2025-04-18 04:01:49', '2025-04-18 04:01:49'),
(302, 2, 1, 161, 'App\\Models\\RentCollectionHistory', 0, NULL, 2400, NULL, NULL, '2025-04-18 10:26:37', '2025-04-18 04:26:37', '2025-04-18 04:26:37'),
(303, 2, 1, 162, 'App\\Models\\RentCollectionHistory', 0, NULL, 6000, NULL, NULL, '2025-04-18 10:28:27', '2025-04-18 04:28:27', '2025-04-18 04:28:27'),
(304, 2, 1, 163, 'App\\Models\\RentCollectionHistory', 0, NULL, 7500, NULL, NULL, '2025-04-18 10:37:46', '2025-04-18 04:37:46', '2025-04-18 04:37:46'),
(305, 2, 1, 132, 'App\\Models\\IncomeExpence', 1, 5000, NULL, 'Mother', 'বুয়ার বেতন মার্চ-২৫ইং মাস-৫০০০টাকা', '2025-04-18 12:57:37', '2025-04-18 06:57:37', '2025-04-18 06:57:37'),
(306, 2, 1, 133, 'App\\Models\\IncomeExpence', 1, 1000, NULL, 'Mother', 'মা বাজার সদাই বাবদ।', '2025-04-18 12:59:50', '2025-04-18 06:59:50', '2025-04-18 06:59:50'),
(307, 2, 1, 134, 'App\\Models\\IncomeExpence', 1, 200, NULL, 'Mother', 'মা নগত বাজার সদাই বাবদ নগত নিয়েছেন-২০০টাকা ০৭নং ইউনিট থেকে।', '2025-04-18 13:01:23', '2025-04-18 07:01:23', '2025-04-18 07:01:23'),
(308, 2, 1, 164, 'App\\Models\\RentCollectionHistory', 0, NULL, 1700, NULL, NULL, '2025-04-18 13:39:18', '2025-04-18 07:39:18', '2025-04-18 07:39:18'),
(309, 2, 1, 135, 'App\\Models\\IncomeExpence', 1, 500, NULL, 'TI', 'বাইতুসসালাম মসজিদে হাদিয়া বাবদ মার্চ-২৫ইং মাস।', '2025-04-18 14:00:11', '2025-04-18 08:00:11', '2025-04-18 08:00:11'),
(310, 2, 1, 136, 'App\\Models\\IncomeExpence', 1, 1100, NULL, 'TI', '২লিটার সবিন তেল ২টা , হুইল পাওডার ১কেজি।', '2025-04-18 15:28:50', '2025-04-18 09:28:50', '2025-04-18 09:28:50'),
(311, 2, 1, 165, 'App\\Models\\RentCollectionHistory', 0, NULL, 1750, NULL, NULL, '2025-04-18 15:38:38', '2025-04-18 09:38:38', '2025-04-18 09:38:38'),
(312, 2, 1, 137, 'App\\Models\\IncomeExpence', 1, 1000, NULL, 'TI', NULL, '2025-04-18 15:40:19', '2025-04-18 09:40:19', '2025-04-18 09:40:19'),
(313, 2, 1, 138, 'App\\Models\\IncomeExpence', 1, 1000, NULL, 'TI', NULL, '2025-04-18 15:40:53', '2025-04-18 09:40:53', '2025-04-18 09:40:53'),
(314, 2, 1, 166, 'App\\Models\\RentCollectionHistory', 0, NULL, 10000, NULL, NULL, '2025-04-18 16:19:44', '2025-04-18 10:19:44', '2025-04-18 10:19:44'),
(315, 2, 1, 139, 'App\\Models\\IncomeExpence', 1, 1350, NULL, 'TI', '২৫কেজি চাউলের বস্তা ক্রয় দান করার জন্য।', '2025-04-18 16:55:00', '2025-04-18 10:55:00', '2025-04-18 10:55:00'),
(317, 2, 2, 141, 'App\\Models\\IncomeExpence', 1, 1000, NULL, 'TI', NULL, '2025-04-19 06:58:17', '2025-04-19 00:58:17', '2025-04-19 00:58:17'),
(318, 2, 2, 142, 'App\\Models\\IncomeExpence', 1, 1000, NULL, 'TI', NULL, '2025-04-19 06:59:00', '2025-04-19 00:59:00', '2025-04-19 00:59:00'),
(319, 2, 1, 167, 'App\\Models\\RentCollectionHistory', 0, NULL, 4200, NULL, NULL, '2025-04-19 07:04:35', '2025-04-19 01:04:35', '2025-04-19 01:04:35'),
(320, 2, 1, 143, 'App\\Models\\IncomeExpence', 1, 4200, NULL, 'TI', '০১,০৯ নং মিটারে টাকা রিচার্জ-২০০০টাকা। ২৫কেজি ১বস্তা চাউল-২২০০।', '2025-04-19 07:11:19', '2025-04-19 01:11:19', '2025-04-19 01:11:19'),
(321, 2, 1, 144, 'App\\Models\\IncomeExpence', 1, 400, NULL, 'TI', 'সিমেন্ট দোকানের গিফ্ট আইটেম ক্রয় বাবদ-৪০০টাকা', '2025-04-19 07:24:15', '2025-04-19 01:24:15', '2025-04-19 01:24:15'),
(322, 2, 1, 145, 'App\\Models\\IncomeExpence', 1, 1000, NULL, 'TI', 'ওয়াসার লোককে নগত খরচা বাবদ-১০০০।', '2025-04-19 11:32:50', '2025-04-19 05:32:50', '2025-04-19 05:32:50'),
(323, 2, 1, 168, 'App\\Models\\RentCollectionHistory', 0, NULL, 4000, NULL, NULL, '2025-04-19 12:01:39', '2025-04-19 06:01:39', '2025-04-19 06:01:39'),
(324, 2, 1, 169, 'App\\Models\\RentCollectionHistory', 0, NULL, 4500, NULL, NULL, '2025-04-19 12:02:01', '2025-04-19 06:02:02', '2025-04-19 06:02:02'),
(325, 2, 4, 146, 'App\\Models\\IncomeExpence', 1, 6300, NULL, 'TI', 'পানির বিল মার্চ-২৫ইং=৪৫৫২ এক্সট্রা=১৭৫০।', '2025-04-19 12:49:20', '2025-04-19 06:49:20', '2025-04-19 06:49:20'),
(326, 2, 4, 147, 'App\\Models\\IncomeExpence', 1, 6300, NULL, 'TI', 'পানির বিল মার্চ-২৫ইং=৪৫৫২ এক্সট্রা=১৭৫০।', '2025-04-19 12:50:03', '2025-04-19 06:50:03', '2025-04-19 06:50:03'),
(327, 2, 1, 170, 'App\\Models\\RentCollectionHistory', 0, NULL, 2700, NULL, NULL, '2025-04-19 13:35:31', '2025-04-19 07:35:31', '2025-04-19 07:35:31'),
(328, 2, 1, 171, 'App\\Models\\RentCollectionHistory', 0, NULL, 4200, NULL, NULL, '2025-04-19 14:56:30', '2025-04-19 08:56:30', '2025-04-19 08:56:30'),
(329, 2, 1, 172, 'App\\Models\\RentCollectionHistory', 0, NULL, 1700, NULL, NULL, '2025-04-19 14:56:57', '2025-04-19 08:56:57', '2025-04-19 08:56:57'),
(330, 2, 1, 148, 'App\\Models\\IncomeExpence', 1, 195, NULL, 'TI', 'মুটা নুডুস ক্রয়।', '2025-04-19 16:49:43', '2025-04-19 10:49:43', '2025-04-19 10:49:43'),
(331, 2, 1, 173, 'App\\Models\\RentCollectionHistory', 0, NULL, 5300, NULL, NULL, '2025-04-24 04:51:27', '2025-04-23 22:51:27', '2025-04-23 22:51:27'),
(332, 2, 1, 174, 'App\\Models\\RentCollectionHistory', 0, NULL, 4400, NULL, NULL, '2025-04-24 04:58:34', '2025-04-23 22:58:34', '2025-04-23 22:58:34'),
(333, 2, 1, 175, 'App\\Models\\RentCollectionHistory', 0, NULL, 2100, NULL, NULL, '2025-04-24 05:00:06', '2025-04-23 23:00:06', '2025-04-23 23:00:06'),
(334, 2, 1, 176, 'App\\Models\\RentCollectionHistory', 0, NULL, 4800, NULL, NULL, '2025-04-24 05:02:56', '2025-04-23 23:02:56', '2025-04-23 23:02:56'),
(335, 2, 2, 149, 'App\\Models\\IncomeExpence', 1, 1000, NULL, 'TI', NULL, '2025-04-24 05:41:17', '2025-04-23 23:41:17', '2025-04-23 23:41:17'),
(336, 2, 2, 150, 'App\\Models\\IncomeExpence', 1, 1000, NULL, 'TI', NULL, '2025-04-24 05:41:54', '2025-04-23 23:41:54', '2025-04-23 23:41:54'),
(337, 2, 2, 151, 'App\\Models\\IncomeExpence', 1, 2000, NULL, 'TI', NULL, '2025-04-24 05:43:45', '2025-04-23 23:43:45', '2025-04-23 23:43:45'),
(338, 2, 2, 152, 'App\\Models\\IncomeExpence', 1, 1000, NULL, 'TI', NULL, '2025-04-24 05:49:42', '2025-04-23 23:49:42', '2025-04-23 23:49:42'),
(339, 2, 1, 153, 'App\\Models\\IncomeExpence', 1, 2500, NULL, 'TI', 'তাজুল খরচা বাবদ নরসিংদী।', '2025-04-24 06:00:28', '2025-04-24 00:00:28', '2025-04-24 00:00:28'),
(340, 2, 1, 154, 'App\\Models\\IncomeExpence', 1, 270, NULL, 'TI', 'চেপা শুটকি ক্রয় নরসিংদী থেকে ২০০গ্রাম।', '2025-04-24 06:02:13', '2025-04-24 00:02:13', '2025-04-24 00:02:13'),
(341, 2, 1, 177, 'App\\Models\\RentCollectionHistory', 0, NULL, 4600, NULL, NULL, '2025-04-24 08:12:56', '2025-04-24 02:12:56', '2025-04-24 02:12:56'),
(343, 2, 1, 178, 'App\\Models\\RentCollectionHistory', 0, NULL, 3800, NULL, NULL, '2025-04-24 16:12:45', '2025-04-24 10:12:45', '2025-04-24 10:12:45'),
(344, 2, 1, 179, 'App\\Models\\RentCollectionHistory', 0, NULL, 4200, NULL, NULL, '2025-04-24 16:15:31', '2025-04-24 10:15:31', '2025-04-24 10:15:31'),
(345, 2, 1, 180, 'App\\Models\\RentCollectionHistory', 0, NULL, 4200, NULL, NULL, '2025-04-24 16:16:29', '2025-04-24 10:16:29', '2025-04-24 10:16:29'),
(346, 2, 1, 181, 'App\\Models\\RentCollectionHistory', 0, NULL, 3000, NULL, NULL, '2025-04-24 16:17:06', '2025-04-24 10:17:06', '2025-04-24 10:17:06'),
(347, 2, 1, 182, 'App\\Models\\RentCollectionHistory', 0, NULL, 2000, NULL, NULL, '2025-04-24 16:17:29', '2025-04-24 10:17:29', '2025-04-24 10:17:29'),
(348, 2, 1, 183, 'App\\Models\\RentCollectionHistory', 0, NULL, 4500, NULL, NULL, '2025-04-24 16:18:31', '2025-04-24 10:18:31', '2025-04-24 10:18:31'),
(349, 2, 1, 184, 'App\\Models\\RentCollectionHistory', 0, NULL, 2100, NULL, NULL, '2025-04-24 16:19:53', '2025-04-24 10:19:53', '2025-04-24 10:19:53'),
(350, 2, 1, 185, 'App\\Models\\RentCollectionHistory', 0, NULL, 4000, NULL, NULL, '2025-04-24 16:20:33', '2025-04-24 10:20:33', '2025-04-24 10:20:33'),
(351, 2, 1, 186, 'App\\Models\\RentCollectionHistory', 0, NULL, 4800, NULL, NULL, '2025-04-24 16:29:48', '2025-04-24 10:29:48', '2025-04-24 10:29:48'),
(352, 2, 1, 187, 'App\\Models\\RentCollectionHistory', 0, NULL, 9000, NULL, NULL, '2025-04-25 15:13:59', '2025-04-25 09:13:59', '2025-04-25 09:13:59'),
(353, 2, 1, 188, 'App\\Models\\RentCollectionHistory', 0, NULL, 4200, NULL, NULL, '2025-04-25 15:14:53', '2025-04-25 09:14:53', '2025-04-25 09:14:53'),
(354, 2, 1, 189, 'App\\Models\\RentCollectionHistory', 0, NULL, 2300, NULL, NULL, '2025-04-25 15:25:29', '2025-04-25 09:25:29', '2025-04-25 09:25:29'),
(355, 2, 1, 156, 'App\\Models\\IncomeExpence', 1, 500, NULL, 'TI', NULL, '2025-04-25 15:41:29', '2025-04-25 09:41:29', '2025-04-25 09:41:29'),
(356, 2, 1, 157, 'App\\Models\\IncomeExpence', 1, 500, NULL, 'TI', NULL, '2025-04-25 15:42:41', '2025-04-25 09:42:41', '2025-04-25 09:42:41'),
(357, 2, 1, 158, 'App\\Models\\IncomeExpence', 1, 200, NULL, 'TI', 'ময়লার বিল।', '2025-04-25 15:43:24', '2025-04-25 09:43:24', '2025-04-25 09:43:24'),
(358, 2, 1, 190, 'App\\Models\\RentCollectionHistory', 0, NULL, 2300, NULL, NULL, '2025-04-25 16:06:39', '2025-04-25 10:06:39', '2025-04-25 10:06:39'),
(359, 2, 1, 191, 'App\\Models\\RentCollectionHistory', 0, NULL, 4000, NULL, NULL, '2025-04-25 16:14:44', '2025-04-25 10:14:44', '2025-04-25 10:14:44'),
(360, 2, 1, 192, 'App\\Models\\RentCollectionHistory', 0, NULL, 4800, NULL, NULL, '2025-04-25 16:28:08', '2025-04-25 10:28:08', '2025-04-25 10:28:08'),
(361, 2, 1, 193, 'App\\Models\\RentCollectionHistory', 0, NULL, 4000, NULL, NULL, '2025-04-25 16:33:46', '2025-04-25 10:33:46', '2025-04-25 10:33:46'),
(362, 2, 1, 194, 'App\\Models\\RentCollectionHistory', 0, NULL, 4800, NULL, NULL, '2025-04-26 06:53:40', '2025-04-26 00:53:40', '2025-04-26 00:53:40'),
(364, 2, 1, 160, 'App\\Models\\IncomeExpence', 1, 1000, NULL, 'TI', '১০ নং বিদ্যুৎ  মিটারে রিচার্জ-১০০০টাকা।', '2025-04-26 07:23:42', '2025-04-26 01:23:42', '2025-04-26 01:23:42'),
(366, 2, 2, 161, 'App\\Models\\IncomeExpence', 1, 1000, NULL, 'TI', NULL, '2025-04-26 07:31:27', '2025-04-26 01:31:27', '2025-04-26 01:31:27'),
(367, 2, 4, 162, 'App\\Models\\IncomeExpence', 1, 3100, NULL, 'TI', 'পানির বিল ডিসেম্বার-২০২৪ইং মাস  টোটাল=৪৬০১-মাতৃকুঠির=১৫০০, বাসার-৩১০১।', '2025-04-26 08:01:07', '2025-04-26 02:01:07', '2025-04-26 02:01:07'),
(368, 2, 1, 163, 'App\\Models\\IncomeExpence', 1, 6000, NULL, 'TI', NULL, '2025-04-26 09:28:11', '2025-04-26 03:28:11', '2025-04-26 03:28:11'),
(369, 2, 1, 196, 'App\\Models\\RentCollectionHistory', 0, NULL, 7000, NULL, NULL, '2025-04-26 13:38:23', '2025-04-26 07:38:23', '2025-04-26 07:38:23'),
(370, 2, 1, 164, 'App\\Models\\IncomeExpence', 1, 15600, NULL, 'TI', 'ইন্ডিয়া থেকে ঔষধ ক্রয়।', '2025-04-26 13:57:06', '2025-04-26 07:57:06', '2025-04-26 07:57:06'),
(372, 2, 1, 198, 'App\\Models\\RentCollectionHistory', 0, NULL, 4600, NULL, NULL, '2025-04-26 14:31:43', '2025-04-26 08:31:43', '2025-04-26 08:31:43'),
(373, 2, 1, 199, 'App\\Models\\RentCollectionHistory', 0, NULL, 5800, NULL, NULL, '2025-04-26 14:45:47', '2025-04-26 08:45:47', '2025-04-26 08:45:47');
INSERT INTO `transactions` (`id`, `user_id`, `payment_method_id`, `transactionable_id`, `transactionable_type`, `type`, `sent_amount`, `receive_amount`, `reference`, `note`, `transaction_date`, `created_at`, `updated_at`) VALUES
(374, 2, 1, 200, 'App\\Models\\RentCollectionHistory', 0, NULL, 2300, NULL, NULL, '2025-04-26 15:03:14', '2025-04-26 09:03:14', '2025-04-26 09:03:14'),
(375, 2, 1, 201, 'App\\Models\\RentCollectionHistory', 0, NULL, 1000, NULL, NULL, '2025-04-26 15:33:41', '2025-04-26 09:33:41', '2025-04-26 09:33:41'),
(376, 2, 1, 202, 'App\\Models\\RentCollectionHistory', 0, NULL, 6000, NULL, NULL, '2025-04-26 15:34:29', '2025-04-26 09:34:29', '2025-04-26 09:34:29'),
(377, 2, 1, 203, 'App\\Models\\RentCollectionHistory', 0, NULL, 9000, NULL, NULL, '2025-04-26 16:05:35', '2025-04-26 10:05:35', '2025-04-26 10:05:35'),
(378, 2, 1, 165, 'App\\Models\\IncomeExpence', 1, 800, NULL, 'TI', NULL, '2025-04-27 07:25:55', '2025-04-27 01:25:55', '2025-04-27 01:25:55'),
(379, 2, 2, 166, 'App\\Models\\IncomeExpence', 1, 1000, NULL, 'TI', NULL, '2025-04-27 07:26:24', '2025-04-27 01:26:24', '2025-04-27 01:26:24'),
(380, 2, 2, 167, 'App\\Models\\IncomeExpence', 1, 1000, NULL, 'TI', NULL, '2025-04-27 07:27:59', '2025-04-27 01:27:59', '2025-04-27 01:27:59'),
(383, 2, 4, 170, 'App\\Models\\IncomeExpence', 1, 5500, NULL, 'TI', 'গ্যাস বিল ডিসেম্বর-২৪ইং বাবদ।', '2025-04-27 07:35:07', '2025-04-27 01:35:07', '2025-04-27 01:35:07'),
(384, 2, 4, 171, 'App\\Models\\IncomeExpence', 1, 6540, NULL, 'TI', 'গ্যাস বিল ডিসেম্বর-২৪ইং বাবদ।', '2025-04-27 07:36:06', '2025-04-27 01:36:06', '2025-04-27 01:36:06'),
(386, 2, 1, 173, 'App\\Models\\IncomeExpence', 1, 12000, NULL, 'TI', 'তাজুল নগত ফেব্রূয়ার-২৫ইং মাসে ২ ও ৫ নং ইউনিট রং করা মালামাল ক্রয়+রং মিস্ত্রি বিল,+ইলেক্ট্রিক মালামল ক্রয়+ইলেক্ট্রিক মিস্ত্রি বিল টোটাল খরচ হয়েছে-১৪৪০০-১২০০০নিয়েছেন=২৪০০বাকি', '2025-04-27 10:36:10', '2025-04-27 04:36:10', '2025-04-27 04:36:10'),
(387, 2, 1, 174, 'App\\Models\\IncomeExpence', 1, 110, NULL, 'TI', '১কেজি দেরস, ১কেজি করল্লা।', '2025-04-27 15:10:53', '2025-04-27 09:10:53', '2025-04-27 09:10:53'),
(388, 2, 1, 204, 'App\\Models\\RentCollectionHistory', 0, NULL, 1750, NULL, NULL, '2025-04-27 15:31:36', '2025-04-27 09:31:36', '2025-04-27 09:31:36'),
(389, 2, 1, 205, 'App\\Models\\RentCollectionHistory', 0, NULL, 4200, NULL, NULL, '2025-04-28 07:10:47', '2025-04-28 01:10:47', '2025-04-28 01:10:47'),
(390, 2, 1, 206, 'App\\Models\\RentCollectionHistory', 0, NULL, 3200, NULL, NULL, '2025-04-28 07:14:17', '2025-04-28 01:14:17', '2025-04-28 01:14:17'),
(391, 2, 1, 175, 'App\\Models\\IncomeExpence', 1, 1200, NULL, 'TI', '২টা পার্সেল ক্রয়।', '2025-04-28 07:15:00', '2025-04-28 01:15:00', '2025-04-28 01:15:00'),
(392, 2, 1, 207, 'App\\Models\\RentCollectionHistory', 0, NULL, 1500, NULL, NULL, '2025-04-28 14:58:18', '2025-04-28 08:58:18', '2025-04-28 08:58:18'),
(393, 2, 1, 208, 'App\\Models\\RentCollectionHistory', 0, NULL, 2300, NULL, NULL, '2025-04-28 15:13:02', '2025-04-28 09:13:02', '2025-04-28 09:13:02'),
(394, 2, 1, 209, 'App\\Models\\RentCollectionHistory', 0, NULL, 3500, NULL, NULL, '2025-04-29 10:25:41', '2025-04-29 04:25:41', '2025-04-29 04:25:41'),
(395, 2, 1, 176, 'App\\Models\\IncomeExpence', 1, 420, NULL, 'TI', 'হুইল পাওডার ২কেজি-২২৫, লুসনি ৮পিছ-১১৫, হারপিক পাওডার-৮০', '2025-04-29 10:37:14', '2025-04-29 04:37:14', '2025-04-29 04:37:14'),
(396, 2, 1, 210, 'App\\Models\\RentCollectionHistory', 0, NULL, 2300, NULL, NULL, '2025-04-29 12:14:25', '2025-04-29 06:14:25', '2025-04-29 06:14:25'),
(397, 2, 1, 211, 'App\\Models\\RentCollectionHistory', 0, NULL, 2300, NULL, NULL, '2025-04-29 15:41:12', '2025-04-29 09:41:12', '2025-04-29 09:41:12'),
(398, 2, 1, 177, 'App\\Models\\IncomeExpence', 1, 500, NULL, 'TI', 'ড্রেন পরিষ্কার করা সুইপার কে নগত।', '2025-04-30 15:15:15', '2025-04-30 09:15:15', '2025-04-30 09:15:15'),
(399, 2, 1, 212, 'App\\Models\\RentCollectionHistory', 0, NULL, 4600, NULL, NULL, '2025-04-30 15:16:32', '2025-04-30 09:16:32', '2025-04-30 09:16:32'),
(400, 2, 1, 213, 'App\\Models\\RentCollectionHistory', 0, NULL, 4600, NULL, NULL, '2025-04-30 15:36:02', '2025-04-30 09:36:02', '2025-04-30 09:36:02'),
(401, 2, 1, 214, 'App\\Models\\RentCollectionHistory', 0, NULL, 1470, NULL, NULL, '2025-04-30 15:43:19', '2025-04-30 09:43:19', '2025-04-30 09:43:19'),
(403, 2, 1, 179, 'App\\Models\\IncomeExpence', 1, 223, NULL, 'TI', 'মা নগত বাজার বাবদ-১০০। ৪টা আনারস ক্রয়-১৩০।', '2025-05-01 06:59:10', '2025-05-01 00:59:10', '2025-05-01 00:59:10'),
(404, 2, 1, 180, 'App\\Models\\IncomeExpence', 1, 1600, NULL, 'TI', 'ক্রেডিট কার্ড বিল পরিশোধ।', '2025-05-01 07:18:45', '2025-05-01 01:18:45', '2025-05-01 01:18:45'),
(405, 2, 1, 215, 'App\\Models\\RentCollectionHistory', 0, NULL, 5000, NULL, NULL, '2025-05-01 08:36:36', '2025-05-01 02:36:36', '2025-05-01 02:36:36'),
(406, 2, 4, 181, 'App\\Models\\IncomeExpence', 1, 1000, NULL, 'TI', NULL, '2025-05-01 09:22:25', '2025-05-01 03:22:25', '2025-05-01 03:22:25'),
(407, 2, 1, 182, 'App\\Models\\IncomeExpence', 1, 500, NULL, 'TI', NULL, '2025-05-01 09:23:05', '2025-05-01 03:23:05', '2025-05-01 03:23:05'),
(408, 2, 2, 183, 'App\\Models\\IncomeExpence', 1, 3000, NULL, 'TI', NULL, '2025-05-01 09:26:02', '2025-05-01 03:26:02', '2025-05-01 03:26:02'),
(409, 2, 2, 184, 'App\\Models\\IncomeExpence', 1, 1000, NULL, 'TI', NULL, '2025-05-01 09:26:29', '2025-05-01 03:26:29', '2025-05-01 03:26:29'),
(410, 2, 2, 185, 'App\\Models\\IncomeExpence', 1, 2000, NULL, 'TI', '০৯ ও ১০ নং বিদ্যুৎ মিটারে রিচার্জ-২০০০।', '2025-05-01 09:30:05', '2025-05-01 03:30:05', '2025-05-01 03:30:05'),
(411, 2, 1, 216, 'App\\Models\\RentCollectionHistory', 0, NULL, 1000, NULL, NULL, '2025-05-01 11:04:03', '2025-05-01 05:04:03', '2025-05-01 05:04:03'),
(412, 2, 1, 217, 'App\\Models\\RentCollectionHistory', 0, NULL, 1000, NULL, NULL, '2025-05-01 11:04:31', '2025-05-01 05:04:31', '2025-05-01 05:04:31'),
(413, 2, 1, 186, 'App\\Models\\IncomeExpence', 1, 6500, NULL, 'TI', '২টা মটর ঠিক করা ১টা সার্ভিস করা -১৫০০। ১টা কয়েল বাধাই করা বাবদ-২৫০০, পানির টাংকী পরিষ্কা করা-২৫০০, বাবার খাতায় উঠবে।', '2025-05-01 11:20:53', '2025-05-01 05:20:53', '2025-05-01 05:20:53'),
(414, 2, 1, 218, 'App\\Models\\RentCollectionHistory', 0, NULL, 3000, NULL, NULL, '2025-05-01 11:33:45', '2025-05-01 05:33:45', '2025-05-01 05:33:45'),
(415, 2, 1, 219, 'App\\Models\\RentCollectionHistory', 0, NULL, 9300, NULL, NULL, '2025-05-01 14:06:21', '2025-05-01 08:06:21', '2025-05-01 08:06:21'),
(416, 2, 1, 187, 'App\\Models\\IncomeExpence', 1, 11200, NULL, NULL, '৬ইঞ্চি ক্লাম ক্রয়-২৬০০, ৪০ফিট পাইব ক্রয়-৬০০, মিস্ত্রি ও লেবার  ৭জন বাবদ-৮০০০টাকা।', '2025-05-01 15:30:58', '2025-05-01 09:30:58', '2025-05-01 09:30:58'),
(417, 2, 1, 188, 'App\\Models\\IncomeExpence', 1, 5100, NULL, NULL, '০৫ বস্তা সিমেন্ট=২৬০০, ৫০বস্তা বালু=২৫০০', '2025-05-01 15:53:58', '2025-05-01 09:53:58', '2025-05-01 09:53:58'),
(418, 2, 1, 220, 'App\\Models\\RentCollectionHistory', 0, NULL, 9500, NULL, NULL, '2025-05-02 08:07:29', '2025-05-02 02:07:29', '2025-05-02 02:07:29'),
(419, 2, 1, 221, 'App\\Models\\RentCollectionHistory', 0, NULL, 2300, NULL, NULL, '2025-05-02 10:10:42', '2025-05-02 04:10:42', '2025-05-02 04:10:42'),
(420, 2, 1, 222, 'App\\Models\\RentCollectionHistory', 0, NULL, 2100, NULL, NULL, '2025-05-02 17:00:51', '2025-05-02 11:00:51', '2025-05-02 11:00:51'),
(421, 2, 1, 223, 'App\\Models\\RentCollectionHistory', 0, NULL, 2000, NULL, NULL, '2025-05-02 17:01:46', '2025-05-02 11:01:46', '2025-05-02 11:01:46'),
(422, 2, 1, 224, 'App\\Models\\RentCollectionHistory', 0, NULL, 2400, NULL, NULL, '2025-05-02 17:03:10', '2025-05-02 11:03:10', '2025-05-02 11:03:10'),
(423, 2, 1, 189, 'App\\Models\\IncomeExpence', 1, 200, NULL, 'TI', 'কেচি গেটের তালা ঠিক করা।', '2025-05-03 08:44:07', '2025-05-03 02:44:07', '2025-05-03 02:44:07'),
(424, 2, 1, 225, 'App\\Models\\RentCollectionHistory', 0, NULL, 4200, NULL, NULL, '2025-05-03 08:45:11', '2025-05-03 02:45:11', '2025-05-03 02:45:11'),
(425, 2, 1, 226, 'App\\Models\\RentCollectionHistory', 0, NULL, 4200, NULL, NULL, '2025-05-03 08:46:13', '2025-05-03 02:46:13', '2025-05-03 02:46:13'),
(426, 2, 1, 227, 'App\\Models\\RentCollectionHistory', 0, NULL, 2400, NULL, NULL, '2025-05-03 15:29:03', '2025-05-03 09:29:03', '2025-05-03 09:29:03'),
(427, 2, 1, 228, 'App\\Models\\RentCollectionHistory', 0, NULL, 500, NULL, NULL, '2025-05-04 05:02:58', '2025-05-03 23:02:58', '2025-05-03 23:02:58'),
(428, 2, 1, 190, 'App\\Models\\IncomeExpence', 1, 1000, NULL, 'TI', NULL, '2025-05-04 05:23:48', '2025-05-03 23:23:48', '2025-05-03 23:23:48'),
(429, 2, 1, 191, 'App\\Models\\IncomeExpence', 1, 500, NULL, 'TI', 'মোবাইল রিচার্জ,এমবি ক্রয়  বাবদ।', '2025-05-04 05:24:41', '2025-05-03 23:24:41', '2025-05-03 23:24:41'),
(430, 2, 4, 192, 'App\\Models\\IncomeExpence', 1, 1000, NULL, 'TI', NULL, '2025-05-04 05:37:19', '2025-05-03 23:37:19', '2025-05-03 23:37:19'),
(431, 2, 1, 229, 'App\\Models\\RentCollectionHistory', 0, NULL, 9500, NULL, NULL, '2025-05-04 16:23:01', '2025-05-04 10:23:01', '2025-05-04 10:23:01'),
(432, 2, 1, 193, 'App\\Models\\IncomeExpence', 1, 300, NULL, 'TI', 'ফ্রিজের কস্টিপ ক্রয় ।', '2025-05-05 06:08:22', '2025-05-05 00:08:22', '2025-05-05 00:08:22'),
(433, 2, 1, 194, 'App\\Models\\IncomeExpence', 1, 2000, NULL, 'TI', 'চশমা ক্রয় বাবদ।', '2025-05-05 06:11:04', '2025-05-05 00:11:04', '2025-05-05 00:11:04'),
(434, 2, 1, 195, 'App\\Models\\IncomeExpence', 1, 1500, NULL, 'TI', 'মার চশমা ক্রয় বাবদ।', '2025-05-05 06:30:34', '2025-05-05 00:30:34', '2025-05-05 00:30:34'),
(435, 2, 1, 230, 'App\\Models\\RentCollectionHistory', 0, NULL, 1750, NULL, NULL, '2025-05-05 07:29:23', '2025-05-05 01:29:23', '2025-05-05 01:29:23'),
(436, 2, 4, 196, 'App\\Models\\IncomeExpence', 1, 1000, NULL, 'TI', NULL, '2025-05-05 09:05:59', '2025-05-05 03:05:59', '2025-05-05 03:05:59'),
(437, 2, 1, 231, 'App\\Models\\RentCollectionHistory', 0, NULL, 2100, NULL, NULL, '2025-05-05 15:29:43', '2025-05-05 09:29:43', '2025-05-05 09:29:43'),
(438, 2, 1, 232, 'App\\Models\\RentCollectionHistory', 0, NULL, 2000, NULL, NULL, '2025-05-05 16:18:44', '2025-05-05 10:18:44', '2025-05-05 10:18:44'),
(439, 2, 1, 233, 'App\\Models\\RentCollectionHistory', 0, NULL, 8800, NULL, NULL, '2025-05-05 16:55:38', '2025-05-05 10:55:38', '2025-05-05 10:55:38'),
(440, 2, 1, 234, 'App\\Models\\RentCollectionHistory', 0, NULL, 10480, NULL, NULL, '2025-05-06 13:10:25', '2025-05-06 07:10:25', '2025-05-06 07:10:25'),
(441, 2, 1, 235, 'App\\Models\\RentCollectionHistory', 0, NULL, 1000, NULL, NULL, '2025-05-06 13:38:33', '2025-05-06 07:38:33', '2025-05-06 07:38:33'),
(442, 2, 1, 236, 'App\\Models\\RentCollectionHistory', 0, NULL, 2100, NULL, NULL, '2025-05-06 13:41:18', '2025-05-06 07:41:18', '2025-05-06 07:41:18'),
(443, 2, 1, 237, 'App\\Models\\RentCollectionHistory', 0, NULL, 2100, NULL, NULL, '2025-05-06 14:44:25', '2025-05-06 08:44:25', '2025-05-06 08:44:25'),
(444, 2, 1, 238, 'App\\Models\\RentCollectionHistory', 0, NULL, 4800, NULL, NULL, '2025-05-06 14:55:57', '2025-05-06 08:55:57', '2025-05-06 08:55:57'),
(445, 2, 1, 239, 'App\\Models\\RentCollectionHistory', 0, NULL, 4500, NULL, NULL, '2025-05-06 14:59:10', '2025-05-06 08:59:10', '2025-05-06 08:59:10'),
(446, 2, 1, 240, 'App\\Models\\RentCollectionHistory', 0, NULL, 5000, NULL, NULL, '2025-05-06 15:01:07', '2025-05-06 09:01:07', '2025-05-06 09:01:07'),
(447, 2, 1, 241, 'App\\Models\\RentCollectionHistory', 0, NULL, 2000, NULL, NULL, '2025-05-06 15:08:58', '2025-05-06 09:08:58', '2025-05-06 09:08:58'),
(448, 2, 1, 242, 'App\\Models\\RentCollectionHistory', 0, NULL, 2100, NULL, NULL, '2025-05-06 16:38:17', '2025-05-06 10:38:17', '2025-05-06 10:38:17'),
(449, 2, 1, 243, 'App\\Models\\RentCollectionHistory', 0, NULL, 2100, NULL, NULL, '2025-05-06 16:38:44', '2025-05-06 10:38:44', '2025-05-06 10:38:44'),
(450, 2, 2, 197, 'App\\Models\\IncomeExpence', 1, 1000, NULL, 'TI', NULL, '2025-05-06 16:41:35', '2025-05-06 10:41:35', '2025-05-06 10:41:35'),
(451, 2, 2, 198, 'App\\Models\\IncomeExpence', 1, 1000, NULL, 'TI', NULL, '2025-05-06 16:42:00', '2025-05-06 10:42:00', '2025-05-06 10:42:00'),
(452, 2, 2, 199, 'App\\Models\\IncomeExpence', 1, 1000, NULL, 'TI', NULL, '2025-05-06 16:42:28', '2025-05-06 10:42:28', '2025-05-06 10:42:28'),
(454, 2, 1, 201, 'App\\Models\\IncomeExpence', 1, 6000, NULL, NULL, 'কাকার বেতন এপ্রিল-২০২৫ইং মাস।', '2025-05-07 08:48:41', '2025-05-07 02:48:41', '2025-05-07 02:48:41'),
(455, 2, 1, 202, 'App\\Models\\IncomeExpence', 1, 1350, NULL, 'TI', 'Hair Fiber ক্রয় চুলের জন্য।', '2025-05-07 09:48:51', '2025-05-07 03:48:51', '2025-05-07 03:48:51'),
(456, 2, 1, 244, 'App\\Models\\RentCollectionHistory', 0, NULL, 8000, NULL, NULL, '2025-05-07 15:32:21', '2025-05-07 09:32:21', '2025-05-07 09:32:21'),
(457, 2, 1, 245, 'App\\Models\\RentCollectionHistory', 0, NULL, 4500, NULL, NULL, '2025-05-07 15:42:15', '2025-05-07 09:42:15', '2025-05-07 09:42:15'),
(458, 2, 1, 203, 'App\\Models\\IncomeExpence', 1, 2000, NULL, 'TI', 'নতুন রুমের ইলেক্ট্রিক মালামাল ক্রয়-১২০০, ইলেক্ট্রিক মিস্ত্রি বিল-৮০০।', '2025-05-07 16:12:58', '2025-05-07 10:12:58', '2025-05-07 10:12:58'),
(459, 2, 1, 204, 'App\\Models\\IncomeExpence', 1, 650, NULL, 'TI', 'পাকের রুমের এসি.ডিসি লাইট ক্রয়-৬৫০,', '2025-05-07 16:14:53', '2025-05-07 10:14:53', '2025-05-07 10:14:53'),
(460, 2, 1, 205, 'App\\Models\\IncomeExpence', 1, 4000, NULL, 'TI', 'তাজুল খরচ নরসিংদী।', '2025-05-07 16:43:11', '2025-05-07 10:43:11', '2025-05-07 10:43:11'),
(461, 2, 2, 206, 'App\\Models\\IncomeExpence', 1, 1000, NULL, 'TI', NULL, '2025-05-09 04:28:16', '2025-05-08 22:28:16', '2025-05-08 22:28:16'),
(462, 2, 2, 207, 'App\\Models\\IncomeExpence', 1, 1000, NULL, 'TI', NULL, '2025-05-09 04:28:38', '2025-05-08 22:28:38', '2025-05-08 22:28:38'),
(463, 2, 4, 208, 'App\\Models\\IncomeExpence', 1, 1000, NULL, 'TI', NULL, '2025-05-11 07:45:34', '2025-05-11 01:45:34', '2025-05-11 01:45:34'),
(464, 2, 1, 209, 'App\\Models\\IncomeExpence', 1, 1000, NULL, 'TI', NULL, '2025-05-12 05:53:02', '2025-05-11 23:53:02', '2025-05-11 23:53:02'),
(465, 2, 1, 246, 'App\\Models\\RentCollectionHistory', 0, NULL, 4800, NULL, NULL, '2025-05-12 14:20:59', '2025-05-12 08:20:59', '2025-05-12 08:20:59'),
(466, 2, 1, 247, 'App\\Models\\RentCollectionHistory', 0, NULL, 2800, NULL, NULL, '2025-05-12 14:31:57', '2025-05-12 08:31:57', '2025-05-12 08:31:57'),
(467, 2, 1, 248, 'App\\Models\\RentCollectionHistory', 0, NULL, 2200, NULL, NULL, '2025-05-12 14:45:04', '2025-05-12 08:45:04', '2025-05-12 08:45:04'),
(468, 2, 1, 249, 'App\\Models\\RentCollectionHistory', 0, NULL, 4800, NULL, NULL, '2025-05-12 14:46:00', '2025-05-12 08:46:00', '2025-05-12 08:46:00'),
(469, 2, 1, 250, 'App\\Models\\RentCollectionHistory', 0, NULL, 1000, NULL, NULL, '2025-05-12 14:47:21', '2025-05-12 08:47:21', '2025-05-12 08:47:21'),
(470, 2, 1, 251, 'App\\Models\\RentCollectionHistory', 0, NULL, 750, NULL, NULL, '2025-05-12 14:48:21', '2025-05-12 08:48:21', '2025-05-12 08:48:21'),
(471, 2, 1, 252, 'App\\Models\\RentCollectionHistory', 0, NULL, 1400, NULL, NULL, '2025-05-12 14:56:00', '2025-05-12 08:56:00', '2025-05-12 08:56:00'),
(473, 2, 1, 253, 'App\\Models\\RentCollectionHistory', 0, NULL, 2000, NULL, NULL, '2025-05-12 15:41:12', '2025-05-12 09:41:12', '2025-05-12 09:41:12'),
(474, 2, 1, 254, 'App\\Models\\RentCollectionHistory', 0, NULL, 5500, NULL, NULL, '2025-05-12 15:56:33', '2025-05-12 09:56:33', '2025-05-12 09:56:33'),
(475, 2, 1, 255, 'App\\Models\\RentCollectionHistory', 0, NULL, 4500, NULL, NULL, '2025-05-12 16:09:04', '2025-05-12 10:09:04', '2025-05-12 10:09:04'),
(476, 2, 1, 211, 'App\\Models\\IncomeExpence', 1, 1500, NULL, 'TI', 'তাজুল খরচা বাবদ নরসিংদী।', '2025-05-12 16:10:19', '2025-05-12 10:10:19', '2025-05-12 10:10:19'),
(477, 2, 1, 256, 'App\\Models\\RentCollectionHistory', 0, NULL, 4000, NULL, NULL, '2025-05-12 16:12:27', '2025-05-12 10:12:27', '2025-05-12 10:12:27'),
(478, 2, 2, 212, 'App\\Models\\IncomeExpence', 1, 2000, NULL, 'TI', '০৯নং মিটারে টাকা রিচার্জ।', '2025-05-12 16:21:02', '2025-05-12 10:21:02', '2025-05-12 10:21:02'),
(479, 2, 1, 257, 'App\\Models\\RentCollectionHistory', 0, NULL, 6000, NULL, NULL, '2025-05-13 05:06:59', '2025-05-12 23:06:59', '2025-05-12 23:06:59'),
(480, 2, 1, 258, 'App\\Models\\RentCollectionHistory', 0, NULL, 6000, NULL, NULL, '2025-05-13 05:09:15', '2025-05-12 23:09:15', '2025-05-12 23:09:15'),
(481, 2, 1, 213, 'App\\Models\\IncomeExpence', 1, 8000, NULL, 'TI', 'এপ্রিল-২৫ইং মাসের বুয়ার বেতন বাবদ', '2025-05-13 05:11:22', '2025-05-12 23:11:22', '2025-05-12 23:11:22'),
(482, 2, 1, 214, 'App\\Models\\IncomeExpence', 1, 225, NULL, 'TI', 'হুইল ক্রয় ২ কেজি।', '2025-05-13 10:07:51', '2025-05-13 04:07:51', '2025-05-13 04:07:51'),
(483, 2, 1, 215, 'App\\Models\\IncomeExpence', 1, 450, NULL, 'TI', NULL, '2025-05-13 10:14:33', '2025-05-13 04:14:33', '2025-05-13 04:14:33'),
(484, 2, 1, 259, 'App\\Models\\RentCollectionHistory', 0, NULL, 4200, NULL, NULL, '2025-05-13 14:33:10', '2025-05-13 08:33:10', '2025-05-13 08:33:10'),
(485, 2, 1, 260, 'App\\Models\\RentCollectionHistory', 0, NULL, 10000, NULL, NULL, '2025-05-13 15:09:44', '2025-05-13 09:09:44', '2025-05-13 09:09:44'),
(486, 2, 1, 261, 'App\\Models\\RentCollectionHistory', 0, NULL, 4500, NULL, NULL, '2025-05-13 15:10:30', '2025-05-13 09:10:30', '2025-05-13 09:10:30'),
(487, 2, 1, 262, 'App\\Models\\RentCollectionHistory', 0, NULL, 3400, NULL, NULL, '2025-05-13 15:11:14', '2025-05-13 09:11:14', '2025-05-13 09:11:14'),
(488, 2, 1, 263, 'App\\Models\\RentCollectionHistory', 0, NULL, 2000, NULL, NULL, '2025-05-13 15:46:17', '2025-05-13 09:46:17', '2025-05-13 09:46:17'),
(489, 2, 1, 264, 'App\\Models\\RentCollectionHistory', 0, NULL, 5000, NULL, NULL, '2025-05-14 01:10:49', '2025-05-13 19:10:49', '2025-05-13 19:10:49'),
(490, 2, 1, 265, 'App\\Models\\RentCollectionHistory', 0, NULL, 4000, NULL, NULL, '2025-05-14 01:11:36', '2025-05-13 19:11:36', '2025-05-13 19:11:36'),
(491, 2, 1, 266, 'App\\Models\\RentCollectionHistory', 0, NULL, 4500, NULL, NULL, '2025-05-14 01:12:55', '2025-05-13 19:12:55', '2025-05-13 19:12:55'),
(492, 2, 1, 267, 'App\\Models\\RentCollectionHistory', 0, NULL, 8000, NULL, NULL, '2025-05-14 03:53:14', '2025-05-13 21:53:14', '2025-05-13 21:53:14'),
(493, 2, 1, 216, 'App\\Models\\IncomeExpence', 1, 500, NULL, 'TI', 'মা হোরায়রাদের ভাড়া থেকে নিয়েছেন।', '2025-05-14 03:54:23', '2025-05-13 21:54:23', '2025-05-13 21:54:23'),
(494, 2, 4, 217, 'App\\Models\\IncomeExpence', 1, 1000, NULL, 'TI', NULL, '2025-05-14 04:12:07', '2025-05-13 22:12:07', '2025-05-13 22:12:07'),
(495, 2, 1, 218, 'App\\Models\\IncomeExpence', 1, 1000, NULL, 'TI', '০১ নং বিদ্যুৎ মিটারে টাকা রিচার্জ।', '2025-05-14 04:23:11', '2025-05-13 22:23:11', '2025-05-13 22:23:11'),
(496, 2, 1, 219, 'App\\Models\\IncomeExpence', 1, 2000, NULL, 'TI', 'তাজুল মটর সাইকেল ড্রাইভিং শিখা।', '2025-05-14 04:25:42', '2025-05-13 22:25:42', '2025-05-13 22:25:42'),
(497, 2, 4, 220, 'App\\Models\\IncomeExpence', 1, 1000, NULL, 'TI', NULL, '2025-05-14 14:15:42', '2025-05-14 08:15:42', '2025-05-14 08:15:42'),
(498, 2, 1, 221, 'App\\Models\\IncomeExpence', 1, 500, NULL, 'TI', NULL, '2025-05-14 14:18:04', '2025-05-14 08:18:04', '2025-05-14 08:18:04'),
(499, 2, 1, 222, 'App\\Models\\IncomeExpence', 1, 500, NULL, 'TI', NULL, '2025-05-14 14:18:37', '2025-05-14 08:18:37', '2025-05-14 08:18:37'),
(500, 2, 1, 223, 'App\\Models\\IncomeExpence', 1, 200, NULL, 'TI', NULL, '2025-05-14 14:20:09', '2025-05-14 08:20:09', '2025-05-14 08:20:09'),
(501, 2, 1, 224, 'App\\Models\\IncomeExpence', 1, 300, NULL, 'TI', NULL, '2025-05-14 14:35:56', '2025-05-14 08:35:56', '2025-05-14 08:35:56'),
(502, 2, 1, 268, 'App\\Models\\RentCollectionHistory', 0, NULL, 4200, NULL, NULL, '2025-05-14 15:11:48', '2025-05-14 09:11:48', '2025-05-14 09:11:48'),
(503, 2, 1, 269, 'App\\Models\\RentCollectionHistory', 0, NULL, 3800, NULL, NULL, '2025-05-14 15:12:30', '2025-05-14 09:12:30', '2025-05-14 09:12:30'),
(504, 2, 1, 270, 'App\\Models\\RentCollectionHistory', 0, NULL, 4600, NULL, NULL, '2025-05-14 15:13:09', '2025-05-14 09:13:09', '2025-05-14 09:13:09'),
(505, 2, 1, 225, 'App\\Models\\IncomeExpence', 1, 1000, NULL, 'TI', 'পাকের ঘরের এ্যাডজাস্ট ফ্যান লাগানো।', '2025-05-14 15:51:24', '2025-05-14 09:51:24', '2025-05-14 09:51:24'),
(506, 2, 1, 226, 'App\\Models\\IncomeExpence', 1, 220, NULL, 'TI', 'লাউ,ঝালি,দুনদুল,বডবডি,দেরস,', '2025-05-15 06:09:23', '2025-05-15 00:09:23', '2025-05-15 00:09:23'),
(507, 2, 1, 271, 'App\\Models\\RentCollectionHistory', 0, NULL, 4000, NULL, NULL, '2025-05-15 06:10:56', '2025-05-15 00:10:56', '2025-05-15 00:10:56'),
(508, 2, 1, 227, 'App\\Models\\IncomeExpence', 1, 6000, NULL, 'TI', 'এপ্রিল-২০২৫ইং মাসের দোকানের বকেয়া পরিশোধ।', '2025-05-15 07:07:00', '2025-05-15 01:07:00', '2025-05-15 01:07:00'),
(509, 2, 1, 228, 'App\\Models\\IncomeExpence', 1, 6000, NULL, 'TI', 'কাকার বেতন এপ্রিল-২০২৫ইং মাস।', '2025-05-15 07:44:42', '2025-05-15 01:44:42', '2025-05-15 01:44:42'),
(511, 2, 1, 273, 'App\\Models\\RentCollectionHistory', 0, NULL, 1430, NULL, NULL, '2025-05-15 15:25:25', '2025-05-15 09:25:25', '2025-05-15 09:25:25'),
(512, 2, 1, 274, 'App\\Models\\RentCollectionHistory', 0, NULL, 3400, NULL, NULL, '2025-05-15 15:30:01', '2025-05-15 09:30:01', '2025-05-15 09:30:01'),
(513, 2, 1, 275, 'App\\Models\\RentCollectionHistory', 0, NULL, 4000, NULL, NULL, '2025-05-15 15:36:23', '2025-05-15 09:36:23', '2025-05-15 09:36:23'),
(514, 2, 1, 276, 'App\\Models\\RentCollectionHistory', 0, NULL, 4200, NULL, NULL, '2025-05-15 16:39:09', '2025-05-15 10:39:09', '2025-05-15 10:39:09'),
(515, 2, 1, 277, 'App\\Models\\RentCollectionHistory', 0, NULL, 2400, NULL, NULL, '2025-05-15 16:39:33', '2025-05-15 10:39:33', '2025-05-15 10:39:33'),
(516, 2, 1, 278, 'App\\Models\\RentCollectionHistory', 0, NULL, 10000, NULL, NULL, '2025-05-15 17:03:38', '2025-05-15 11:03:38', '2025-05-15 11:03:38'),
(517, 2, 1, 279, 'App\\Models\\RentCollectionHistory', 0, NULL, 8700, NULL, NULL, '2025-05-15 17:07:58', '2025-05-15 11:07:58', '2025-05-15 11:07:58'),
(518, 2, 1, 229, 'App\\Models\\IncomeExpence', 1, 1500, NULL, 'TI', 'তাজুল ঔষধ ক্রয় বাবদ।', '2025-05-16 15:29:48', '2025-05-16 09:29:48', '2025-05-16 09:29:48'),
(519, 2, 1, 230, 'App\\Models\\IncomeExpence', 1, 500, NULL, 'TI', 'সিমেন্ট এর দোকান থেকে গিফ্ট আইটেম ক্রয়।', '2025-05-16 15:31:44', '2025-05-16 09:31:44', '2025-05-16 09:31:44'),
(520, 2, 2, 231, 'App\\Models\\IncomeExpence', 1, 1000, NULL, 'TI', NULL, '2025-05-17 04:29:48', '2025-05-16 22:29:48', '2025-05-16 22:29:48'),
(521, 2, 1, 280, 'App\\Models\\RentCollectionHistory', 0, NULL, 9500, NULL, NULL, '2025-05-17 04:33:02', '2025-05-16 22:33:02', '2025-05-16 22:33:02'),
(522, 2, 1, 281, 'App\\Models\\RentCollectionHistory', 0, NULL, 7500, NULL, NULL, '2025-05-17 04:36:37', '2025-05-16 22:36:37', '2025-05-16 22:36:37'),
(524, 2, 1, 233, 'App\\Models\\IncomeExpence', 1, 5050, NULL, 'TI', 'বাসা থেকে পূর্বের রংয়ের কাজর বাবদ পওনা-২৪০০টাকা, ১টা এসি/ডিসি লাইট-৬৫০টাকা, হাসান হোসেন দের নতুন রুমের ইলেক্ট্রিক কাজ মাল+মিস্ত্রি -২০০০।', '2025-05-17 04:46:43', '2025-05-16 22:46:43', '2025-05-16 22:46:43'),
(525, 2, 1, 282, 'App\\Models\\RentCollectionHistory', 0, NULL, 4000, NULL, NULL, '2025-05-17 05:48:04', '2025-05-16 23:48:04', '2025-05-16 23:48:04'),
(526, 2, 1, 283, 'App\\Models\\RentCollectionHistory', 0, NULL, 4500, NULL, NULL, '2025-05-17 14:29:21', '2025-05-17 08:29:21', '2025-05-17 08:29:21'),
(527, 2, 1, 284, 'App\\Models\\RentCollectionHistory', 0, NULL, 3000, NULL, NULL, '2025-05-17 14:30:04', '2025-05-17 08:30:04', '2025-05-17 08:30:04'),
(528, 2, 1, 285, 'App\\Models\\RentCollectionHistory', 0, NULL, 2000, NULL, NULL, '2025-05-17 14:30:38', '2025-05-17 08:30:38', '2025-05-17 08:30:38'),
(529, 2, 1, 286, 'App\\Models\\RentCollectionHistory', 0, NULL, 2400, NULL, NULL, '2025-05-17 14:52:11', '2025-05-17 08:52:11', '2025-05-17 08:52:11'),
(530, 2, 1, 287, 'App\\Models\\RentCollectionHistory', 0, NULL, 2400, NULL, NULL, '2025-05-17 14:56:40', '2025-05-17 08:56:40', '2025-05-17 08:56:40'),
(531, 2, 2, 288, 'App\\Models\\RentCollectionHistory', 0, NULL, 4200, NULL, NULL, '2025-05-17 15:32:54', '2025-05-17 09:32:54', '2025-05-17 09:32:54'),
(532, 2, 4, 234, 'App\\Models\\IncomeExpence', 1, 1500, NULL, 'TI', 'জানুয়ারী-২০২৫ইং মাসের পানির বিল।', '2025-05-17 15:51:20', '2025-05-17 09:51:20', '2025-05-17 09:51:20'),
(533, 2, 4, 235, 'App\\Models\\IncomeExpence', 1, 3168, NULL, 'TI', 'জানুয়ারী-২০২৫ইং মাসের পানির বিল।', '2025-05-17 15:52:32', '2025-05-17 09:52:32', '2025-05-17 09:52:32'),
(534, 2, 2, 236, 'App\\Models\\IncomeExpence', 1, 1000, NULL, 'TI', 'ওয়সার লোককে খরচা বাবদ ।', '2025-05-17 15:56:56', '2025-05-17 09:56:56', '2025-05-17 09:56:56'),
(535, 2, 4, 237, 'App\\Models\\IncomeExpence', 1, 6435, NULL, 'TI', 'পানির বিল এপ্রিল-২৫ইং=৪৬৮৫ এক্সট্রা=১৭৫০।', '2025-05-17 16:19:39', '2025-05-17 10:19:39', '2025-05-17 10:19:39'),
(536, 2, 4, 238, 'App\\Models\\IncomeExpence', 1, 6435, NULL, 'TI', 'পানির বিল এপ্রিল-২৫ইং=৪৬৮৫ এক্সট্রা=১৭৫০।', '2025-05-17 16:23:45', '2025-05-17 10:23:45', '2025-05-17 10:23:45'),
(538, 2, 1, 240, 'App\\Models\\IncomeExpence', 1, 1000, NULL, 'TI', 'বাসার ১০নং বিদ্যুৎ মিটারে টাকা রিচার্জ-১০০০/-', '2025-05-18 10:41:28', '2025-05-18 04:41:28', '2025-05-18 04:41:28'),
(539, 2, 1, 241, 'App\\Models\\IncomeExpence', 1, 2000, NULL, 'TI', 'বাসার IPS ঠিক করা বাবদ।', '2025-05-18 15:05:47', '2025-05-18 09:05:47', '2025-05-18 09:05:47'),
(540, 2, 1, 289, 'App\\Models\\RentCollectionHistory', 0, NULL, 10000, NULL, NULL, '2025-05-18 15:17:16', '2025-05-18 09:17:16', '2025-05-18 09:17:16'),
(541, 2, 1, 290, 'App\\Models\\RentCollectionHistory', 0, NULL, 2400, NULL, NULL, '2025-05-18 15:37:30', '2025-05-18 09:37:30', '2025-05-18 09:37:30'),
(543, 2, 1, 243, 'App\\Models\\IncomeExpence', 1, 1200, NULL, 'TI', 'সরিষার তেল ক্রয় ৫ কেজি।', '2025-05-19 05:21:49', '2025-05-18 23:21:49', '2025-05-18 23:21:49'),
(544, 2, 4, 244, 'App\\Models\\IncomeExpence', 1, 1000, NULL, 'TI', NULL, '2025-05-19 05:22:29', '2025-05-18 23:22:29', '2025-05-18 23:22:29'),
(545, 2, 4, 245, 'App\\Models\\IncomeExpence', 1, 1000, NULL, 'TI', NULL, '2025-05-19 05:24:42', '2025-05-18 23:24:42', '2025-05-18 23:24:42'),
(546, 2, 4, 246, 'App\\Models\\IncomeExpence', 1, 1000, NULL, 'TI', 'বাসার ১০নং বিদ্যুৎ মিটারে টাকা রিচার্জ-১০০০/-', '2025-05-19 05:28:04', '2025-05-18 23:28:04', '2025-05-18 23:28:04'),
(547, 2, 1, 291, 'App\\Models\\RentCollectionHistory', 0, NULL, 9000, NULL, NULL, '2025-05-19 15:56:54', '2025-05-19 09:56:54', '2025-05-19 09:56:54'),
(548, 2, 1, 292, 'App\\Models\\RentCollectionHistory', 0, NULL, 4000, NULL, NULL, '2025-05-19 16:01:31', '2025-05-19 10:01:31', '2025-05-19 10:01:31'),
(549, 2, 3, 247, 'App\\Models\\IncomeExpence', 1, 1000, NULL, 'TI', NULL, '2025-05-20 05:05:24', '2025-05-19 23:05:24', '2025-05-19 23:05:24'),
(550, 2, 1, 248, 'App\\Models\\IncomeExpence', 1, 680, NULL, 'TI', '১টা সার্কেট ক্রয়-৩৮০, মিস্ত্রি বিল-৩০০।', '2025-05-20 08:03:22', '2025-05-20 02:03:22', '2025-05-20 02:03:22'),
(551, 2, 1, 293, 'App\\Models\\RentCollectionHistory', 0, NULL, 1400, NULL, NULL, '2025-05-20 08:05:17', '2025-05-20 02:05:17', '2025-05-20 02:05:17'),
(552, 2, 3, 249, 'App\\Models\\IncomeExpence', 1, 1000, NULL, 'TI', NULL, '2025-05-20 08:07:05', '2025-05-20 02:07:05', '2025-05-20 02:07:05'),
(553, 2, 1, 294, 'App\\Models\\RentCollectionHistory', 0, NULL, 4600, NULL, NULL, '2025-05-20 08:38:37', '2025-05-20 02:38:37', '2025-05-20 02:38:37'),
(554, 2, 1, 295, 'App\\Models\\RentCollectionHistory', 0, NULL, 2100, NULL, NULL, '2025-05-20 08:39:07', '2025-05-20 02:39:07', '2025-05-20 02:39:07'),
(555, 2, 1, 296, 'App\\Models\\RentCollectionHistory', 0, NULL, 1400, NULL, NULL, '2025-05-20 08:41:45', '2025-05-20 02:41:45', '2025-05-20 02:41:45'),
(556, 2, 4, 250, 'App\\Models\\IncomeExpence', 1, 5500, NULL, 'TI', 'গ্যাস বিল জানুয়ারী-২৪ইং বাবদ।', '2025-05-20 08:49:19', '2025-05-20 02:49:19', '2025-05-20 02:49:19'),
(557, 2, 4, 251, 'App\\Models\\IncomeExpence', 1, 6540, NULL, 'TI', 'গ্যাস বিল জানুয়ারী-২৫ইং বাবদ।', '2025-05-20 08:50:35', '2025-05-20 02:50:35', '2025-05-20 02:50:35'),
(558, 2, 4, 252, 'App\\Models\\IncomeExpence', 1, 933, NULL, 'TI', 'বিদ্যুৎ বিল এপ্রিল-২০২৫ইং মাস।', '2025-05-20 08:57:23', '2025-05-20 02:57:23', '2025-05-20 02:57:23'),
(559, 2, 4, 253, 'App\\Models\\IncomeExpence', 1, 2180, NULL, 'TI', 'গ্যাস বিল মার্চ-২৫ইং মাস।', '2025-05-20 08:58:44', '2025-05-20 02:58:44', '2025-05-20 02:58:44'),
(560, 2, 1, 297, 'App\\Models\\RentCollectionHistory', 0, NULL, 1400, NULL, NULL, '2025-05-20 13:37:32', '2025-05-20 07:37:32', '2025-05-20 07:37:32'),
(561, 2, 1, 298, 'App\\Models\\RentCollectionHistory', 0, NULL, 1400, NULL, NULL, '2025-05-20 13:40:50', '2025-05-20 07:40:50', '2025-05-20 07:40:50'),
(562, 2, 1, 299, 'App\\Models\\RentCollectionHistory', 0, NULL, 7000, NULL, NULL, '2025-05-20 13:53:04', '2025-05-20 07:53:04', '2025-05-20 07:53:04'),
(563, 2, 1, 300, 'App\\Models\\RentCollectionHistory', 0, NULL, 1700, NULL, NULL, '2025-05-20 14:21:00', '2025-05-20 08:21:00', '2025-05-20 08:21:00'),
(564, 2, 1, 254, 'App\\Models\\IncomeExpence', 1, 1000, NULL, 'TI', NULL, '2025-05-20 14:27:07', '2025-05-20 08:27:07', '2025-05-20 08:27:07');

-- --------------------------------------------------------

--
-- Table structure for table `units`
--

CREATE TABLE `units` (
  `id` bigint(20) UNSIGNED NOT NULL,
  `user_id` bigint(20) UNSIGNED NOT NULL,
  `house_id` bigint(20) UNSIGNED NOT NULL,
  `floor_id` bigint(20) UNSIGNED NOT NULL,
  `name` varchar(255) NOT NULL,
  `info` varchar(255) DEFAULT NULL,
  `status` tinyint(4) NOT NULL,
  `rent_status` tinyint(4) NOT NULL DEFAULT 0 COMMENT '0:Avilable 1:Rented',
  `created_at` timestamp NULL DEFAULT NULL,
  `updated_at` timestamp NULL DEFAULT NULL
) ENGINE=InnoDB DEFAULT CHARSET=utf8mb4 COLLATE=utf8mb4_unicode_ci;

--
-- Dumping data for table `units`
--

INSERT INTO `units` (`id`, `user_id`, `house_id`, `floor_id`, `name`, `info`, `status`, `rent_status`, `created_at`, `updated_at`) VALUES
(1, 2, 1, 1, 'ROOM NO: 01', 'রুমের বৈশিষ্টঃ- রুমটি এটাস্ট বাথরুম লো-কমোড+বেসিং, রুমের পশ্চিম পাশে জানালা রয়েছে।', 1, 1, '2025-01-13 01:14:15', '2025-04-18 04:29:43'),
(2, 2, 1, 1, 'ROOM NO: 02', 'রুমের বৈশিষ্টঃ- সিঙ্গেল রুম, কমোন-বাথরুম, রুমের জানালা রুমের পশ্চিম দিকে।', 1, 1, '2025-01-13 01:54:36', '2025-02-14 04:06:16'),
(3, 2, 1, 1, 'ROOM NO: 03', 'রুমের বৈশিষ্টঃ- রুমটি এটাস্ট বাথরুম লো-কমোড+বেসিং, রুমের পূর্ব পাশে জানালা রয়েছে।', 1, 1, '2025-01-13 01:55:19', '2025-02-14 04:17:02'),
(4, 2, 1, 1, 'ROOM NO: 04', 'রুমের বৈশিষ্টঃ- সিঙ্গেল বড় রুম, কমোন-বাথরুম, রুমের পূর্ব ও দক্ষিণ দিকে ২টি জানালা রয়েছে ।', 1, 1, '2025-01-13 01:56:47', '2025-02-24 03:09:28'),
(5, 2, 1, 1, 'ROOM NO: 05', 'রুমের বৈশিষ্টঃ- সিঙ্গেল রুম, কমোন-বাথরুম, রুমের দক্ষিণ দিকে ১টি জানালা রয়েছে।', 1, 1, '2025-01-13 01:57:29', '2025-02-24 03:11:30'),
(6, 2, 1, 1, 'ROOM NO: 06', 'রুমের বৈশিষ্টঃ- রুমটি এটাস্ট বাথরুম লো-কমোড+বেসিং, রুমের পূর্ব পাশে ১টি জানালা রয়েছে।', 1, 1, '2025-01-13 02:07:12', '2025-02-24 03:18:26'),
(7, 2, 1, 1, 'ROOM NO: 07', 'রুমের বৈশিষ্টঃ- রুমটি এটাস্ট বাথরুম লো-কমোড+বেসিং, রুমের দক্ষিণ পাশে ১টি জানালা রয়েছে।', 1, 1, '2025-01-13 02:08:17', '2025-02-24 03:32:02'),
(8, 2, 1, 1, 'ROOM NO: 08', 'রুমের বৈশিষ্টঃ- সিঙ্গেল রুম, কমোন-বাথরুম, রুমের দক্ষিণ দিকে  ১টি বড় জানালা রয়েছে।', 1, 1, '2025-01-13 02:08:58', '2025-02-24 03:41:04'),
(9, 2, 1, 1, 'ROOM NO: 09', 'রুমের বৈশিষ্টঃ- সিঙ্গেল বড় রুম, কমোন-বাথরুম, রুমের পশ্চিম দিকে ১টি জানালা রয়েছে ।', 1, 1, '2025-01-13 02:09:48', '2025-02-25 02:47:35'),
(10, 2, 1, 1, 'ROOM NO: 40', 'রুমের বৈশিষ্টঃ- সিঙ্গেল বড় রুম, কমোন-বাথরুম, রুমের পশ্চিম দিকে ১টি জানালা রয়েছে ।', 1, 1, '2025-01-13 02:11:21', '2025-02-24 04:47:49'),
(11, 2, 1, 1, 'ROOM NO: 41', 'রুমের বৈশিষ্টঃ- সিঙ্গেল রুম, কমোন-বাথরুম, রুমের পূর্ব দিকে ১টি জানালা রয়েছে।', 1, 1, '2025-01-13 02:12:05', '2025-02-24 05:09:25'),
(12, 2, 1, 1, 'ROOM NO: 42', 'রুমের বৈশিষ্টঃ- সিঙ্গেল রুম, কমোন-বাথরুম, রুমের পূর্ব  দিকে ১টি জানালা রয়েছে ।', 1, 1, '2025-01-13 02:12:30', '2025-05-02 08:57:30'),
(16, 2, 1, 2, 'ROOM NO: 10', 'রুমের বৈশিষ্টঃ- রুমটি এটাস্ট বাথরুম লো-কমোড+বেসিং, রুমের পশ্চিম পাশে জানালা রয়েছে।', 1, 1, '2025-02-14 02:50:05', '2025-02-24 05:24:55'),
(17, 2, 1, 2, 'ROOM NO: 11', 'রুমের বৈশিষ্টঃ- সিঙ্গেল রুম, কমোন-বাথরুম, রুমের পশ্চিম দিকে ১টি জানালা রয়েছে ।', 1, 1, '2025-02-14 02:50:46', '2025-02-24 21:48:59'),
(18, 2, 1, 2, 'ROOM NO: 12', 'রুমের বৈশিষ্টঃ- রুমটি এটাস্ট বাথরুম লো-কমোড+বেসিং, রুমের  পূর্বপাশে ১টি জানালা রয়েছে।', 1, 1, '2025-02-14 02:51:17', '2025-02-24 22:07:51'),
(19, 2, 1, 2, 'ROOM NO: 13', 'রুমের বৈশিষ্টঃ- সিঙ্গেল রুম, কমোন-বাথরুম, রুমের পূর্ব  কর্নারের দিকে টি জানালা রয়েছে ।', 1, 1, '2025-02-14 02:52:00', '2025-02-24 22:39:30'),
(20, 2, 1, 2, 'ROOM NO: 14', 'রুমের বৈশিষ্টঃ- সিঙ্গেল রুম, কমোন-বাথরুম, রুমের দক্ষিণ দিকে ১টি বড় জানালা রয়েছে ।', 1, 1, '2025-02-14 02:52:47', '2025-02-24 23:07:16'),
(21, 2, 1, 2, 'ROOM NO: 15', 'রুমের বৈশিষ্টঃ- রুমটি এটাস্ট বাথরুম লো-কমোড+বেসিং, রুমের পূর্বপাশে ১টি জানালা রয়েছে।', 1, 1, '2025-02-14 02:53:20', '2025-03-03 10:18:09'),
(22, 2, 1, 2, 'ROOM NO: 16', 'রুমের বৈশিষ্টঃ- রুমটি এটাস্ট বাথরুম লো-কমোড+বেসিং, রুমের দক্ষিণ পাশে ১টি জানালা রয়েছে।', 1, 1, '2025-02-14 02:54:25', '2025-02-24 23:15:08'),
(23, 2, 1, 2, 'ROOM NO: 17', 'রুমের বৈশিষ্টঃ- সিঙ্গেল রুম, কমোন-বাথরুম, রুমের দক্ষিণ দিকে ১টি জানালা রয়েছে ।', 1, 1, '2025-02-14 02:54:53', '2025-02-25 02:53:54'),
(24, 2, 1, 2, 'ROOM NO: 18', 'রুমের বৈশিষ্টঃ- রুমটি এটাস্ট বাথরুম লো-কমোড+বেসিং, রুমের দক্ষিণ ও পশ্চিম পাশে ১টি জানালা রয়েছে।', 1, 1, '2025-02-14 02:55:28', '2025-02-24 23:37:06'),
(25, 2, 1, 2, 'ROOM NO: 19', 'রুমের বৈশিষ্টঃ- রুমটি এটাস্ট বাথরুম লো-কমোড+বেসিং, রুমের পশ্চিম পাশে ১টি জানালা রয়েছে।', 1, 1, '2025-02-14 02:56:16', '2025-02-24 23:48:57'),
(26, 2, 1, 2, 'ROOM NO: 43', 'রুমের বৈশিষ্টঃ- সিঙ্গেল রুম, কমোন-বাথরুম, রুমের পশ্চিম দিকে ১টি জানালা রয়েছে  ।', 1, 1, '2025-02-14 02:56:56', '2025-02-25 00:01:46'),
(27, 2, 1, 2, 'ROOM NO: 44', 'রুমের বৈশিষ্টঃ- সিঙ্গেল রুম, কমোন-বাথরুম, রুমের পূর্ব দিকে ১টি জানালা রয়েছে ।', 1, 1, '2025-02-14 02:58:17', '2025-02-25 00:14:44'),
(28, 2, 1, 2, 'ROOM NO: 45', 'রুমের বৈশিষ্টঃ- সিঙ্গেল রুম, কমোন-বাথরুম, রুমের পূর্ব দিকে ১টি জানালা রয়েছে  ।', 1, 1, '2025-02-14 02:58:46', '2025-02-25 00:24:10'),
(29, 2, 1, 3, 'ROOM NO: 20', 'রুমের বৈশিষ্টঃ- রুমটি এটাস্ট বাথরুম লো-কমোড+বেসিং, রুমের পশ্চিম পাশে ১টি জানালা রয়েছে।', 1, 1, '2025-02-14 02:59:34', '2025-02-25 00:33:48'),
(30, 2, 1, 3, 'ROOM NO: 21', 'রুমের বৈশিষ্টঃ- সিঙ্গেল রুম, কমোন-বাথরুম, রুমের পশ্চিম দিকে ১টি জানালা রয়েছে ।', 1, 1, '2025-02-14 03:00:43', '2025-02-25 00:43:02'),
(31, 2, 1, 3, 'ROOM NO: 22', 'রুমের বৈশিষ্টঃ- রুমটি এটাস্ট বাথরুম লো-কমোড+বেসিং, রুমের পূর্ব পাশে ১টি জানালা রয়েছে।', 1, 1, '2025-02-14 03:01:08', '2025-02-25 00:50:44'),
(32, 2, 1, 3, 'ROOM NO: 23', 'রুমের বৈশিষ্টঃ- সিঙ্গেল রুম, কমোন-বাথরুম, রুমের পূর্ব কর্নারের দিকে ১টি জানালা রয়েছে ।', 1, 1, '2025-02-14 03:01:50', '2025-02-25 01:02:38'),
(33, 2, 1, 3, 'ROOM NO: 24', 'রুমের বৈশিষ্টঃ- সিঙ্গেল রুম, কমোন-বাথরুম, রুমের দক্ষিন দিকে ১টি বড় জানালা রয়েছে ।', 1, 1, '2025-02-14 03:02:16', '2025-02-25 01:18:49'),
(34, 2, 1, 3, 'ROOM NO: 25', 'রুমের বৈশিষ্টঃ- রুমটি এটাস্ট বাথরুম লো-কমোড+বেসিং, রুমের পূর্ব পাশে ১টি জানালা রয়েছে।', 1, 1, '2025-02-14 03:04:07', '2025-02-25 01:27:13'),
(35, 2, 1, 3, 'ROOM NO: 26', 'রুমের বৈশিষ্টঃ- রুমটি এটাস্ট বাথরুম লো-কমোড+বেসিং, রুমের দক্ষিন পাশে ১টি জানালা রয়েছে।', 1, 1, '2025-02-14 03:04:43', '2025-04-08 04:58:24'),
(36, 2, 1, 3, 'ROOM NO: 27', 'রুমের বৈশিষ্টঃ- সিঙ্গেল রুম, কমোন-বাথরুম, রুমের দক্ষিন দিকে ১টি  জানালা রয়েছে ।', 1, 1, '2025-02-14 03:05:58', '2025-02-25 01:43:29'),
(37, 2, 1, 3, 'ROOM NO: 28', 'রুমের বৈশিষ্টঃ- রুমটি এটাস্ট বাথরুম লো-কমোড+বেসিং, রুমের দক্ষিন ও পশ্চিম পাশে ২টি জানালা রয়েছে।', 1, 1, '2025-02-14 03:06:53', '2025-02-25 01:54:30'),
(38, 2, 1, 3, 'ROOM NO: 29', 'রুমের বৈশিষ্টঃ- রুমটি এটাস্ট বাথরুম লো-কমোড+বেসিং, রুমের পশ্চিম পাশে ১টি জানালা রয়েছে।', 1, 1, '2025-02-14 03:08:10', '2025-02-25 02:01:53'),
(39, 2, 1, 3, 'ROOM NO: 46', 'রুমের বৈশিষ্টঃ- সিঙ্গেল রুম, কমোন-বাথরুম, রুমের পশ্চিম দিকে ১টি জানালা রয়েছে ।', 1, 1, '2025-02-14 03:09:02', '2025-02-25 02:26:50'),
(40, 2, 1, 3, 'ROOM NO: 47', 'রুমের বৈশিষ্টঃ- সিঙ্গেল রুম, কমোন-বাথরুম, রুমের পূর্ব দিকে ১টি জানালা রয়েছে ।', 1, 1, '2025-02-14 03:10:31', '2025-02-25 02:29:49'),
(41, 2, 1, 3, 'ROOM NO: 48', 'রুমের বৈশিষ্টঃ- সিঙ্গেল রুম, কমোন-বাথরুম, রুমের পূর্ব দিকে ১টি জানালা রয়েছে ।', 1, 1, '2025-02-14 03:11:08', '2025-02-25 02:41:17'),
(42, 2, 1, 4, 'ROOM NO: 30', 'রুমের বৈশিষ্টঃ- রুমটি এটাস্ট বাথরুম লো-কমোড+বেসিং, রুমের পশ্চিম পাশে ১টি জানালা রয়েছে।', 1, 1, '2025-02-14 03:12:17', '2025-04-17 05:53:47'),
(43, 2, 1, 4, 'ROOM NO: 31', 'রুমের বৈশিষ্টঃ- সিঙ্গেল রুম, কমোন-বাথরুম, রুমের পশ্চিম দিকে ১টি জানালা রয়েছে ।', 1, 1, '2025-02-14 03:13:37', '2025-02-25 03:19:10'),
(44, 2, 1, 4, 'ROOM NO: 32', 'রুমের বৈশিষ্টঃ- সিঙ্গেল রুম, কমোন-বাথরুম, রুমের পশ্চিম দিকে ১টি জানালা রয়েছে ।', 1, 0, '2025-02-14 03:23:29', '2025-04-08 05:01:33'),
(45, 2, 1, 4, 'ROOM NO: 33', 'রুমের বৈশিষ্টঃ- সিঙ্গেল রুম, কমোন-বাথরুম, রুমের পূর্ব দিকে ১টি জানালা রয়েছে ।', 1, 1, '2025-02-14 03:24:04', '2025-02-25 03:35:56'),
(46, 2, 1, 4, 'ROOM NO: 34', 'রুমের বৈশিষ্টঃ- সিঙ্গেল রুম, কমোন-বাথরুম, রুমের পূর্ব কর্নারের দিকে ১টি জানালা রয়েছে ।', 1, 1, '2025-02-14 03:24:34', '2025-02-25 03:52:12'),
(47, 2, 1, 4, 'ROOM NO: 35', 'রুমের বৈশিষ্টঃ- সিঙ্গেল রুম, কমোন-বাথরুম, রুমের দক্ষিন দিকে ১টি জানালা রয়েছে ।', 1, 1, '2025-02-14 03:25:11', '2025-02-25 04:09:54'),
(48, 2, 1, 4, 'ROOM NO: 36', 'রুমের বৈশিষ্টঃ- সিঙ্গেল রুম, কমোন-বাথরুম, রুমের দক্ষিন দিকে ১টি জানালা রয়েছে ।', 1, 1, '2025-02-14 03:25:48', '2025-02-25 04:27:51'),
(49, 2, 1, 4, 'ROOM NO: 37', 'রুমের বৈশিষ্টঃ- সিঙ্গেল রুম, কমোন-বাথরুম, রুমের দক্ষিন দিকে ১টি জানালা রয়েছে ।', 1, 1, '2025-02-14 03:26:24', '2025-02-25 04:41:12'),
(50, 2, 1, 4, 'ROOM NO: 38', 'রুমের বৈশিষ্টঃ- সিঙ্গেল রুম, কমোন-বাথরুম, রুমের দক্ষিন ও পশ্চিম দিকে ১টি  জানালা রয়েছে ।', 1, 1, '2025-02-14 03:26:58', '2025-02-25 04:44:10'),
(51, 2, 1, 4, 'ROOM NO: 39', 'রুমের বৈশিষ্টঃ- রুমটি এটাস্ট বাথরুম লো-কমোড+বেসিং, রুমের পশ্চিম পাশে ১টি জানালা রয়েছে।', 1, 1, '2025-02-14 03:27:54', '2025-02-25 04:53:54'),
(52, 2, 1, 4, 'ROOM NO: 49', 'রুমের বৈশিষ্টঃ- সিঙ্গেল রুম, কমোন-বাথরুম, রুমের পশ্চিম দিকে ১টি জানালা রয়েছে ।', 1, 1, '2025-02-14 03:28:24', '2025-02-25 05:00:41'),
(53, 2, 1, 4, 'ROOM NO: 50', 'রুমের বৈশিষ্টঃ- সিঙ্গেল রুম, কমোন-বাথরুম, রুমের পূর্ব দিকে ১টি জানালা রয়েছে ।', 1, 1, '2025-02-14 03:28:49', '2025-03-02 07:24:46'),
(54, 2, 1, 4, 'ROOM NO: 51', 'রুমের বৈশিষ্টঃ- সিঙ্গেল রুম, কমোন-বাথরুম, রুমের পূর্ব দিকে ১টি জানালা রয়েছে ।', 1, 1, '2025-02-14 03:29:45', '2025-03-01 10:14:30'),
(55, 2, 1, 1, 'ROOM NO: 02', 'রুমের বৈশিষ্টঃ- সিঙ্গেল রুম, কমোন-বাথরুম, রুমের জানালা রুমের পশ্চিম দিকে।', 1, 1, '2025-02-14 03:47:02', '2025-02-14 03:55:04'),
(56, 2, 1, 1, 'ROOM NO: 04', 'রুমের বৈশিষ্টঃ- সিঙ্গেল বড় রুম, কমোন-বাথরুম, রুমের পূর্ব ও দক্ষিণ দিকে ২টি জানালা রয়েছে ।', 1, 1, '2025-02-24 02:58:49', '2025-05-02 08:55:17'),
(57, 2, 1, 1, 'ROOM NO: 42', 'রুমের বৈশিষ্টঃ- সিঙ্গেল রুম, কমোন-বাথরুম, রুমের পূর্ব  দিকে ১টি জানালা রয়েছে ।', 1, 1, '2025-02-24 05:21:19', '2025-02-24 05:22:12'),
(58, 2, 1, 2, 'ROOM NO: 10', 'রুমের বৈশিষ্টঃ- রুমটি এটাস্ট বাথরুম লো-কমোড+বেসিং, রুমের পশ্চিম পাশে জানালা রয়েছে।', 1, 1, '2025-02-24 05:26:09', '2025-02-24 05:27:13'),
(59, 2, 1, 2, 'ROOM NO: 12', 'রুমের বৈশিষ্টঃ- রুমটি এটাস্ট বাথরুম লো-কমোড+বেসিং, রুমের  পূর্বপাশে ১টি জানালা রয়েছে।', 1, 1, '2025-02-24 22:06:42', '2025-04-17 06:20:45'),
(60, 2, 1, 2, 'ROOM NO: 18', 'রুমের বৈশিষ্টঃ- রুমটি এটাস্ট বাথরুম লো-কমোড+বেসিং, রুমের দক্ষিণ ও পশ্চিম পাশে ২টি জানালা রয়েছে।', 1, 1, '2025-02-24 23:30:12', '2025-02-24 23:38:04'),
(61, 2, 1, 2, 'ROOM NO: 19', 'রুমের বৈশিষ্টঃ- রুমটি এটাস্ট বাথরুম লো-কমোড+বেসিং, রুমের পশ্চিম পাশে ১টি জানালা রয়েছে।', 1, 1, '2025-02-24 23:42:38', '2025-02-24 23:49:54'),
(62, 2, 1, 3, 'ROOM NO: 21', 'রুমের বৈশিষ্টঃ- সিঙ্গেল রুম, কমোন-বাথরুম, রুমের পশ্চিম দিকে ১টি জানালা রয়েছে ।', 1, 1, '2025-02-25 00:39:40', '2025-05-05 01:26:56'),
(63, 2, 1, 3, 'ROOM NO: 23', 'রুমের বৈশিষ্টঃ- সিঙ্গেল রুম, কমোন-বাথরুম, রুমের পূর্ব কর্নারের দিকে ১টি জানালা রয়েছে ।', 1, 1, '2025-02-25 00:51:58', '2025-02-25 01:04:24'),
(64, 2, 1, 3, 'ROOM NO: 24', 'রুমের বৈশিষ্টঃ- সিঙ্গেল রুম, কমোন-বাথরুম, রুমের দক্ষিন দিকে ১টি বড় জানালা রয়েছে ।', 1, 1, '2025-02-25 01:17:36', '2025-02-25 01:19:48'),
(65, 2, 1, 3, 'ROOM NO: 47', 'রুমের বৈশিষ্টঃ- সিঙ্গেল রুম, কমোন-বাথরুম, রুমের পূর্ব দিকে ১টি জানালা রয়েছে ।', 1, 1, '2025-02-25 02:21:21', '2025-02-25 02:30:52'),
(66, 2, 1, 3, 'ROOM NO: 48', 'রুমের বৈশিষ্টঃ- সিঙ্গেল রুম, কমোন-বাথরুম, রুমের পূর্ব দিকে ১টি জানালা রয়েছে ।', 1, 1, '2025-02-25 02:42:43', '2025-02-25 02:44:03'),
(67, 2, 1, 4, 'ROOM NO: 31', 'রুমের বৈশিষ্টঃ- সিঙ্গেল রুম, কমোন-বাথরুম, রুমের পশ্চিম দিকে ১টি জানালা রয়েছে ।', 1, 1, '2025-02-25 03:11:43', '2025-04-08 06:03:04'),
(68, 2, 1, 4, 'ROOM NO: 32', 'রুমের বৈশিষ্টঃ- সিঙ্গেল রুম, কমোন-বাথরুম, রুমের পশ্চিম দিকে ১টি জানালা রয়েছে ।', 1, 0, '2025-02-25 03:22:15', '2025-05-02 09:15:42'),
(69, 2, 1, 4, 'ROOM NO: 35', 'রুমের বৈশিষ্টঃ- সিঙ্গেল রুম, কমোন-বাথরুম, রুমের দক্ষিন দিকে ১টি জানালা রয়েছে ।', 1, 1, '2025-02-25 03:59:38', '2025-02-25 04:10:44'),
(70, 2, 2, 5, 'VIP ROOM NO: 01', 'রুমের বৈশিষ্টঃ- সিঙ্গেল রুম, কমোন-বাথরুম, রুমের পশ্চিম দিকে ১টি জানালা রয়েছে ।', 1, 1, '2025-02-26 00:57:50', '2025-02-26 01:25:58'),
(71, 2, 2, 5, 'VIP ROOM NO: 02', 'রুমের বৈশিষ্টঃ- রুমটি এটাস্ট বাথরুম হাই-কমোড, রুমের পূর্ব পাশে ১টি জানালা রয়েছে।', 1, 1, '2025-02-26 00:58:44', '2025-02-26 01:31:04'),
(72, 2, 2, 5, 'VIP ROOM NO: 03', 'রুমের বৈশিষ্টঃ- রুমটি এটাস্ট বাথরুম হাই-কমোড+বেসিং, রুমের পূর্ব পাশে ১টি জানালা রয়েছে।', 1, 1, '2025-02-26 00:59:35', '2025-04-17 03:18:56'),
(73, 2, 2, 5, 'VIP ROOM NO: 04', 'রুমের বৈশিষ্টঃ- সিঙ্গেল রুম, কমোন-বাথরুম, রুমের পশ্চিম দিকে ১টি জানালা রয়েছে ।', 1, 1, '2025-02-26 01:00:21', '2025-02-26 01:43:06'),
(74, 2, 2, 5, 'VIP ROOM NO: 05', 'রুমের বৈশিষ্টঃ- সিঙ্গেল রুম, কমোন-বাথরুম, রুমের পশ্চিম দিকে ১টি জানালা রয়েছে ।', 1, 1, '2025-02-26 01:02:05', '2025-02-26 01:48:28'),
(75, 2, 2, 5, 'VIP ROOM NO: 06', 'রুমের বৈশিষ্টঃ- সিঙ্গেল রুম, কমোন-বাথরুম, রুমের পশ্চিম দিকে ১টি জানালা রয়েছে ।', 1, 1, '2025-02-26 01:02:40', '2025-02-26 02:01:53'),
(76, 2, 2, 5, 'VIP ROOM NO: 07', 'রুমের বৈশিষ্টঃ- সিঙ্গেল রুম, কমোন-বাথরুম, রুমের পশ্চিম দিকে ১টি জানালা রয়েছে ।', 1, 1, '2025-02-26 01:03:21', '2025-02-26 02:15:23'),
(77, 2, 2, 5, 'VIP ROOM NO: 08', 'রুমের বৈশিষ্টঃ- রুমটি এটাস্ট বাথরুম হাই-কমোড, রুমের পূর্ব পাশে ১টি জানালা রয়েছে।', 1, 1, '2025-02-26 01:03:55', '2025-02-26 02:22:01'),
(78, 2, 2, 5, 'VIP ROOM NO: 09', 'রুমের বৈশিষ্টঃ- সিঙ্গেল রুম, কমোন-বাথরুম, রুমের পূর্ব দিকে ১টি জানালা রয়েছে ।', 1, 1, '2025-02-26 01:04:41', '2025-02-26 02:24:49'),
(79, 2, 2, 5, 'VIP ROOM NO: 10', 'রুমের বৈশিষ্টঃ- সিঙ্গেল রুম, কমোন-বাথরুম, রুমের পূর্ব দিকে ১টি জানালা রয়েছে ।', 1, 1, '2025-02-26 01:05:10', '2025-02-26 02:31:03'),
(80, 2, 2, 5, 'VIP ROOM NO: 11', 'রুমের বৈশিষ্টঃ- রুমটি এটাস্ট বাথরুম হাই-কমোড রুমের পূর্ব পাশে ১টি জানালা রয়েছে।', 1, 1, '2025-02-26 01:05:39', '2025-02-26 02:34:24'),
(81, 2, 2, 5, 'VIP ROOM NO: 06', 'রুমের বৈশিষ্টঃ- সিঙ্গেল রুম, কমোন-বাথরুম, রুমের পশ্চিম দিকে ১টি জানালা রয়েছে ।', 1, 1, '2025-02-26 02:00:11', '2025-04-08 06:30:16'),
(82, 2, 3, 6, 'FLAT NO: 101', 'ফ্ল্যাটের বৈশিষ্ট্য= ২টা বেডরুম, ১টা ডাইনিং রুম, ২টা বাথরুম=১টা হাই-কমোড ১টা লো-কমোড, ১টা কিচেন রুম।', 1, 1, '2025-02-26 03:18:06', '2025-02-26 05:16:32'),
(83, 2, 3, 7, 'FLAT NO: 201', 'ফ্ল্যাটের বৈশিষ্ট্য: ২টা বেড রুম, ২টা বাথরুম (হাই+লো-কমোড),  ১টা ডাইনিং, ১টা কিচেন, সিঙ্গেল চুলা।', 1, 1, '2025-02-26 03:20:00', '2025-02-26 05:25:36'),
(85, 2, 3, 7, 'FLAT NO: 202', 'ফ্ল্যাটের বৈশিষ্ট্য: ২টা বেড রুম, ২টা বাথরুম (হাই+লো-কমোড),  ১টা ডাইনিং, ১টা কিচেন, সিঙ্গেল চুলা।', 1, 1, '2025-02-26 03:22:27', '2025-02-26 05:30:22'),
(86, 2, 3, 7, 'FLAT NO: 203', 'ফ্ল্যাটের বৈশিষ্ট্য: ২টা বেড রুম, ১টা বাথরুম (লো-কমোড),  ১টা ডাইনিং+কিচেন, সিঙ্গেল চুলা।', 1, 1, '2025-02-26 03:23:03', '2025-02-26 05:36:13'),
(87, 2, 3, 7, 'FLAT NO: 204', 'ফ্ল্যাটের বৈশিষ্ট্য: ২টা বেড রুম, ১টা বাথরুম (লো-কমোড),   ১টা ডাইনিং+কিচেন, সিঙ্গেল চুলা।', 1, 1, '2025-02-26 03:23:46', '2025-04-17 06:52:11'),
(88, 2, 3, 8, 'FLAT NO: 301', 'ফ্ল্যাটের বৈশিষ্ট্য: ২টা বেড রুম, ২টা বাথরুম (হাই+লো-কমোড),  ১টা ডাইনিং, ১টা কিচেন, সিঙ্গেল চুলা।', 1, 1, '2025-02-26 03:24:44', '2025-02-26 06:01:25'),
(89, 2, 3, 8, 'FLAT NO: 302', 'ফ্ল্যাটের বৈশিষ্ট্য: ২টা বেড রুম, ২টা বাথরুম (হাই+লো-কমোড),  ১টা ডাইনিং+কিচেন, সিঙ্গেল চুলা।', 1, 1, '2025-02-26 03:25:32', '2025-02-26 06:10:39'),
(90, 2, 3, 8, 'FLAT NO: 303', 'ফ্ল্যাটের বৈশিষ্ট্য: ২টা বেড রুম, ১টা বাথরুম (লো-কমোড), ১টা ডাইনিং+কিচেন, সিঙ্গেল চুলা।', 1, 1, '2025-02-26 03:31:37', '2025-02-26 06:15:15'),
(91, 2, 3, 8, 'FLAT NO: 304', 'ফ্ল্যাটের বৈশিষ্ট্য: ২টা বেড রুম, ১টা বাথরুম (লো-কমোড),  ১টা ডাইনিং+কিচেন, সিঙ্গেল চুলা।', 1, 1, '2025-02-26 03:32:18', '2025-02-26 06:19:24'),
(92, 2, 3, 9, 'FLAT NO: 401', 'ফ্ল্যাটের বৈশিষ্ট্য: ২টা বেড রুম, ২টা বাথরুম (হাই+লো-কমোড),  ১টা ডাইনিং, ১টা কিচেন, সিঙ্গেল চুলা।', 1, 1, '2025-02-26 03:34:21', '2025-02-26 06:23:37'),
(93, 2, 3, 9, 'FLAT NO: 402', 'ফ্ল্যাটের বৈশিষ্ট্য: ২টা বেড রুম, ২টা বাথরুম (হাই+লো-কমোড),  ১টা ডাইনিং+কিচেন, সিঙ্গেল চুলা।', 1, 1, '2025-02-26 03:35:17', '2025-02-26 06:27:58'),
(94, 2, 3, 9, 'FLAT NO: 403', 'ফ্ল্যাটের বৈশিষ্ট্য: ২টা বেড রুম, ১টা বাথরুম (লো-কমোড),  ১টা ডাইনিং+কিচেন, সিঙ্গেল চুলা।', 1, 1, '2025-02-26 03:35:49', '2025-02-26 06:33:41'),
(95, 2, 3, 9, 'FLAT NO: 404', 'ফ্ল্যাটের বৈশিষ্ট্য: ২টা বেড রুম, ১টা বাথরুম (লো-কমোড),  ১টা ডাইনিং+কিচেন, সিঙ্গেল চুলা।', 1, 1, '2025-02-26 03:36:16', '2025-02-26 06:39:09'),
(96, 2, 4, 10, 'UNIT NO: 02', 'ইউনিটের বৈশিষ্ট্যঃ- ১টা বেড রুম, ১টা বাথরুম(লো-কমোড),ছোট বারান্দা কিচেন, ডাবল চুলা।', 1, 1, '2025-02-26 03:37:46', '2025-04-08 07:22:38'),
(97, 2, 4, 10, 'UNIT NO: 03', 'ইউনিটের বৈশিষ্ট্যঃ- ২টা বেড রুম, ১টা বাথরুম(লো-কমোড), বারান্দা, ১টা কিচেন, ডাবল চুলা।', 1, 1, '2025-02-26 03:38:20', '2025-04-08 07:01:45'),
(98, 2, 4, 10, 'UNIT NO: 04', 'ইউনিটের বৈশিষ্ট্যঃ- ২টা বেড রুম, ১টা বাথরুম(লো-কমোড), ১টা বারান্দা, ১টা কিচেন, ডাবল চুলা।', 1, 1, '2025-02-26 03:39:04', '2025-02-26 06:50:27'),
(99, 2, 4, 10, 'UNIT NO: 05', 'ইউনিটের বৈশিষ্ট্যঃ- ১টা বেড রুম, ১টা বাথরুম(লো-কমোড),ছোট বারান্দা, ১টা কিচেন, ডাবল চুলা।', 1, 1, '2025-02-26 03:40:06', '2025-05-01 01:55:02'),
(100, 2, 4, 10, 'UNIT NO: 06', 'ইউনিটের বৈশিষ্ট্যঃ- ৩টা বেড রুম, ১টা বাথরুম(লো-কমোড), বারান্দা, ১টা কিচেন, ডাবল চুলা।', 1, 0, '2025-02-26 03:41:48', '2025-02-26 03:41:48'),
(101, 2, 4, 10, 'UNIT NO: 07', 'ইউনিটের বৈশিষ্ট্যঃ- ২টা বেড রুম, ১টা বাথরুম(লো-কমোড), বারান্দা, ১টা কিচেন, ডাবল চুলা।', 1, 1, '2025-02-26 03:42:33', '2025-02-26 07:07:41'),
(102, 2, 4, 10, 'UNIT NO: 08', 'ইউনিটের বৈশিষ্ট্যঃ- ১টা বেড রুম, ১টা বাথরুম(লো-কমোড), ছোট বারান্দা, ১টা কিচেন, ডাবল চুলা', 1, 1, '2025-02-26 03:45:20', '2025-02-26 07:11:59'),
(104, 2, 5, 11, 'ROOM NO: 01', 'রুমের বৈশিষ্ট্যঃ- সিঙ্গেল রুম, কমোন-বাথরুম, রুমের উত্তর ও দক্ষিনে ২টি জানালা রয়েছে ।', 1, 0, '2025-02-26 03:59:07', '2025-02-26 03:59:07'),
(105, 2, 5, 11, 'ROOM NO: 02', 'রুমের বৈশিষ্ট্যঃ- সিঙ্গেল রুম, কমোন-বাথরুম, রুমের উত্তর দিকে ১টি জানালা রয়েছে ।', 1, 1, '2025-02-26 04:01:23', '2025-04-27 03:04:00'),
(106, 2, 5, 11, 'ROOM NO: 03', 'রুমের বৈশিষ্ট্যঃ- সিঙ্গেল রুম, কমোন-বাথরুম, রুমের পশ্চিম দিকে ১টি জানালা রয়েছে ।', 1, 1, '2025-02-26 04:04:11', '2025-04-27 03:08:48'),
(107, 2, 5, 11, 'ROOM NO: 04', 'রুমের বৈশিষ্ট্যঃ- সিঙ্গেল রুম, কমোন-বাথরুম, রুমের পশ্চিম দিকে ১টি জানালা রয়েছে ।', 1, 1, '2025-02-26 04:04:38', '2025-04-27 03:34:24'),
(108, 2, 5, 11, 'ROOM NO: 05', 'রুমের বৈশিষ্ট্যঃ- সিঙ্গেল রুম, কমোন-বাথরুম, রুমের পশ্চিম দিকে ১টি জানালা রয়েছে ।', 1, 0, '2025-02-26 04:05:09', '2025-02-26 04:05:09'),
(109, 2, 5, 11, 'ROOM NO: 06', 'রুমের বৈশিষ্ট্যঃ- সিঙ্গেল রুম, কমোন-বাথরুম, রুমের পশ্চিম দিকে ১টি জানালা রয়েছে ।', 1, 0, '2025-02-26 04:06:11', '2025-02-26 04:06:11'),
(110, 2, 5, 11, 'ROOM NO: 07', 'রুমের বৈশিষ্ট্যঃ- সিঙ্গেল রুম, কমোন-বাথরুম জানালা নাইল।', 1, 0, '2025-02-26 04:07:33', '2025-02-26 04:07:33'),
(111, 2, 5, 11, 'ROOM NO: 08', 'রুমের বৈশিষ্ট্যঃ- সিঙ্গেল রুম, কমোন-বাথরুম।', 1, 0, '2025-02-26 04:07:58', '2025-02-26 04:07:58'),
(112, 2, 5, 11, 'ROOM NO: 09', 'রুমের বৈশিষ্ট্যঃ- সিঙ্গেল রুম, কমোন-বাথরুম।', 1, 0, '2025-02-26 04:08:14', '2025-02-26 04:08:14'),
(113, 2, 5, 11, 'ROOM NO: 10', 'রুমের বৈশিষ্ট্যঃ- সিঙ্গেল রুম, কমোন-বাথরুম, রুমের পশ্চিম দিকে ১টি জানালা রয়েছে ।', 1, 1, '2025-02-26 04:08:49', '2025-04-27 03:46:53'),
(114, 2, 5, 11, 'ROOM NO: 11', 'রুমের বৈশিষ্ট্যঃ- সিঙ্গেল রুম, কমোন-বাথরুম, রুমের পূর্ব দিকে ১টি জানালা রয়েছে ।', 1, 1, '2025-02-26 04:09:37', '2025-04-27 04:02:57'),
(115, 2, 1, 4, 'ROOM NO: 51', 'রুমের বৈশিষ্টঃ- সিঙ্গেল রুম, কমোন-বাথরুম, রুমের পূর্ব দিকে ১টি জানালা রয়েছে ।', 1, 1, '2025-03-01 10:12:03', '2025-03-01 10:39:16'),
(116, 2, 5, 11, 'ROOM NO: 03', 'রুমের বৈশিষ্ট্যঃ- সিঙ্গেল রুম, কমোন-বাথরুম, রুমের পশ্চিম দিকে ১টি জানালা রয়েছে ।', 1, 1, '2025-04-27 02:45:51', '2025-04-27 03:14:42'),
(117, 2, 5, 11, 'ROOM NO: 03', 'রুমের বৈশিষ্ট্যঃ- সিঙ্গেল রুম, কমোন-বাথরুম, রুমের পশ্চিম দিকে ১টি জানালা রয়েছে ।', 1, 1, '2025-04-27 02:47:50', '2025-05-03 01:34:00'),
(118, 2, 5, 11, 'ROOM NO: 04', 'রুমের বৈশিষ্ট্যঃ- সিঙ্গেল রুম, কমোন-বাথরুম, রুমের পশ্চিম দিকে ১টি জানালা রয়েছে ।', 1, 1, '2025-04-27 02:48:59', '2025-04-27 03:38:48'),
(119, 2, 5, 11, 'ROOM NO: 04', 'রুমের বৈশিষ্ট্যঃ- সিঙ্গেল রুম, কমোন-বাথরুম, রুমের পশ্চিম দিকে ১টি জানালা রয়েছে ।', 1, 0, '2025-04-27 02:50:28', '2025-04-27 02:50:28'),
(120, 2, 5, 11, 'ROO NO: 10', 'রুমের বৈশিষ্ট্যঃ- সিঙ্গেল রুম, কমোন-বাথরুম, রুমের পশ্চিম দিকে ১টি জানালা রয়েছে ।', 1, 1, '2025-04-27 02:52:01', '2025-04-27 03:54:59'),
(121, 2, 5, 11, 'ROOM NO: 11', 'রুমের বৈশিষ্ট্যঃ- সিঙ্গেল রুম, কমোন-বাথরুম, রুমের পূর্বদিকে ১টি জানালা রয়েছে ।', 1, 1, '2025-04-27 02:54:25', '2025-04-27 04:03:25'),
(122, 2, 1, 4, 'ROOM NO: 51', 'রুমের বৈশিষ্টঃ- সিঙ্গেল রুম, কমোন-বাথরুম, রুমের পূর্ব দিকে ১টি জানালা রয়েছে ।', 1, 1, '2025-05-02 09:20:22', '2025-05-02 09:25:57');

-- --------------------------------------------------------

--
-- Table structure for table `users`
--

CREATE TABLE `users` (
  `id` bigint(20) UNSIGNED NOT NULL,
  `name` varchar(255) NOT NULL,
  `email` varchar(255) NOT NULL,
  `email_verified_at` timestamp NULL DEFAULT NULL,
  `password` varchar(255) NOT NULL,
  `type` varchar(255) DEFAULT NULL,
  `two_factor_secret` text DEFAULT NULL,
  `two_factor_recovery_codes` text DEFAULT NULL,
  `two_factor_confirmed_at` timestamp NULL DEFAULT NULL,
  `remember_token` varchar(100) DEFAULT NULL,
  `profile_photo_path` varchar(2048) DEFAULT NULL,
  `created_at` timestamp NULL DEFAULT NULL,
  `updated_at` timestamp NULL DEFAULT NULL,
  `deleted_at` timestamp NULL DEFAULT NULL
) ENGINE=InnoDB DEFAULT CHARSET=utf8mb4 COLLATE=utf8mb4_unicode_ci;

--
-- Dumping data for table `users`
--

INSERT INTO `users` (`id`, `name`, `email`, `email_verified_at`, `password`, `type`, `two_factor_secret`, `two_factor_recovery_codes`, `two_factor_confirmed_at`, `remember_token`, `profile_photo_path`, `created_at`, `updated_at`, `deleted_at`) VALUES
(2, 'Admin', 'admin@gmail.com', NULL, '$2y$10$xAKfG4nGD0u5D8T2dRP5Iu6PHzw.t8sxjY9CBF3vYbGQuXO1L/Ioq', 'admin', NULL, NULL, NULL, 'bcrCzTXmPKcTAUIzSbgdzK6is8osZC3i930yIhABJQpHnsHtKvM00ZEvJmnC', NULL, '2023-09-23 00:08:01', '2024-01-20 09:31:20', NULL);

-- --------------------------------------------------------

--
-- Table structure for table `user_has_permissions`
--

CREATE TABLE `user_has_permissions` (
  `permission_id` bigint(20) UNSIGNED NOT NULL,
  `model_type` varchar(191) NOT NULL,
  `user_id` bigint(20) UNSIGNED NOT NULL
) ENGINE=MyISAM DEFAULT CHARSET=utf8mb4 COLLATE=utf8mb4_unicode_ci;

--
-- Dumping data for table `user_has_permissions`
--

INSERT INTO `user_has_permissions` (`permission_id`, `model_type`, `user_id`) VALUES
(2, 'App\\Models\\User', 1),
(3, 'App\\Models\\User', 1),
(4, 'App\\Models\\User', 1);

-- --------------------------------------------------------

--
-- Table structure for table `user_has_roles`
--

CREATE TABLE `user_has_roles` (
  `role_id` bigint(20) UNSIGNED NOT NULL,
  `model_type` varchar(191) NOT NULL,
  `user_id` bigint(20) UNSIGNED NOT NULL
) ENGINE=MyISAM DEFAULT CHARSET=utf8mb4 COLLATE=utf8mb4_unicode_ci;

-- --------------------------------------------------------

--
-- Table structure for table `user_statements`
--

CREATE TABLE `user_statements` (
  `id` bigint(20) UNSIGNED NOT NULL,
  `user_id` bigint(20) UNSIGNED NOT NULL,
  `rent_id` bigint(20) UNSIGNED NOT NULL,
  `collection_id` bigint(20) UNSIGNED DEFAULT NULL,
  `monthly_rent_id` bigint(20) UNSIGNED NOT NULL,
  `payment_method_id` bigint(20) UNSIGNED DEFAULT NULL,
  `payable_amount` decimal(40,2) DEFAULT NULL,
  `amount_paid` decimal(10,2) NOT NULL,
  `balance` decimal(10,2) NOT NULL,
  `payment_date` date NOT NULL,
  `created_at` timestamp NULL DEFAULT NULL,
  `updated_at` timestamp NULL DEFAULT NULL
) ENGINE=InnoDB DEFAULT CHARSET=utf8mb4 COLLATE=utf8mb4_unicode_ci;

--
-- Dumping data for table `user_statements`
--

INSERT INTO `user_statements` (`id`, `user_id`, `rent_id`, `collection_id`, `monthly_rent_id`, `payment_method_id`, `payable_amount`, `amount_paid`, `balance`, `payment_date`, `created_at`, `updated_at`) VALUES
(39, 2, 6, NULL, 7, NULL, NULL, 0.00, 4800.00, '2025-03-01', '2025-03-01 04:11:26', '2025-03-01 04:11:26'),
(45, 2, 12, NULL, 13, NULL, NULL, 0.00, 4600.00, '2025-03-01', '2025-03-01 04:11:26', '2025-03-01 04:11:26'),
(46, 2, 13, NULL, 14, NULL, NULL, 0.00, 4200.00, '2025-03-01', '2025-03-01 04:11:26', '2025-03-01 04:11:26'),
(49, 2, 17, NULL, 17, NULL, NULL, 0.00, 2100.00, '2025-03-01', '2025-03-01 04:11:26', '2025-03-01 04:11:26'),
(50, 2, 18, NULL, 18, NULL, NULL, 0.00, 2100.00, '2025-03-01', '2025-03-01 04:11:26', '2025-03-01 04:11:26'),
(51, 2, 19, NULL, 19, NULL, NULL, 0.00, 2300.00, '2025-03-01', '2025-03-01 04:11:26', '2025-03-01 04:11:26'),
(52, 2, 20, NULL, 20, NULL, NULL, 0.00, 2300.00, '2025-03-01', '2025-03-01 04:11:26', '2025-03-01 04:11:26'),
(53, 2, 21, NULL, 21, NULL, NULL, 0.00, 3200.00, '2025-03-01', '2025-03-01 04:11:26', '2025-03-01 04:11:26'),
(54, 2, 22, NULL, 22, NULL, NULL, 0.00, 2300.00, '2025-03-01', '2025-03-01 04:11:26', '2025-03-01 04:11:26'),
(55, 2, 23, NULL, 23, NULL, NULL, 0.00, 2300.00, '2025-03-01', '2025-03-01 04:11:26', '2025-03-01 04:11:26'),
(56, 2, 24, NULL, 24, NULL, NULL, 0.00, 3800.00, '2025-03-01', '2025-03-01 04:11:26', '2025-03-01 04:11:26'),
(57, 2, 25, NULL, 25, NULL, NULL, 0.00, 4000.00, '2025-03-01', '2025-03-01 04:11:26', '2025-03-01 04:11:26'),
(58, 2, 26, NULL, 26, NULL, NULL, 0.00, 4600.00, '2025-03-01', '2025-03-01 04:11:26', '2025-03-01 04:11:26'),
(59, 2, 28, NULL, 27, NULL, NULL, 0.00, 2300.00, '2025-03-01', '2025-03-01 04:11:26', '2025-03-01 04:11:26'),
(61, 2, 30, NULL, 29, NULL, NULL, 0.00, 2300.00, '2025-03-01', '2025-03-01 04:11:26', '2025-03-01 04:11:26'),
(62, 2, 31, NULL, 30, NULL, NULL, 0.00, 2300.00, '2025-03-01', '2025-03-01 04:11:26', '2025-03-01 04:11:26'),
(63, 2, 32, NULL, 31, NULL, NULL, 0.00, 4200.00, '2025-03-01', '2025-03-01 04:11:26', '2025-03-01 04:11:26'),
(65, 2, 34, NULL, 33, NULL, NULL, 0.00, 4500.00, '2025-03-01', '2025-03-01 04:11:27', '2025-03-01 04:11:27'),
(66, 2, 35, NULL, 34, NULL, NULL, 0.00, 4600.00, '2025-03-01', '2025-03-01 04:11:27', '2025-03-01 04:11:27'),
(68, 2, 37, NULL, 36, NULL, NULL, 0.00, 5300.00, '2025-03-01', '2025-03-01 04:11:27', '2025-03-01 04:11:27'),
(69, 2, 38, NULL, 37, NULL, NULL, 0.00, 1750.00, '2025-03-01', '2025-03-01 04:11:27', '2025-03-01 04:11:27'),
(70, 2, 39, NULL, 38, NULL, NULL, 0.00, 1750.00, '2025-03-01', '2025-03-01 04:11:27', '2025-03-01 04:11:27'),
(71, 2, 40, NULL, 39, NULL, NULL, 0.00, 2100.00, '2025-03-01', '2025-03-01 04:11:27', '2025-03-01 04:11:27'),
(72, 2, 41, NULL, 40, NULL, NULL, 0.00, 2100.00, '2025-03-01', '2025-03-01 04:11:27', '2025-03-01 04:11:27'),
(73, 2, 42, NULL, 41, NULL, NULL, 0.00, 4600.00, '2025-03-01', '2025-03-01 04:11:27', '2025-03-01 04:11:27'),
(74, 2, 43, NULL, 42, NULL, NULL, 0.00, 4600.00, '2025-03-01', '2025-03-01 04:11:27', '2025-03-01 04:11:27'),
(75, 2, 44, NULL, 43, NULL, NULL, 0.00, 4200.00, '2025-03-01', '2025-03-01 04:11:27', '2025-03-01 04:11:27'),
(76, 2, 45, NULL, 44, NULL, NULL, 0.00, 4600.00, '2025-03-01', '2025-03-01 04:11:27', '2025-03-01 04:11:27'),
(77, 2, 46, NULL, 45, NULL, NULL, 0.00, 4000.00, '2025-03-01', '2025-03-01 04:11:27', '2025-03-01 04:11:27'),
(78, 2, 48, NULL, 46, NULL, NULL, 0.00, 4400.00, '2025-03-01', '2025-03-01 04:11:27', '2025-03-01 04:11:27'),
(79, 2, 49, NULL, 47, NULL, NULL, 0.00, 2000.00, '2025-03-01', '2025-03-01 04:11:27', '2025-03-01 04:11:27'),
(80, 2, 50, NULL, 48, NULL, NULL, 0.00, 2100.00, '2025-03-01', '2025-03-01 04:11:27', '2025-03-01 04:11:27'),
(81, 2, 51, NULL, 49, NULL, NULL, 0.00, 2100.00, '2025-03-01', '2025-03-01 04:11:27', '2025-03-01 04:11:27'),
(82, 2, 52, NULL, 50, NULL, NULL, 0.00, 2100.00, '2025-03-01', '2025-03-01 04:11:27', '2025-03-01 04:11:27'),
(83, 2, 53, NULL, 51, NULL, NULL, 0.00, 4500.00, '2025-03-01', '2025-03-01 04:11:27', '2025-03-01 04:11:27'),
(84, 2, 54, NULL, 52, NULL, NULL, 0.00, 4200.00, '2025-03-01', '2025-03-01 04:11:27', '2025-03-01 04:11:27'),
(86, 2, 56, NULL, 54, NULL, NULL, 0.00, 1700.00, '2025-03-01', '2025-03-01 04:11:27', '2025-03-01 04:11:27'),
(87, 2, 57, NULL, 55, NULL, NULL, 0.00, 1700.00, '2025-03-01', '2025-03-01 04:11:27', '2025-03-01 04:11:27'),
(88, 2, 58, NULL, 56, NULL, NULL, 0.00, 1700.00, '2025-03-01', '2025-03-01 04:11:27', '2025-03-01 04:11:27'),
(89, 2, 59, NULL, 57, NULL, NULL, 0.00, 4000.00, '2025-03-01', '2025-03-01 04:11:27', '2025-03-01 04:11:27'),
(91, 2, 61, NULL, 59, NULL, NULL, 0.00, 3000.00, '2025-03-01', '2025-03-01 04:11:27', '2025-03-01 04:11:27'),
(92, 2, 62, NULL, 60, NULL, NULL, 0.00, 2000.00, '2025-03-01', '2025-03-01 04:11:27', '2025-03-01 04:11:27'),
(93, 2, 63, NULL, 61, NULL, NULL, 0.00, 4000.00, '2025-03-01', '2025-03-01 04:11:27', '2025-03-01 04:11:27'),
(94, 2, 64, NULL, 62, NULL, NULL, 0.00, 4000.00, '2025-03-01', '2025-03-01 04:11:27', '2025-03-01 04:11:27'),
(95, 2, 65, NULL, 63, NULL, NULL, 0.00, 4000.00, '2025-03-01', '2025-03-01 04:11:27', '2025-03-01 04:11:27'),
(96, 2, 66, NULL, 64, NULL, NULL, 0.00, 4800.00, '2025-03-01', '2025-03-01 04:11:27', '2025-03-01 04:11:27'),
(97, 2, 67, NULL, 65, NULL, NULL, 0.00, 4000.00, '2025-03-01', '2025-03-01 04:11:27', '2025-03-01 04:11:27'),
(101, 2, 104, NULL, 69, NULL, 2000.00, 0.00, 0.00, '2025-03-01', '2025-03-01 10:14:49', '2025-03-01 10:14:49'),
(102, 2, 105, NULL, 70, NULL, 2000.00, 0.00, 0.00, '2025-03-01', '2025-03-01 10:39:31', '2025-03-01 10:39:31'),
(104, 2, 107, NULL, 72, NULL, 5500.00, 0.00, 0.00, '2025-03-01', '2025-03-02 07:26:21', '2025-03-02 07:26:21'),
(105, 2, 45, 20, 44, 1, NULL, 4600.00, 0.00, '2025-03-02', '2025-03-02 08:17:00', '2025-03-02 08:17:00'),
(106, 2, 108, NULL, 73, NULL, 1700.00, 0.00, 0.00, '2025-03-01', '2025-03-02 10:00:33', '2025-03-02 10:00:33'),
(108, 2, 40, 21, 39, 1, NULL, 2100.00, 0.00, '2025-03-03', '2025-03-03 04:33:58', '2025-03-03 04:33:58'),
(109, 2, 110, NULL, 75, NULL, 5800.00, 0.00, 0.00, '2025-03-01', '2025-03-03 10:19:36', '2025-03-03 10:19:36'),
(110, 2, 37, 22, 36, 1, NULL, 5300.00, 0.00, '2025-03-03', '2025-03-03 10:23:43', '2025-03-03 10:23:43'),
(111, 2, 73, NULL, 76, NULL, NULL, 0.00, 5000.00, '2025-03-01', '2025-03-03 10:29:14', '2025-03-03 10:29:14'),
(112, 2, 74, NULL, 77, NULL, NULL, 0.00, 4500.00, '2025-03-01', '2025-03-03 10:29:14', '2025-03-03 10:29:14'),
(113, 2, 75, NULL, 78, NULL, NULL, 0.00, 4200.00, '2025-03-01', '2025-03-03 10:29:14', '2025-03-03 10:29:14'),
(114, 2, 76, NULL, 79, NULL, NULL, 0.00, 4200.00, '2025-03-01', '2025-03-03 10:29:14', '2025-03-03 10:29:14'),
(115, 2, 77, NULL, 80, NULL, NULL, 0.00, 2100.00, '2025-03-01', '2025-03-03 10:29:14', '2025-03-03 10:29:14'),
(116, 2, 78, NULL, 81, NULL, NULL, 0.00, 2100.00, '2025-03-01', '2025-03-03 10:29:14', '2025-03-03 10:29:14'),
(117, 2, 79, NULL, 82, NULL, NULL, 0.00, 4200.00, '2025-03-01', '2025-03-03 10:29:14', '2025-03-03 10:29:14'),
(118, 2, 80, NULL, 83, NULL, NULL, 0.00, 4600.00, '2025-03-01', '2025-03-03 10:29:14', '2025-03-03 10:29:14'),
(119, 2, 81, NULL, 84, NULL, NULL, 0.00, 4000.00, '2025-03-01', '2025-03-03 10:29:14', '2025-03-03 10:29:14'),
(120, 2, 82, NULL, 85, NULL, NULL, 0.00, 4200.00, '2025-03-01', '2025-03-03 10:29:14', '2025-03-03 10:29:14'),
(121, 2, 83, NULL, 86, NULL, NULL, 0.00, 4600.00, '2025-03-01', '2025-03-03 10:29:14', '2025-03-03 10:29:14'),
(122, 2, 109, NULL, 87, NULL, NULL, 0.00, 4500.00, '2025-03-01', '2025-03-03 10:29:14', '2025-03-03 10:29:14'),
(123, 2, 6, 23, 7, 1, NULL, 4800.00, 0.00, '2025-03-04', '2025-03-03 23:53:03', '2025-03-03 23:53:03'),
(124, 2, 57, 24, 55, 1, NULL, 1700.00, 0.00, '2025-03-04', '2025-03-04 09:29:53', '2025-03-04 09:29:53'),
(125, 2, 78, 25, 81, 1, NULL, 2100.00, 0.00, '2025-03-04', '2025-03-04 10:07:18', '2025-03-04 10:07:18'),
(126, 2, 65, 26, 63, 1, NULL, 4000.00, 0.00, '2025-03-05', '2025-03-05 07:59:50', '2025-03-05 07:59:50'),
(127, 2, 52, 27, 50, 1, NULL, 2100.00, 0.00, '2025-03-05', '2025-03-05 10:22:58', '2025-03-05 10:22:58'),
(128, 2, 84, NULL, 88, NULL, NULL, 0.00, 10480.00, '2025-03-01', '2025-03-05 10:25:55', '2025-03-05 10:25:55'),
(129, 2, 86, NULL, 89, NULL, NULL, 0.00, 10000.00, '2025-03-01', '2025-03-05 10:25:55', '2025-03-05 10:25:55'),
(130, 2, 87, NULL, 90, NULL, NULL, 0.00, 9500.00, '2025-03-01', '2025-03-05 10:25:55', '2025-03-05 10:25:55'),
(131, 2, 88, NULL, 91, NULL, NULL, 0.00, 9000.00, '2025-03-01', '2025-03-05 10:25:55', '2025-03-05 10:25:55'),
(132, 2, 89, NULL, 92, NULL, NULL, 0.00, 9000.00, '2025-03-01', '2025-03-05 10:25:55', '2025-03-05 10:25:55'),
(133, 2, 90, NULL, 93, NULL, NULL, 0.00, 10000.00, '2025-03-01', '2025-03-05 10:25:55', '2025-03-05 10:25:55'),
(134, 2, 91, NULL, 94, NULL, NULL, 0.00, 9500.00, '2025-03-01', '2025-03-05 10:25:55', '2025-03-05 10:25:55'),
(135, 2, 92, NULL, 95, NULL, NULL, 0.00, 9000.00, '2025-03-01', '2025-03-05 10:25:55', '2025-03-05 10:25:55'),
(136, 2, 93, NULL, 96, NULL, NULL, 0.00, 8800.00, '2025-03-01', '2025-03-05 10:25:55', '2025-03-05 10:25:55'),
(137, 2, 94, NULL, 97, NULL, NULL, 0.00, 10000.00, '2025-03-01', '2025-03-05 10:25:55', '2025-03-05 10:25:55'),
(138, 2, 95, NULL, 98, NULL, NULL, 0.00, 9300.00, '2025-03-01', '2025-03-05 10:25:55', '2025-03-05 10:25:55'),
(139, 2, 96, NULL, 99, NULL, NULL, 0.00, 9500.00, '2025-03-01', '2025-03-05 10:25:55', '2025-03-05 10:25:55'),
(140, 2, 97, NULL, 100, NULL, NULL, 0.00, 8500.00, '2025-03-01', '2025-03-05 10:25:55', '2025-03-05 10:25:55'),
(141, 2, 82, 28, 85, 1, NULL, 4200.00, 0.00, '2025-03-06', '2025-03-06 02:42:51', '2025-03-06 02:42:51'),
(142, 2, 42, 29, 41, 1, NULL, 4600.00, 0.00, '2025-03-06', '2025-03-06 07:53:17', '2025-03-06 07:53:17'),
(143, 2, 76, 30, 79, 1, NULL, 4200.00, 0.00, '2025-03-06', '2025-03-06 10:07:56', '2025-03-06 10:07:56'),
(144, 2, 77, 31, 80, 1, NULL, 2100.00, 0.00, '2025-03-06', '2025-03-06 10:09:00', '2025-03-06 10:09:00'),
(145, 2, 74, 32, 77, 1, NULL, 4500.00, 0.00, '2025-03-06', '2025-03-06 10:11:18', '2025-03-06 10:11:18'),
(146, 2, 79, 33, 82, 1, NULL, 4200.00, 0.00, '2025-03-06', '2025-03-06 10:51:23', '2025-03-06 10:51:23'),
(147, 2, 36, NULL, 101, NULL, 1750.00, 0.00, 0.00, '2025-03-01', '2025-03-06 10:54:55', '2025-03-06 10:54:55'),
(148, 2, 36, 34, 101, 1, NULL, 750.00, 0.00, '2025-03-06', '2025-03-06 10:55:41', '2025-03-06 10:55:41'),
(149, 2, 98, NULL, 102, NULL, NULL, 0.00, 6000.00, '2025-03-01', '2025-03-07 04:11:08', '2025-03-07 04:11:08'),
(150, 2, 99, NULL, 103, NULL, NULL, 0.00, 8000.00, '2025-03-01', '2025-03-07 04:11:08', '2025-03-07 04:11:08'),
(151, 2, 100, NULL, 104, NULL, NULL, 0.00, 6000.00, '2025-03-01', '2025-03-07 04:11:08', '2025-03-07 04:11:08'),
(152, 2, 101, NULL, 105, NULL, NULL, 0.00, 8000.00, '2025-03-01', '2025-03-07 04:11:08', '2025-03-07 04:11:08'),
(153, 2, 102, NULL, 106, NULL, NULL, 0.00, 6000.00, '2025-03-01', '2025-03-07 04:11:08', '2025-03-07 04:11:08'),
(154, 2, 102, 35, 106, 1, NULL, 6000.00, 0.00, '2025-03-07', '2025-03-07 04:12:57', '2025-03-07 04:12:57'),
(155, 2, 99, 36, 103, 1, NULL, 8000.00, 0.00, '2025-03-08', '2025-03-08 00:36:18', '2025-03-08 00:36:18'),
(156, 2, 92, 37, 95, 1, NULL, 9000.00, 0.00, '2025-03-07', '2025-03-08 01:08:59', '2025-03-08 01:08:59'),
(157, 2, 22, 38, 22, 1, NULL, 2300.00, 0.00, '2025-03-08', '2025-03-08 03:33:24', '2025-03-08 03:33:24'),
(158, 2, 13, 39, 14, 1, NULL, 4200.00, 0.00, '2025-03-08', '2025-03-08 07:07:37', '2025-03-08 07:07:37'),
(159, 2, 44, 40, 43, 1, NULL, 4200.00, 0.00, '2025-03-08', '2025-03-08 10:23:39', '2025-03-08 10:23:39'),
(161, 2, 94, 42, 97, 1, NULL, 10000.00, 0.00, '2025-03-09', '2025-03-09 02:35:47', '2025-03-09 02:35:47'),
(162, 2, 97, 43, 100, 1, NULL, 8500.00, 0.00, '2025-03-09', '2025-03-09 03:13:51', '2025-03-09 03:13:51'),
(163, 2, 17, 44, 17, 1, NULL, 2100.00, 0.00, '2025-03-09', '2025-03-09 08:07:54', '2025-03-09 08:07:54'),
(164, 2, 26, 45, 26, 1, NULL, 4600.00, 0.00, '2025-03-09', '2025-03-09 10:23:29', '2025-03-09 10:23:29'),
(165, 2, 43, 46, 42, 1, NULL, 4600.00, 0.00, '2025-03-09', '2025-03-09 10:23:51', '2025-03-09 10:23:51'),
(166, 2, 60, NULL, 107, NULL, 4400.00, 0.00, 0.00, '2025-03-01', '2025-03-09 10:50:29', '2025-03-09 10:50:29'),
(167, 2, 110, 47, 75, 1, NULL, 2940.00, 0.00, '2025-03-10', '2025-03-10 00:06:48', '2025-03-10 00:06:48'),
(168, 2, 58, 48, 56, 1, NULL, 1700.00, 0.00, '2025-03-10', '2025-03-10 07:14:28', '2025-03-10 07:14:28'),
(169, 2, 108, 49, 73, 1, NULL, 1700.00, 0.00, '2025-03-10', '2025-03-10 07:23:40', '2025-03-10 07:23:40'),
(170, 2, 83, 50, 86, 1, NULL, 4600.00, 0.00, '2025-03-10', '2025-03-10 07:37:17', '2025-03-10 07:37:17'),
(171, 2, 111, NULL, 108, NULL, 1750.00, 0.00, 0.00, '2025-03-10', '2025-03-10 10:45:42', '2025-03-10 10:45:42'),
(172, 2, 111, 51, 108, 1, NULL, 1750.00, 0.00, '2025-03-10', '2025-03-10 10:46:46', '2025-03-10 10:46:46'),
(173, 2, 112, NULL, 109, NULL, 2300.00, 0.00, 0.00, '2025-03-01', '2025-03-10 11:22:33', '2025-03-10 11:22:33'),
(174, 2, 11, NULL, 110, NULL, 7000.00, 0.00, 0.00, '2025-03-01', '2025-03-11 04:14:50', '2025-03-11 04:14:50'),
(175, 2, 11, 52, 110, 1, NULL, 7000.00, 0.00, '2025-03-11', '2025-03-11 04:15:21', '2025-03-11 04:15:21'),
(176, 2, 10, NULL, 111, NULL, 4000.00, 0.00, 0.00, '2025-03-01', '2025-03-11 04:33:07', '2025-03-11 04:33:07'),
(178, 2, 10, 54, 111, 1, NULL, 3000.00, 0.00, '2025-03-11', '2025-03-11 04:37:12', '2025-03-11 04:37:12'),
(179, 2, 4, NULL, 112, NULL, 2000.00, 0.00, 0.00, '2025-03-01', '2025-03-11 07:36:23', '2025-03-11 07:36:23'),
(180, 2, 7, NULL, 113, NULL, 2000.00, 0.00, 0.00, '2025-03-01', '2025-03-11 07:36:44', '2025-03-11 07:36:44'),
(181, 2, 8, NULL, 114, NULL, 4800.00, 0.00, 0.00, '2025-03-01', '2025-03-11 07:59:00', '2025-03-11 07:59:00'),
(182, 2, 109, 55, 87, 1, NULL, 4500.00, 0.00, '2025-03-11', '2025-03-11 08:00:56', '2025-03-11 08:00:56'),
(183, 2, 87, 56, 90, 1, NULL, 5000.00, 0.00, '2025-03-11', '2025-03-11 08:04:58', '2025-03-11 08:04:58'),
(184, 2, 29, NULL, 115, NULL, 2700.00, 0.00, 0.00, '2025-03-01', '2025-03-11 10:01:08', '2025-03-11 10:01:08'),
(185, 2, 29, 57, 115, 1, NULL, 2700.00, 0.00, '2025-03-11', '2025-03-11 10:01:43', '2025-03-11 10:01:43'),
(186, 2, 41, 58, 40, 1, NULL, 2100.00, 0.00, '2025-03-11', '2025-03-11 10:02:07', '2025-03-11 10:02:07'),
(188, 2, 33, NULL, 116, NULL, 4000.00, 0.00, 0.00, '2025-03-01', '2025-03-11 10:28:36', '2025-03-11 10:28:36'),
(189, 2, 33, 60, 116, 1, NULL, 4000.00, 0.00, '2025-03-11', '2025-03-11 10:29:29', '2025-03-11 10:29:29'),
(190, 2, 34, 61, 33, 1, NULL, 4500.00, 0.00, '2025-03-11', '2025-03-11 10:30:03', '2025-03-11 10:30:03'),
(191, 2, 4, 62, 112, 1, NULL, 1500.00, 0.00, '2025-03-11', '2025-03-11 10:45:00', '2025-03-11 10:45:00'),
(192, 2, 48, 63, 46, 1, NULL, 4400.00, 0.00, '2025-03-12', '2025-03-12 01:02:23', '2025-03-12 01:02:23'),
(193, 2, 51, 64, 49, 1, NULL, 2100.00, 0.00, '2025-03-12', '2025-03-12 01:04:07', '2025-03-12 01:04:07'),
(194, 2, 31, 65, 30, 1, NULL, 2000.00, 0.00, '2025-03-12', '2025-03-12 08:46:29', '2025-03-12 08:46:29'),
(195, 2, 61, 66, 59, 1, NULL, 3000.00, 0.00, '2025-03-12', '2025-03-12 09:04:26', '2025-03-12 09:04:26'),
(196, 2, 62, 67, 60, 1, NULL, 2000.00, 0.00, '2025-03-12', '2025-03-12 09:04:51', '2025-03-12 09:04:51'),
(197, 2, 60, 68, 107, 1, NULL, 1450.00, 0.00, '2025-03-12', '2025-03-12 09:25:25', '2025-03-12 09:25:25'),
(198, 2, 20, 69, 20, 1, NULL, 2300.00, 0.00, '2025-03-12', '2025-03-12 09:51:59', '2025-03-12 09:51:59'),
(199, 2, 98, 70, 102, 1, NULL, 6000.00, 0.00, '2025-03-13', '2025-03-13 05:48:50', '2025-03-13 05:48:50'),
(200, 2, 16, NULL, 117, NULL, 4200.00, 0.00, 0.00, '2025-03-01', '2025-03-13 09:08:21', '2025-03-13 09:08:21'),
(201, 2, 16, 71, 117, 1, NULL, 4200.00, 0.00, '2025-03-13', '2025-03-13 09:09:36', '2025-03-13 09:09:36'),
(202, 2, 107, 72, 72, 1, NULL, 5500.00, 0.00, '2025-03-11', '2025-03-13 09:12:58', '2025-03-13 09:12:58'),
(203, 2, 60, 73, 107, 1, NULL, 1500.00, 0.00, '2025-03-13', '2025-03-13 09:59:21', '2025-03-13 09:59:21'),
(204, 2, 60, 74, 107, 1, NULL, 1450.00, 0.00, '2025-03-14', '2025-03-14 09:08:06', '2025-03-14 09:08:06'),
(205, 2, 59, 75, 57, 1, NULL, 4000.00, 0.00, '2025-03-13', '2025-03-15 09:16:03', '2025-03-15 09:16:03'),
(206, 2, 23, 76, 23, 1, NULL, 2300.00, 0.00, '2025-03-15', '2025-03-15 09:16:48', '2025-03-15 09:16:48'),
(207, 2, 105, 77, 70, 1, NULL, 2000.00, 0.00, '2025-03-06', '2025-03-15 09:17:25', '2025-03-15 09:17:25'),
(208, 2, 19, 78, 19, 1, NULL, 2300.00, 0.00, '2025-03-15', '2025-03-15 10:30:37', '2025-03-15 10:30:37'),
(209, 2, 101, 79, 105, 1, NULL, 8000.00, 0.00, '2025-03-16', '2025-03-16 01:08:58', '2025-03-16 01:08:58'),
(210, 2, 100, 80, 104, 1, NULL, 5000.00, 0.00, '2025-03-15', '2025-03-16 01:09:40', '2025-03-16 01:09:40'),
(211, 2, 39, 81, 38, 1, NULL, 1750.00, 0.00, '2025-03-16', '2025-03-16 02:32:49', '2025-03-16 02:32:49'),
(212, 2, 81, 82, 84, 1, NULL, 4000.00, 0.00, '2025-03-16', '2025-03-16 07:34:51', '2025-03-16 07:34:51'),
(213, 2, 104, 83, 69, 1, NULL, 2000.00, 0.00, '2025-03-17', '2025-03-17 08:14:21', '2025-03-17 08:14:21'),
(214, 2, 53, 84, 51, 1, NULL, 4500.00, 0.00, '2025-03-17', '2025-03-17 09:03:02', '2025-03-17 09:03:02'),
(215, 2, 25, 85, 25, 1, NULL, 4000.00, 0.00, '2025-03-17', '2025-03-17 10:11:54', '2025-03-17 10:11:54'),
(216, 2, 86, 86, 89, 1, NULL, 10000.00, 0.00, '2025-03-18', '2025-03-18 10:04:29', '2025-03-18 10:04:29'),
(217, 2, 49, 87, 47, 1, NULL, 2000.00, 0.00, '2025-03-19', '2025-03-19 08:02:58', '2025-03-19 08:02:58'),
(218, 2, 18, 88, 18, 1, NULL, 2100.00, 0.00, '2025-03-21', '2025-03-21 09:18:22', '2025-03-21 09:18:22'),
(219, 2, 12, 89, 13, 1, NULL, 4600.00, 0.00, '2025-03-21', '2025-03-21 09:30:30', '2025-03-21 09:30:30'),
(220, 2, 32, 90, 31, 1, NULL, 4200.00, 0.00, '2025-03-21', '2025-03-21 09:31:54', '2025-03-21 09:31:54'),
(221, 2, 67, 91, 65, 1, NULL, 4000.00, 0.00, '2025-03-21', '2025-03-21 10:50:45', '2025-03-21 10:50:45'),
(222, 2, 24, 92, 24, 1, NULL, 3800.00, 0.00, '2025-03-23', '2025-03-23 04:31:03', '2025-03-23 04:31:03'),
(223, 2, 56, 93, 54, 1, NULL, 1700.00, 0.00, '2025-03-23', '2025-03-23 04:31:48', '2025-03-23 04:31:48'),
(224, 2, 64, 94, 62, 1, NULL, 4000.00, 0.00, '2025-03-23', '2025-03-23 05:30:17', '2025-03-23 05:30:17'),
(225, 2, 84, 95, 88, 1, NULL, 10480.00, 0.00, '2025-03-24', '2025-03-24 04:36:52', '2025-03-24 04:36:52'),
(226, 2, 38, 96, 37, 1, NULL, 1750.00, 0.00, '2025-03-24', '2025-03-24 05:36:04', '2025-03-24 05:36:04'),
(227, 2, 66, 97, 64, 1, NULL, 4800.00, 0.00, '2025-03-24', '2025-03-24 10:11:47', '2025-03-24 10:11:47'),
(228, 2, 9, NULL, 118, NULL, 2300.00, 0.00, 0.00, '2025-03-01', '2025-03-24 11:01:22', '2025-03-24 11:01:22'),
(229, 2, 9, 98, 118, 1, NULL, 2300.00, 0.00, '2025-03-24', '2025-03-24 11:01:48', '2025-03-24 11:01:48'),
(230, 2, 95, 99, 98, 1, NULL, 9300.00, 0.00, '2025-03-25', '2025-03-25 03:41:56', '2025-03-25 03:41:56'),
(231, 2, 28, 100, 27, 1, NULL, 2300.00, 0.00, '2025-03-25', '2025-03-25 08:17:11', '2025-03-25 08:17:11'),
(232, 2, 87, 101, 90, 1, NULL, 4500.00, 0.00, '2025-03-25', '2025-03-25 10:57:31', '2025-03-25 10:57:31'),
(233, 2, 21, 102, 21, 1, NULL, 3200.00, 0.00, '2025-03-26', '2025-03-26 00:35:24', '2025-03-26 00:35:24'),
(234, 2, 54, 103, 52, 1, NULL, 4200.00, 0.00, '2025-03-26', '2025-03-26 00:53:09', '2025-03-26 00:53:09'),
(235, 2, 15, NULL, 119, NULL, 4500.00, 0.00, 0.00, '2025-03-01', '2025-03-26 04:08:32', '2025-03-26 04:08:32'),
(236, 2, 15, 104, 119, 1, NULL, 4500.00, 0.00, '2025-03-26', '2025-03-26 04:09:06', '2025-03-26 04:09:06'),
(237, 2, 93, 105, 96, 1, NULL, 8800.00, 0.00, '2025-03-26', '2025-03-26 07:56:42', '2025-03-26 07:56:42'),
(238, 2, 110, 106, 75, 1, NULL, 940.00, 0.00, '2025-03-26', '2025-03-26 11:28:22', '2025-03-26 11:28:22'),
(239, 2, 35, 107, 34, 1, NULL, 4600.00, 0.00, '2025-03-27', '2025-03-27 04:53:47', '2025-03-27 04:53:47'),
(241, 2, 80, 109, 83, 1, NULL, 4600.00, 0.00, '2025-03-27', '2025-03-27 07:08:11', '2025-03-27 07:08:11'),
(242, 2, 46, 110, 45, 1, NULL, 4000.00, 0.00, '2025-03-27', '2025-03-27 07:10:00', '2025-03-27 07:10:00'),
(243, 2, 63, 111, 61, 1, NULL, 4000.00, 0.00, '2025-03-27', '2025-03-27 07:13:23', '2025-03-27 07:13:23'),
(244, 2, 8, 112, 114, 1, NULL, 4800.00, 0.00, '2025-03-26', '2025-03-27 07:38:29', '2025-03-27 07:38:29'),
(245, 2, 30, 113, 29, 1, NULL, 2300.00, 0.00, '2025-03-27', '2025-03-27 07:42:06', '2025-03-27 07:42:06'),
(246, 2, 75, 114, 78, 1, NULL, 4200.00, 0.00, '2025-03-27', '2025-03-27 10:55:00', '2025-03-27 10:55:00'),
(247, 2, 96, 115, 99, 1, NULL, 9500.00, 0.00, '2025-03-28', '2025-03-28 09:49:31', '2025-03-28 09:49:31'),
(248, 2, 110, 116, 75, 1, NULL, 1920.00, 0.00, '2025-03-28', '2025-03-28 11:00:39', '2025-03-28 11:00:39'),
(249, 2, 91, 117, 94, 1, NULL, 9500.00, 0.00, '2025-04-02', '2025-04-02 01:02:48', '2025-04-02 01:02:48'),
(250, 2, 99, NULL, 120, NULL, 8000.00, 0.00, 0.00, '2025-04-01', '2025-04-08 02:02:30', '2025-04-08 02:02:30'),
(252, 2, 73, 119, 76, 1, NULL, 5000.00, 0.00, '2025-03-31', '2025-04-08 02:58:23', '2025-04-08 02:58:23'),
(253, 2, 4, NULL, 121, NULL, NULL, 0.00, 2000.00, '2025-04-01', '2025-04-08 07:40:03', '2025-04-08 07:40:03'),
(254, 2, 6, NULL, 122, NULL, NULL, 0.00, 4800.00, '2025-04-01', '2025-04-08 07:40:03', '2025-04-08 07:40:03'),
(255, 2, 7, NULL, 123, NULL, NULL, 0.00, 2000.00, '2025-04-01', '2025-04-08 07:40:03', '2025-04-08 07:40:03'),
(256, 2, 8, NULL, 124, NULL, NULL, 0.00, 4800.00, '2025-04-01', '2025-04-08 07:40:03', '2025-04-08 07:40:03'),
(257, 2, 9, NULL, 125, NULL, NULL, 0.00, 2300.00, '2025-04-01', '2025-04-08 07:40:03', '2025-04-08 07:40:03'),
(258, 2, 10, NULL, 126, NULL, NULL, 0.00, 4000.00, '2025-04-01', '2025-04-08 07:40:03', '2025-04-08 07:40:03'),
(259, 2, 11, NULL, 127, NULL, NULL, 0.00, 7000.00, '2025-04-01', '2025-04-08 07:40:03', '2025-04-08 07:40:03'),
(260, 2, 12, NULL, 128, NULL, NULL, 0.00, 4600.00, '2025-04-01', '2025-04-08 07:40:03', '2025-04-08 07:40:03'),
(261, 2, 13, NULL, 129, NULL, NULL, 0.00, 4200.00, '2025-04-01', '2025-04-08 07:40:03', '2025-04-08 07:40:03'),
(262, 2, 15, NULL, 130, NULL, NULL, 0.00, 4500.00, '2025-04-01', '2025-04-08 07:40:03', '2025-04-08 07:40:03'),
(263, 2, 16, NULL, 131, NULL, NULL, 0.00, 4200.00, '2025-04-01', '2025-04-08 07:40:03', '2025-04-08 07:40:03'),
(264, 2, 17, NULL, 132, NULL, NULL, 0.00, 2100.00, '2025-04-01', '2025-04-08 07:40:03', '2025-04-08 07:40:03'),
(265, 2, 18, NULL, 133, NULL, NULL, 0.00, 2100.00, '2025-04-01', '2025-04-08 07:40:03', '2025-04-08 07:40:03'),
(266, 2, 19, NULL, 134, NULL, NULL, 0.00, 2300.00, '2025-04-01', '2025-04-08 07:40:03', '2025-04-08 07:40:03'),
(267, 2, 20, NULL, 135, NULL, NULL, 0.00, 2300.00, '2025-04-01', '2025-04-08 07:40:03', '2025-04-08 07:40:03'),
(268, 2, 21, NULL, 136, NULL, NULL, 0.00, 3200.00, '2025-04-01', '2025-04-08 07:40:03', '2025-04-08 07:40:03'),
(269, 2, 22, NULL, 137, NULL, NULL, 0.00, 2300.00, '2025-04-01', '2025-04-08 07:40:03', '2025-04-08 07:40:03'),
(271, 2, 24, NULL, 139, NULL, NULL, 0.00, 3800.00, '2025-04-01', '2025-04-08 07:40:03', '2025-04-08 07:40:03'),
(272, 2, 25, NULL, 140, NULL, NULL, 0.00, 4000.00, '2025-04-01', '2025-04-08 07:40:03', '2025-04-08 07:40:03'),
(273, 2, 26, NULL, 141, NULL, NULL, 0.00, 4600.00, '2025-04-01', '2025-04-08 07:40:03', '2025-04-08 07:40:03'),
(274, 2, 28, NULL, 142, NULL, NULL, 0.00, 2300.00, '2025-04-01', '2025-04-08 07:40:03', '2025-04-08 07:40:03'),
(275, 2, 29, NULL, 143, NULL, NULL, 0.00, 2700.00, '2025-04-01', '2025-04-08 07:40:03', '2025-04-08 07:40:03'),
(276, 2, 30, NULL, 144, NULL, NULL, 0.00, 2300.00, '2025-04-01', '2025-04-08 07:40:03', '2025-04-08 07:40:03'),
(277, 2, 31, NULL, 145, NULL, NULL, 0.00, 2300.00, '2025-04-01', '2025-04-08 07:40:03', '2025-04-08 07:40:03'),
(278, 2, 32, NULL, 146, NULL, NULL, 0.00, 4200.00, '2025-04-01', '2025-04-08 07:40:03', '2025-04-08 07:40:03'),
(279, 2, 33, NULL, 147, NULL, NULL, 0.00, 4000.00, '2025-04-01', '2025-04-08 07:40:03', '2025-04-08 07:40:03'),
(280, 2, 34, NULL, 148, NULL, NULL, 0.00, 4500.00, '2025-04-01', '2025-04-08 07:40:03', '2025-04-08 07:40:03'),
(281, 2, 35, NULL, 149, NULL, NULL, 0.00, 4600.00, '2025-04-01', '2025-04-08 07:40:03', '2025-04-08 07:40:03'),
(282, 2, 36, NULL, 150, NULL, NULL, 0.00, 1750.00, '2025-04-01', '2025-04-08 07:40:03', '2025-04-08 07:40:03'),
(283, 2, 37, NULL, 151, NULL, NULL, 0.00, 5300.00, '2025-04-01', '2025-04-08 07:40:03', '2025-04-08 07:40:03'),
(284, 2, 38, NULL, 152, NULL, NULL, 0.00, 1750.00, '2025-04-01', '2025-04-08 07:40:03', '2025-04-08 07:40:03'),
(285, 2, 39, NULL, 153, NULL, NULL, 0.00, 1750.00, '2025-04-01', '2025-04-08 07:40:03', '2025-04-08 07:40:03'),
(286, 2, 40, NULL, 154, NULL, NULL, 0.00, 2100.00, '2025-04-01', '2025-04-08 07:40:03', '2025-04-08 07:40:03'),
(287, 2, 41, NULL, 155, NULL, NULL, 0.00, 2100.00, '2025-04-01', '2025-04-08 07:40:03', '2025-04-08 07:40:03'),
(288, 2, 42, NULL, 156, NULL, NULL, 0.00, 4600.00, '2025-04-01', '2025-04-08 07:40:03', '2025-04-08 07:40:03'),
(290, 2, 44, NULL, 158, NULL, NULL, 0.00, 4200.00, '2025-04-01', '2025-04-08 07:40:03', '2025-04-08 07:40:03'),
(291, 2, 45, NULL, 159, NULL, NULL, 0.00, 4600.00, '2025-04-01', '2025-04-08 07:40:03', '2025-04-08 07:40:03'),
(292, 2, 46, NULL, 160, NULL, NULL, 0.00, 4000.00, '2025-04-01', '2025-04-08 07:40:03', '2025-04-08 07:40:03'),
(293, 2, 48, NULL, 161, NULL, NULL, 0.00, 4400.00, '2025-04-01', '2025-04-08 07:40:03', '2025-04-08 07:40:03'),
(294, 2, 49, NULL, 162, NULL, NULL, 0.00, 2000.00, '2025-04-01', '2025-04-08 07:40:03', '2025-04-08 07:40:03'),
(295, 2, 50, NULL, 163, NULL, NULL, 0.00, 4200.00, '2025-04-01', '2025-04-08 07:40:03', '2025-04-08 07:40:03'),
(296, 2, 51, NULL, 164, NULL, NULL, 0.00, 2100.00, '2025-04-01', '2025-04-08 07:40:03', '2025-04-08 07:40:03'),
(297, 2, 52, NULL, 165, NULL, NULL, 0.00, 2100.00, '2025-04-01', '2025-04-08 07:40:03', '2025-04-08 07:40:03'),
(298, 2, 53, NULL, 166, NULL, NULL, 0.00, 4500.00, '2025-04-01', '2025-04-08 07:40:03', '2025-04-08 07:40:03'),
(299, 2, 54, NULL, 167, NULL, NULL, 0.00, 4200.00, '2025-04-01', '2025-04-08 07:40:03', '2025-04-08 07:40:03'),
(301, 2, 56, NULL, 169, NULL, NULL, 0.00, 1700.00, '2025-04-01', '2025-04-08 07:40:03', '2025-04-08 07:40:03'),
(304, 2, 59, NULL, 172, NULL, NULL, 0.00, 4000.00, '2025-04-01', '2025-04-08 07:40:03', '2025-04-08 07:40:03'),
(305, 2, 60, NULL, 173, NULL, NULL, 0.00, 4400.00, '2025-04-01', '2025-04-08 07:40:03', '2025-04-08 07:40:03'),
(306, 2, 61, NULL, 174, NULL, NULL, 0.00, 3000.00, '2025-04-01', '2025-04-08 07:40:03', '2025-04-08 07:40:03'),
(307, 2, 62, NULL, 175, NULL, NULL, 0.00, 2000.00, '2025-04-01', '2025-04-08 07:40:03', '2025-04-08 07:40:03'),
(308, 2, 63, NULL, 176, NULL, NULL, 0.00, 4000.00, '2025-04-01', '2025-04-08 07:40:03', '2025-04-08 07:40:03'),
(309, 2, 64, NULL, 177, NULL, NULL, 0.00, 4000.00, '2025-04-01', '2025-04-08 07:40:03', '2025-04-08 07:40:03'),
(310, 2, 65, NULL, 178, NULL, NULL, 0.00, 4000.00, '2025-04-01', '2025-04-08 07:40:03', '2025-04-08 07:40:03'),
(311, 2, 66, NULL, 179, NULL, NULL, 0.00, 4800.00, '2025-04-01', '2025-04-08 07:40:03', '2025-04-08 07:40:03'),
(312, 2, 67, NULL, 180, NULL, NULL, 0.00, 4000.00, '2025-04-01', '2025-04-08 07:40:03', '2025-04-08 07:40:03'),
(313, 2, 104, NULL, 181, NULL, NULL, 0.00, 2000.00, '2025-04-01', '2025-04-08 07:40:03', '2025-04-08 07:40:03'),
(314, 2, 105, NULL, 182, NULL, NULL, 0.00, 2000.00, '2025-04-01', '2025-04-08 07:40:03', '2025-04-08 07:40:03'),
(315, 2, 107, NULL, 183, NULL, NULL, 0.00, 5500.00, '2025-04-01', '2025-04-08 07:40:03', '2025-04-08 07:40:03'),
(316, 2, 108, NULL, 184, NULL, NULL, 0.00, 1700.00, '2025-04-01', '2025-04-08 07:40:03', '2025-04-08 07:40:03'),
(317, 2, 110, NULL, 185, NULL, NULL, 0.00, 5800.00, '2025-04-01', '2025-04-08 07:40:03', '2025-04-08 07:40:03'),
(318, 2, 111, NULL, 186, NULL, NULL, 0.00, 1750.00, '2025-04-01', '2025-04-08 07:40:03', '2025-04-08 07:40:03'),
(319, 2, 112, NULL, 187, NULL, NULL, 0.00, 2300.00, '2025-04-01', '2025-04-08 07:40:03', '2025-04-08 07:40:03'),
(320, 2, 113, NULL, 188, NULL, NULL, 0.00, 4800.00, '2025-04-01', '2025-04-08 07:40:03', '2025-04-08 07:40:03'),
(321, 2, 114, NULL, 189, NULL, NULL, 0.00, 1700.00, '2025-04-01', '2025-04-08 07:40:03', '2025-04-08 07:40:03'),
(322, 2, 73, NULL, 190, NULL, NULL, 0.00, 5000.00, '2025-04-01', '2025-04-08 07:50:49', '2025-04-08 07:50:49'),
(323, 2, 74, NULL, 191, NULL, NULL, 0.00, 4500.00, '2025-04-01', '2025-04-08 07:50:49', '2025-04-08 07:50:49'),
(324, 2, 75, NULL, 192, NULL, NULL, 0.00, 4200.00, '2025-04-01', '2025-04-08 07:50:49', '2025-04-08 07:50:49'),
(325, 2, 76, NULL, 193, NULL, NULL, 0.00, 4200.00, '2025-04-01', '2025-04-08 07:50:49', '2025-04-08 07:50:49'),
(326, 2, 77, NULL, 194, NULL, NULL, 0.00, 2100.00, '2025-04-01', '2025-04-08 07:50:49', '2025-04-08 07:50:49'),
(328, 2, 79, NULL, 196, NULL, NULL, 0.00, 4200.00, '2025-04-01', '2025-04-08 07:50:49', '2025-04-08 07:50:49'),
(329, 2, 80, NULL, 197, NULL, NULL, 0.00, 4600.00, '2025-04-01', '2025-04-08 07:50:49', '2025-04-08 07:50:49'),
(330, 2, 81, NULL, 198, NULL, NULL, 0.00, 4000.00, '2025-04-01', '2025-04-08 07:50:49', '2025-04-08 07:50:49'),
(331, 2, 82, NULL, 199, NULL, NULL, 0.00, 4200.00, '2025-04-01', '2025-04-08 07:50:49', '2025-04-08 07:50:49'),
(332, 2, 83, NULL, 200, NULL, NULL, 0.00, 4600.00, '2025-04-01', '2025-04-08 07:50:49', '2025-04-08 07:50:49'),
(334, 2, 115, NULL, 202, NULL, NULL, 0.00, 2100.00, '2025-04-01', '2025-04-08 07:50:49', '2025-04-08 07:50:49'),
(335, 2, 118, NULL, 203, NULL, 6000.00, 0.00, 0.00, '2025-04-01', '2025-04-08 07:51:29', '2025-04-08 07:51:29'),
(336, 2, 117, NULL, 204, NULL, 8000.00, 0.00, 0.00, '2025-04-01', '2025-04-08 07:53:16', '2025-04-08 07:53:16'),
(337, 2, 100, NULL, 205, NULL, 6000.00, 0.00, 0.00, '2025-04-01', '2025-04-08 07:55:17', '2025-04-08 07:55:17'),
(339, 2, 102, NULL, 207, NULL, 6000.00, 0.00, 0.00, '2025-04-01', '2025-04-08 07:57:40', '2025-04-08 07:57:40'),
(340, 2, 99, 120, 120, 1, NULL, 8000.00, 0.00, '2025-04-08', '2025-04-08 08:02:44', '2025-04-08 08:02:44'),
(341, 2, 22, 121, 137, 1, NULL, 2300.00, 0.00, '2025-04-08', '2025-04-08 08:03:58', '2025-04-08 08:03:58'),
(342, 2, 40, 122, 154, 1, NULL, 2100.00, 0.00, '2025-04-08', '2025-04-08 08:04:36', '2025-04-08 08:04:36'),
(343, 2, 45, 123, 159, 1, NULL, 4600.00, 0.00, '2025-04-08', '2025-04-08 08:05:30', '2025-04-08 08:05:30'),
(344, 2, 108, 124, 184, 1, NULL, 1700.00, 0.00, '2025-04-08', '2025-04-08 08:06:08', '2025-04-08 08:06:08'),
(345, 2, 59, 125, 172, 1, NULL, 4000.00, 0.00, '2025-04-08', '2025-04-08 08:06:41', '2025-04-08 08:06:41'),
(346, 2, 105, 126, 182, 1, NULL, 2000.00, 0.00, '2025-04-08', '2025-04-08 08:07:22', '2025-04-08 08:07:22'),
(347, 2, 84, NULL, 208, NULL, NULL, 0.00, 10480.00, '2025-04-01', '2025-04-08 08:11:09', '2025-04-08 08:11:09'),
(348, 2, 86, NULL, 209, NULL, NULL, 0.00, 10000.00, '2025-04-01', '2025-04-08 08:11:09', '2025-04-08 08:11:09'),
(349, 2, 87, NULL, 210, NULL, NULL, 0.00, 9500.00, '2025-04-01', '2025-04-08 08:11:09', '2025-04-08 08:11:09'),
(350, 2, 88, NULL, 211, NULL, NULL, 0.00, 18000.00, '2025-04-01', '2025-04-08 08:11:09', '2025-04-08 08:11:09'),
(352, 2, 90, NULL, 213, NULL, NULL, 0.00, 20000.00, '2025-04-01', '2025-04-08 08:11:09', '2025-04-08 08:11:09'),
(353, 2, 91, NULL, 214, NULL, NULL, 0.00, 9500.00, '2025-04-01', '2025-04-08 08:11:09', '2025-04-08 08:11:09'),
(354, 2, 92, NULL, 215, NULL, NULL, 0.00, 9000.00, '2025-04-01', '2025-04-08 08:11:09', '2025-04-08 08:11:09'),
(355, 2, 93, NULL, 216, NULL, NULL, 0.00, 8800.00, '2025-04-01', '2025-04-08 08:11:09', '2025-04-08 08:11:09'),
(356, 2, 94, NULL, 217, NULL, NULL, 0.00, 10000.00, '2025-04-01', '2025-04-08 08:11:09', '2025-04-08 08:11:09'),
(357, 2, 95, NULL, 218, NULL, NULL, 0.00, 9300.00, '2025-04-01', '2025-04-08 08:11:09', '2025-04-08 08:11:09'),
(358, 2, 96, NULL, 219, NULL, NULL, 0.00, 9500.00, '2025-04-01', '2025-04-08 08:11:09', '2025-04-08 08:11:09'),
(359, 2, 97, NULL, 220, NULL, NULL, 0.00, 8500.00, '2025-04-01', '2025-04-08 08:11:09', '2025-04-08 08:11:09'),
(360, 2, 97, 127, 220, 1, NULL, 8500.00, 0.00, '2025-04-08', '2025-04-08 08:13:53', '2025-04-08 08:13:53'),
(361, 2, 95, 128, 218, 1, NULL, 9300.00, 0.00, '2025-04-08', '2025-04-08 08:15:05', '2025-04-08 08:15:05'),
(362, 2, 87, 129, 210, 1, NULL, 5000.00, 0.00, '2025-04-01', '2025-04-08 08:25:19', '2025-04-08 08:25:19'),
(363, 2, 76, 130, 193, 1, NULL, 4200.00, 0.00, '2025-04-08', '2025-04-08 08:39:52', '2025-04-08 08:39:52'),
(364, 2, 74, 131, 191, 1, NULL, 4500.00, 0.00, '2025-04-08', '2025-04-08 08:40:46', '2025-04-08 08:40:46'),
(365, 2, 115, 132, 202, 1, NULL, 2100.00, 0.00, '2025-04-04', '2025-04-08 08:41:21', '2025-04-08 08:41:21'),
(366, 2, 16, 133, 131, 1, NULL, 4200.00, 0.00, '2025-04-09', '2025-04-09 06:00:54', '2025-04-09 06:00:54'),
(367, 2, 79, 134, 196, 1, NULL, 4200.00, 0.00, '2025-04-09', '2025-04-09 06:01:28', '2025-04-09 06:01:28'),
(368, 2, 26, 135, 141, 1, NULL, 4600.00, 0.00, '2025-04-15', '2025-04-15 08:43:27', '2025-04-15 08:43:27'),
(369, 2, 42, 136, 156, 1, NULL, 4600.00, 0.00, '2025-04-15', '2025-04-15 08:45:01', '2025-04-15 08:45:01'),
(370, 2, 7, 137, 113, 1, NULL, 2000.00, 0.00, '2025-04-15', '2025-04-15 08:54:36', '2025-04-15 08:54:36'),
(371, 2, 83, 138, 200, 1, NULL, 4600.00, 0.00, '2025-04-15', '2025-04-15 09:39:03', '2025-04-15 09:39:03'),
(372, 2, 18, 139, 133, 1, NULL, 2100.00, 0.00, '2025-04-15', '2025-04-15 09:40:00', '2025-04-15 09:40:00'),
(373, 2, 31, 140, 30, 1, NULL, 300.00, 0.00, '2025-04-10', '2025-04-15 09:43:13', '2025-04-15 09:43:13'),
(374, 2, 31, 141, 145, 1, NULL, 2300.00, 0.00, '2025-04-10', '2025-04-15 09:43:58', '2025-04-15 09:43:58'),
(375, 2, 10, 142, 111, 1, NULL, 1000.00, 0.00, '2025-04-11', '2025-04-15 10:13:16', '2025-04-15 10:13:16'),
(376, 2, 10, 143, 126, 1, NULL, 4000.00, 0.00, '2025-04-12', '2025-04-15 10:14:04', '2025-04-15 10:14:04'),
(377, 2, 15, 144, 130, 1, NULL, 4000.00, 0.00, '2025-04-14', '2025-04-15 10:27:40', '2025-04-15 10:27:40'),
(378, 2, 50, 145, 48, 1, NULL, 1100.00, 0.00, '2025-04-12', '2025-04-15 10:35:47', '2025-04-15 10:35:47'),
(379, 2, 107, 146, 183, 1, NULL, 5500.00, 0.00, '2025-04-15', '2025-04-15 11:32:43', '2025-04-15 11:32:43'),
(380, 2, 117, 147, 204, 2, NULL, 8000.00, 0.00, '2025-04-15', '2025-04-15 11:44:46', '2025-04-15 11:44:46'),
(381, 2, 102, 148, 207, 1, NULL, 6000.00, 0.00, '2025-04-15', '2025-04-15 11:45:10', '2025-04-15 11:45:10'),
(382, 2, 111, 149, 186, 1, NULL, 1750.00, 0.00, '2025-04-15', '2025-04-15 11:48:15', '2025-04-15 11:48:15'),
(383, 2, 65, 150, 178, 1, NULL, 4000.00, 0.00, '2025-04-16', '2025-04-16 00:54:49', '2025-04-16 00:54:49'),
(384, 2, 36, 151, 101, 1, NULL, 1000.00, 0.00, '2025-04-16', '2025-04-16 03:02:03', '2025-04-16 03:02:03'),
(385, 2, 36, 152, 150, 1, NULL, 750.00, 0.00, '2025-04-16', '2025-04-16 03:03:34', '2025-04-16 03:03:34'),
(386, 2, 63, 153, 176, 2, NULL, 4000.00, 0.00, '2025-04-16', '2025-04-17 01:51:57', '2025-04-17 01:51:57'),
(387, 2, 119, NULL, 221, NULL, 4500.00, 0.00, 0.00, '2025-04-01', '2025-04-17 03:19:19', '2025-04-17 03:19:19'),
(388, 2, 121, NULL, 222, NULL, 4600.00, 0.00, 0.00, '2025-03-01', '2025-04-17 05:54:21', '2025-04-17 05:54:21'),
(389, 2, 121, NULL, 223, NULL, 4600.00, 0.00, 0.00, '2025-04-01', '2025-04-17 05:54:37', '2025-04-17 05:54:37'),
(390, 2, 122, NULL, 224, NULL, 2400.00, 0.00, 0.00, '2025-04-01', '2025-04-17 06:21:11', '2025-04-17 06:21:11'),
(391, 2, 123, NULL, 225, NULL, 9000.00, 0.00, 0.00, '2025-04-01', '2025-04-17 06:52:29', '2025-04-17 06:52:29'),
(392, 2, 41, 154, 155, 1, NULL, 2100.00, 0.00, '2025-04-17', '2025-04-17 07:02:35', '2025-04-17 07:02:35'),
(393, 2, 19, 155, 134, 1, NULL, 2300.00, 0.00, '2025-04-17', '2025-04-17 07:03:39', '2025-04-17 07:03:39'),
(394, 2, 123, 156, 225, 1, NULL, 5500.00, 0.00, '2025-04-17', '2025-04-17 07:05:19', '2025-04-17 07:05:19'),
(395, 2, 20, 157, 135, 1, NULL, 2300.00, 0.00, '2025-04-17', '2025-04-17 07:42:39', '2025-04-17 07:42:39'),
(396, 2, 94, 158, 217, 1, NULL, 10000.00, 0.00, '2025-04-17', '2025-04-17 08:19:37', '2025-04-17 08:19:37'),
(397, 2, 86, 159, 209, 1, NULL, 10000.00, 0.00, '2025-04-17', '2025-04-17 11:11:43', '2025-04-17 11:11:43'),
(398, 2, 49, 160, 162, 1, NULL, 2000.00, 0.00, '2025-04-18', '2025-04-18 04:01:49', '2025-04-18 04:01:49'),
(399, 2, 122, 161, 224, 1, NULL, 2400.00, 0.00, '2025-04-18', '2025-04-18 04:26:37', '2025-04-18 04:26:37'),
(400, 2, 118, 162, 203, 1, NULL, 6000.00, 0.00, '2025-04-12', '2025-04-18 04:28:27', '2025-04-18 04:28:27'),
(401, 2, 101, NULL, 226, NULL, 7500.00, 0.00, 0.00, '2025-04-01', '2025-04-18 04:37:08', '2025-04-18 04:37:08'),
(402, 2, 101, 163, 226, 1, NULL, 7500.00, 0.00, '2025-04-18', '2025-04-18 04:37:46', '2025-04-18 04:37:46'),
(403, 2, 114, 164, 189, 1, NULL, 1700.00, 0.00, '2025-04-18', '2025-04-18 07:39:18', '2025-04-18 07:39:18'),
(404, 2, 39, 165, 153, 1, NULL, 1750.00, 0.00, '2025-04-18', '2025-04-18 09:38:38', '2025-04-18 09:38:38'),
(405, 2, 90, 166, 93, 1, NULL, 10000.00, 0.00, '2025-04-18', '2025-04-18 10:19:44', '2025-04-18 10:19:44'),
(406, 2, 82, 167, 199, 1, NULL, 4200.00, 0.00, '2025-04-19', '2025-04-19 01:04:35', '2025-04-19 01:04:35'),
(407, 2, 33, 168, 147, 1, NULL, 4000.00, 0.00, '2025-04-19', '2025-04-19 06:01:39', '2025-04-19 06:01:39'),
(408, 2, 34, 169, 148, 1, NULL, 4500.00, 0.00, '2025-04-19', '2025-04-19 06:02:02', '2025-04-19 06:02:02'),
(409, 2, 29, 170, 143, 1, NULL, 2700.00, 0.00, '2025-04-19', '2025-04-19 07:35:31', '2025-04-19 07:35:31'),
(410, 2, 32, 171, 146, 1, NULL, 4200.00, 0.00, '2025-04-19', '2025-04-19 08:56:30', '2025-04-19 08:56:30'),
(411, 2, 56, 172, 169, 1, NULL, 1700.00, 0.00, '2025-04-19', '2025-04-19 08:56:57', '2025-04-19 08:56:57'),
(412, 2, 37, 173, 151, 1, NULL, 5300.00, 0.00, '2025-04-24', '2025-04-23 22:51:27', '2025-04-23 22:51:27'),
(413, 2, 48, 174, 161, 1, NULL, 4400.00, 0.00, '2025-04-24', '2025-04-23 22:58:34', '2025-04-23 22:58:34'),
(414, 2, 51, 175, 164, 1, NULL, 2100.00, 0.00, '2025-04-24', '2025-04-23 23:00:06', '2025-04-23 23:00:06'),
(415, 2, 113, 176, 188, 1, NULL, 4800.00, 0.00, '2025-04-24', '2025-04-23 23:02:56', '2025-04-23 23:02:56'),
(416, 2, 12, 177, 128, 1, NULL, 4600.00, 0.00, '2025-04-24', '2025-04-24 02:12:56', '2025-04-24 02:12:56'),
(417, 2, 24, 178, 139, 1, NULL, 3800.00, 0.00, '2025-04-24', '2025-04-24 10:12:45', '2025-04-24 10:12:45'),
(418, 2, 13, 179, 129, 1, NULL, 4200.00, 0.00, '2025-04-24', '2025-04-24 10:15:31', '2025-04-24 10:15:31'),
(419, 2, 44, 180, 158, 1, NULL, 4200.00, 0.00, '2025-04-24', '2025-04-24 10:16:29', '2025-04-24 10:16:29'),
(420, 2, 61, 181, 174, 1, NULL, 3000.00, 0.00, '2025-04-19', '2025-04-24 10:17:06', '2025-04-24 10:17:06'),
(421, 2, 62, 182, 175, 1, NULL, 2000.00, 0.00, '2025-04-19', '2025-04-24 10:17:29', '2025-04-24 10:17:29'),
(422, 2, 119, 183, 221, 1, NULL, 4500.00, 0.00, '2025-04-19', '2025-04-24 10:18:31', '2025-04-24 10:18:31'),
(423, 2, 17, 184, 132, 1, NULL, 2100.00, 0.00, '2025-04-19', '2025-04-24 10:19:53', '2025-04-24 10:19:53'),
(424, 2, 25, 185, 140, 1, NULL, 4000.00, 0.00, '2025-04-19', '2025-04-24 10:20:33', '2025-04-24 10:20:33'),
(425, 2, 6, 186, 122, 1, NULL, 4800.00, 0.00, '2025-04-24', '2025-04-24 10:29:48', '2025-04-24 10:29:48'),
(426, 2, 92, 187, 215, 1, NULL, 9000.00, 0.00, '2025-04-25', '2025-04-25 09:13:59', '2025-04-25 09:13:59'),
(427, 2, 54, 188, 167, 1, NULL, 4200.00, 0.00, '2025-04-25', '2025-04-25 09:14:53', '2025-04-25 09:14:53'),
(428, 2, 9, 189, 125, 1, NULL, 2300.00, 0.00, '2025-04-25', '2025-04-25 09:25:29', '2025-04-25 09:25:29'),
(429, 2, 35, 190, 149, 1, NULL, 2300.00, 0.00, '2025-04-25', '2025-04-25 10:06:39', '2025-04-25 10:06:39'),
(430, 2, 67, 191, 180, 1, NULL, 4000.00, 0.00, '2025-04-25', '2025-04-25 10:14:44', '2025-04-25 10:14:44'),
(431, 2, 66, 192, 179, 1, NULL, 4800.00, 0.00, '2025-04-25', '2025-04-25 10:28:08', '2025-04-25 10:28:08'),
(432, 2, 81, 193, 198, 1, NULL, 4000.00, 0.00, '2025-04-25', '2025-04-25 10:33:46', '2025-04-25 10:33:46'),
(433, 2, 8, 194, 124, 1, NULL, 4800.00, 0.00, '2025-04-26', '2025-04-26 00:53:40', '2025-04-26 00:53:40'),
(435, 2, 11, 196, 127, 1, NULL, 7000.00, 0.00, '2025-04-26', '2025-04-26 07:38:23', '2025-04-26 07:38:23'),
(437, 2, 121, 198, 222, 1, NULL, 4600.00, 0.00, '2025-04-26', '2025-04-26 08:31:43', '2025-04-26 08:31:43'),
(438, 2, 110, 199, 185, 1, NULL, 5800.00, 0.00, '2025-04-26', '2025-04-26 08:45:47', '2025-04-26 08:45:47'),
(439, 2, 112, 200, 109, 1, NULL, 2300.00, 0.00, '2025-04-26', '2025-04-26 09:03:14', '2025-04-26 09:03:14'),
(440, 2, 100, 201, 104, 1, NULL, 1000.00, 0.00, '2025-04-25', '2025-04-26 09:33:41', '2025-04-26 09:33:41'),
(441, 2, 100, 202, 205, 1, NULL, 6000.00, 0.00, '2025-04-26', '2025-04-26 09:34:29', '2025-04-26 09:34:29'),
(442, 2, 88, 203, 91, 1, NULL, 9000.00, 0.00, '2025-04-26', '2025-04-26 10:05:35', '2025-04-26 10:05:35'),
(443, 2, 38, 204, 152, 1, NULL, 1750.00, 0.00, '2025-04-27', '2025-04-27 09:31:36', '2025-04-27 09:31:36'),
(444, 2, 75, 205, 192, 1, NULL, 4200.00, 0.00, '2025-04-28', '2025-04-28 01:10:47', '2025-04-28 01:10:47'),
(445, 2, 21, 206, 136, 1, NULL, 3200.00, 0.00, '2025-04-28', '2025-04-28 01:14:17', '2025-04-28 01:14:17'),
(446, 2, 60, 207, 173, 1, NULL, 1500.00, 0.00, '2025-04-28', '2025-04-28 08:58:18', '2025-04-28 08:58:18'),
(447, 2, 28, 208, 142, 1, NULL, 2300.00, 0.00, '2025-04-28', '2025-04-28 09:13:02', '2025-04-28 09:13:02'),
(448, 2, 123, 209, 225, 1, NULL, 3500.00, 0.00, '2025-04-29', '2025-04-29 04:25:41', '2025-04-29 04:25:41'),
(449, 2, 30, 210, 144, 1, NULL, 2300.00, 0.00, '2025-04-29', '2025-04-29 06:14:25', '2025-04-29 06:14:25'),
(450, 2, 35, 211, 149, 1, NULL, 2300.00, 0.00, '2025-04-29', '2025-04-29 09:41:12', '2025-04-29 09:41:12'),
(451, 2, 80, 212, 197, 1, NULL, 4600.00, 0.00, '2025-04-30', '2025-04-30 09:16:32', '2025-04-30 09:16:32'),
(452, 2, 121, 213, 223, 1, NULL, 4600.00, 0.00, '2025-04-30', '2025-04-30 09:36:02', '2025-04-30 09:36:02'),
(453, 2, 60, 214, 173, 1, NULL, 1470.00, 0.00, '2025-04-30', '2025-04-30 09:43:19', '2025-04-30 09:43:19'),
(454, 2, 73, 215, 190, 1, NULL, 5000.00, 0.00, '2025-04-30', '2025-05-01 02:36:36', '2025-05-01 02:36:36'),
(455, 2, 50, 216, 48, 1, NULL, 1000.00, 0.00, '2025-05-01', '2025-05-01 05:04:03', '2025-05-01 05:04:03'),
(456, 2, 50, 217, 163, 1, NULL, 1000.00, 0.00, '2025-05-01', '2025-05-01 05:04:31', '2025-05-01 05:04:31'),
(457, 2, 64, 218, 177, 1, NULL, 3000.00, 0.00, '2025-05-01', '2025-05-01 05:33:45', '2025-05-01 05:33:45'),
(458, 2, 84, NULL, 227, NULL, NULL, 0.00, 20960.00, '2025-05-01', '2025-05-01 08:01:46', '2025-05-01 08:01:46'),
(459, 2, 86, NULL, 228, NULL, NULL, 0.00, 10000.00, '2025-05-01', '2025-05-01 08:01:46', '2025-05-01 08:01:46'),
(460, 2, 87, NULL, 229, NULL, NULL, 0.00, 9500.00, '2025-05-01', '2025-05-01 08:01:46', '2025-05-01 08:01:46'),
(461, 2, 88, NULL, 230, NULL, NULL, 0.00, 9000.00, '2025-05-01', '2025-05-01 08:01:46', '2025-05-01 08:01:46'),
(463, 2, 90, NULL, 232, NULL, NULL, 0.00, 10000.00, '2025-05-01', '2025-05-01 08:01:46', '2025-05-01 08:01:46'),
(464, 2, 91, NULL, 233, NULL, NULL, 0.00, 9500.00, '2025-05-01', '2025-05-01 08:01:46', '2025-05-01 08:01:46'),
(465, 2, 92, NULL, 234, NULL, NULL, 0.00, 9000.00, '2025-05-01', '2025-05-01 08:01:46', '2025-05-01 08:01:46'),
(466, 2, 93, NULL, 235, NULL, NULL, 0.00, 17600.00, '2025-05-01', '2025-05-01 08:01:46', '2025-05-01 08:01:46'),
(467, 2, 94, NULL, 236, NULL, NULL, 0.00, 10000.00, '2025-05-01', '2025-05-01 08:01:46', '2025-05-01 08:01:46'),
(468, 2, 95, NULL, 237, NULL, NULL, 0.00, 9300.00, '2025-05-01', '2025-05-01 08:01:46', '2025-05-01 08:01:46'),
(469, 2, 96, NULL, 238, NULL, NULL, 0.00, 19000.00, '2025-05-01', '2025-05-01 08:01:46', '2025-05-01 08:01:46'),
(471, 2, 123, NULL, 240, NULL, NULL, 0.00, 9000.00, '2025-05-01', '2025-05-01 08:01:46', '2025-05-01 08:01:46'),
(472, 2, 95, 219, 237, 1, NULL, 9300.00, 0.00, '2025-05-01', '2025-05-01 08:06:21', '2025-05-01 08:06:21'),
(473, 2, 91, 220, 214, 1, NULL, 9500.00, 0.00, '2025-05-01', '2025-05-02 02:07:29', '2025-05-02 02:07:29'),
(474, 2, 112, 221, 187, 1, NULL, 2300.00, 0.00, '2025-05-02', '2025-05-02 04:10:42', '2025-05-02 04:10:42'),
(475, 2, 4, NULL, 241, NULL, NULL, 0.00, 4000.00, '2025-05-01', '2025-05-02 10:52:02', '2025-05-02 10:52:02'),
(476, 2, 6, NULL, 242, NULL, NULL, 0.00, 4800.00, '2025-05-01', '2025-05-02 10:52:02', '2025-05-02 10:52:02'),
(477, 2, 7, NULL, 243, NULL, NULL, 0.00, 2000.00, '2025-05-01', '2025-05-02 10:52:02', '2025-05-02 10:52:02'),
(478, 2, 8, NULL, 244, NULL, NULL, 0.00, 4800.00, '2025-05-01', '2025-05-02 10:52:02', '2025-05-02 10:52:02'),
(479, 2, 9, NULL, 245, NULL, NULL, 0.00, 2300.00, '2025-05-01', '2025-05-02 10:52:02', '2025-05-02 10:52:02'),
(480, 2, 10, NULL, 246, NULL, NULL, 0.00, 4000.00, '2025-05-01', '2025-05-02 10:52:02', '2025-05-02 10:52:02'),
(481, 2, 11, NULL, 247, NULL, NULL, 0.00, 7000.00, '2025-05-01', '2025-05-02 10:52:02', '2025-05-02 10:52:02'),
(483, 2, 13, NULL, 249, NULL, NULL, 0.00, 4200.00, '2025-05-01', '2025-05-02 10:52:02', '2025-05-02 10:52:02'),
(484, 2, 15, NULL, 250, NULL, NULL, 0.00, 4500.00, '2025-05-01', '2025-05-02 10:52:02', '2025-05-02 10:52:02'),
(485, 2, 16, NULL, 251, NULL, NULL, 0.00, 4200.00, '2025-05-01', '2025-05-02 10:52:02', '2025-05-02 10:52:02'),
(487, 2, 18, NULL, 253, NULL, NULL, 0.00, 2100.00, '2025-05-01', '2025-05-02 10:52:02', '2025-05-02 10:52:02'),
(488, 2, 19, NULL, 254, NULL, NULL, 0.00, 2400.00, '2025-05-01', '2025-05-02 10:52:02', '2025-05-02 10:52:02'),
(489, 2, 20, NULL, 255, NULL, NULL, 0.00, 2400.00, '2025-05-01', '2025-05-02 10:52:02', '2025-05-02 10:52:02'),
(490, 2, 21, NULL, 256, NULL, NULL, 0.00, 3200.00, '2025-05-01', '2025-05-02 10:52:02', '2025-05-02 10:52:02'),
(491, 2, 22, NULL, 257, NULL, NULL, 0.00, 2400.00, '2025-05-01', '2025-05-02 10:52:02', '2025-05-02 10:52:02'),
(493, 2, 24, NULL, 259, NULL, NULL, 0.00, 3800.00, '2025-05-01', '2025-05-02 10:52:02', '2025-05-02 10:52:02'),
(494, 2, 25, NULL, 260, NULL, NULL, 0.00, 4000.00, '2025-05-01', '2025-05-02 10:52:02', '2025-05-02 10:52:02'),
(495, 2, 26, NULL, 261, NULL, NULL, 0.00, 4600.00, '2025-05-01', '2025-05-02 10:52:02', '2025-05-02 10:52:02'),
(496, 2, 28, NULL, 262, NULL, NULL, 0.00, 2400.00, '2025-05-01', '2025-05-02 10:52:02', '2025-05-02 10:52:02'),
(497, 2, 29, NULL, 263, NULL, NULL, 0.00, 2800.00, '2025-05-01', '2025-05-02 10:52:02', '2025-05-02 10:52:02'),
(498, 2, 30, NULL, 264, NULL, NULL, 0.00, 2400.00, '2025-05-01', '2025-05-02 10:52:02', '2025-05-02 10:52:02'),
(499, 2, 31, NULL, 265, NULL, NULL, 0.00, 2400.00, '2025-05-01', '2025-05-02 10:52:02', '2025-05-02 10:52:02'),
(500, 2, 32, NULL, 266, NULL, NULL, 0.00, 4200.00, '2025-05-01', '2025-05-02 10:52:02', '2025-05-02 10:52:02'),
(501, 2, 33, NULL, 267, NULL, NULL, 0.00, 4000.00, '2025-05-01', '2025-05-02 10:52:02', '2025-05-02 10:52:02'),
(502, 2, 34, NULL, 268, NULL, NULL, 0.00, 4500.00, '2025-05-01', '2025-05-02 10:52:02', '2025-05-02 10:52:02'),
(503, 2, 35, NULL, 269, NULL, NULL, 0.00, 4800.00, '2025-05-01', '2025-05-02 10:52:02', '2025-05-02 10:52:02'),
(504, 2, 36, NULL, 270, NULL, NULL, 0.00, 1750.00, '2025-05-01', '2025-05-02 10:52:02', '2025-05-02 10:52:02'),
(505, 2, 37, NULL, 271, NULL, NULL, 0.00, 5500.00, '2025-05-01', '2025-05-02 10:52:02', '2025-05-02 10:52:02'),
(506, 2, 38, NULL, 272, NULL, NULL, 0.00, 1750.00, '2025-05-01', '2025-05-02 10:52:02', '2025-05-02 10:52:02'),
(507, 2, 39, NULL, 273, NULL, NULL, 0.00, 1750.00, '2025-05-01', '2025-05-02 10:52:02', '2025-05-02 10:52:02'),
(508, 2, 40, NULL, 274, NULL, NULL, 0.00, 2100.00, '2025-05-01', '2025-05-02 10:52:02', '2025-05-02 10:52:02'),
(509, 2, 41, NULL, 275, NULL, NULL, 0.00, 2100.00, '2025-05-01', '2025-05-02 10:52:02', '2025-05-02 10:52:02'),
(510, 2, 42, NULL, 276, NULL, NULL, 0.00, 4800.00, '2025-05-01', '2025-05-02 10:52:02', '2025-05-02 10:52:02'),
(512, 2, 44, NULL, 278, NULL, NULL, 0.00, 4200.00, '2025-05-01', '2025-05-02 10:52:02', '2025-05-02 10:52:02'),
(513, 2, 45, NULL, 279, NULL, NULL, 0.00, 4800.00, '2025-05-01', '2025-05-02 10:52:02', '2025-05-02 10:52:02'),
(514, 2, 46, NULL, 280, NULL, NULL, 0.00, 8400.00, '2025-05-01', '2025-05-02 10:52:02', '2025-05-02 10:52:02'),
(516, 2, 49, NULL, 282, NULL, NULL, 0.00, 2000.00, '2025-05-01', '2025-05-02 10:52:02', '2025-05-02 10:52:02'),
(517, 2, 50, NULL, 283, NULL, NULL, 0.00, 2100.00, '2025-05-01', '2025-05-02 10:52:02', '2025-05-02 10:52:02'),
(518, 2, 51, NULL, 284, NULL, NULL, 0.00, 2100.00, '2025-05-01', '2025-05-02 10:52:02', '2025-05-02 10:52:02'),
(519, 2, 52, NULL, 285, NULL, NULL, 0.00, 4200.00, '2025-05-01', '2025-05-02 10:52:02', '2025-05-02 10:52:02'),
(520, 2, 53, NULL, 286, NULL, NULL, 0.00, 9000.00, '2025-05-01', '2025-05-02 10:52:02', '2025-05-02 10:52:02'),
(521, 2, 54, NULL, 287, NULL, NULL, 0.00, 4200.00, '2025-05-01', '2025-05-02 10:52:02', '2025-05-02 10:52:02'),
(522, 2, 56, NULL, 288, NULL, NULL, 0.00, 1700.00, '2025-05-01', '2025-05-02 10:52:02', '2025-05-02 10:52:02'),
(525, 2, 59, NULL, 291, NULL, NULL, 0.00, 4000.00, '2025-05-01', '2025-05-02 10:52:02', '2025-05-02 10:52:02'),
(526, 2, 60, NULL, 292, NULL, NULL, 0.00, 3400.00, '2025-05-01', '2025-05-02 10:52:02', '2025-05-02 10:52:02'),
(527, 2, 61, NULL, 293, NULL, NULL, 0.00, 3000.00, '2025-05-01', '2025-05-02 10:52:02', '2025-05-02 10:52:02'),
(528, 2, 62, NULL, 294, NULL, NULL, 0.00, 2000.00, '2025-05-01', '2025-05-02 10:52:02', '2025-05-02 10:52:02'),
(529, 2, 63, NULL, 295, NULL, NULL, 0.00, 4000.00, '2025-05-01', '2025-05-02 10:52:02', '2025-05-02 10:52:02'),
(530, 2, 64, NULL, 296, NULL, NULL, 0.00, 4000.00, '2025-05-01', '2025-05-02 10:52:02', '2025-05-02 10:52:02'),
(531, 2, 65, NULL, 297, NULL, NULL, 0.00, 4000.00, '2025-05-01', '2025-05-02 10:52:02', '2025-05-02 10:52:02'),
(532, 2, 66, NULL, 298, NULL, NULL, 0.00, 4800.00, '2025-05-01', '2025-05-02 10:52:02', '2025-05-02 10:52:02'),
(533, 2, 67, NULL, 299, NULL, NULL, 0.00, 4000.00, '2025-05-01', '2025-05-02 10:52:02', '2025-05-02 10:52:02'),
(535, 2, 105, NULL, 301, NULL, NULL, 0.00, 2000.00, '2025-05-01', '2025-05-02 10:52:02', '2025-05-02 10:52:02'),
(536, 2, 107, NULL, 302, NULL, NULL, 0.00, 5500.00, '2025-05-01', '2025-05-02 10:52:02', '2025-05-02 10:52:02'),
(538, 2, 110, NULL, 304, NULL, NULL, 0.00, 5800.00, '2025-05-01', '2025-05-02 10:52:02', '2025-05-02 10:52:02'),
(541, 2, 113, NULL, 307, NULL, NULL, 0.00, 4800.00, '2025-05-01', '2025-05-02 10:52:02', '2025-05-02 10:52:02'),
(542, 2, 114, NULL, 308, NULL, NULL, 0.00, 1700.00, '2025-05-01', '2025-05-02 10:52:02', '2025-05-02 10:52:02'),
(543, 2, 121, NULL, 309, NULL, NULL, 0.00, 5800.00, '2025-05-01', '2025-05-02 10:52:02', '2025-05-02 10:52:02'),
(544, 2, 122, NULL, 310, NULL, NULL, 0.00, 2400.00, '2025-05-01', '2025-05-02 10:52:02', '2025-05-02 10:52:02'),
(545, 2, 136, NULL, 311, NULL, NULL, 0.00, 2300.00, '2025-05-01', '2025-05-02 10:52:02', '2025-05-02 10:52:02');
INSERT INTO `user_statements` (`id`, `user_id`, `rent_id`, `collection_id`, `monthly_rent_id`, `payment_method_id`, `payable_amount`, `amount_paid`, `balance`, `payment_date`, `created_at`, `updated_at`) VALUES
(546, 2, 137, NULL, 312, NULL, NULL, 0.00, 2100.00, '2025-05-01', '2025-05-02 10:52:02', '2025-05-02 10:52:02'),
(547, 2, 138, NULL, 313, NULL, NULL, 0.00, 2000.00, '2025-05-01', '2025-05-02 10:52:02', '2025-05-02 10:52:02'),
(549, 2, 99, NULL, 315, NULL, NULL, 0.00, 8000.00, '2025-05-01', '2025-05-02 10:53:41', '2025-05-02 10:53:41'),
(551, 2, 101, NULL, 317, NULL, NULL, 0.00, 7500.00, '2025-05-01', '2025-05-02 10:53:41', '2025-05-02 10:53:41'),
(552, 2, 102, NULL, 318, NULL, NULL, 0.00, 6000.00, '2025-05-01', '2025-05-02 10:53:41', '2025-05-02 10:53:41'),
(553, 2, 117, NULL, 319, NULL, NULL, 0.00, 8000.00, '2025-05-01', '2025-05-02 10:53:41', '2025-05-02 10:53:41'),
(554, 2, 118, NULL, 320, NULL, NULL, 0.00, 6000.00, '2025-05-01', '2025-05-02 10:53:41', '2025-05-02 10:53:41'),
(555, 2, 134, NULL, 321, NULL, NULL, 0.00, 9500.00, '2025-05-01', '2025-05-02 10:53:41', '2025-05-02 10:53:41'),
(556, 2, 137, 222, 312, 1, NULL, 2100.00, 0.00, '2025-05-02', '2025-05-02 11:00:51', '2025-05-02 11:00:51'),
(557, 2, 138, 223, 313, 1, NULL, 2000.00, 0.00, '2025-05-02', '2025-05-02 11:01:46', '2025-05-02 11:01:46'),
(558, 2, 122, 224, 310, 1, NULL, 2400.00, 0.00, '2025-05-02', '2025-05-02 11:03:10', '2025-05-02 11:03:10'),
(559, 2, 124, NULL, 322, NULL, NULL, 0.00, 4200.00, '2025-05-02', '2025-05-02 11:06:09', '2025-05-02 11:06:09'),
(560, 2, 125, NULL, 323, NULL, NULL, 0.00, 1400.00, '2025-05-02', '2025-05-02 11:06:09', '2025-05-02 11:06:09'),
(561, 2, 126, NULL, 324, NULL, NULL, 0.00, 1400.00, '2025-05-02', '2025-05-02 11:06:09', '2025-05-02 11:06:09'),
(563, 2, 128, NULL, 326, NULL, NULL, 0.00, 1400.00, '2025-05-02', '2025-05-02 11:06:09', '2025-05-02 11:06:09'),
(564, 2, 129, NULL, 327, NULL, NULL, 0.00, 1400.00, '2025-05-02', '2025-05-02 11:06:09', '2025-05-02 11:06:09'),
(565, 2, 130, NULL, 328, NULL, NULL, 0.00, 1400.00, '2025-05-02', '2025-05-02 11:06:09', '2025-05-02 11:06:09'),
(566, 2, 131, NULL, 329, NULL, NULL, 0.00, 1400.00, '2025-05-02', '2025-05-02 11:06:09', '2025-05-02 11:06:09'),
(567, 2, 132, NULL, 330, NULL, NULL, 0.00, 1400.00, '2025-05-02', '2025-05-02 11:06:09', '2025-05-02 11:06:09'),
(568, 2, 133, NULL, 331, NULL, NULL, 0.00, 1400.00, '2025-05-02', '2025-05-02 11:06:09', '2025-05-02 11:06:09'),
(569, 2, 139, NULL, 332, NULL, 1400.00, 0.00, 0.00, '2025-05-01', '2025-05-03 01:34:29', '2025-05-03 01:34:29'),
(570, 2, 73, NULL, 333, NULL, NULL, 0.00, 5000.00, '2025-05-01', '2025-05-03 02:43:14', '2025-05-03 02:43:14'),
(571, 2, 74, NULL, 334, NULL, NULL, 0.00, 4500.00, '2025-05-01', '2025-05-03 02:43:14', '2025-05-03 02:43:14'),
(572, 2, 75, NULL, 335, NULL, NULL, 0.00, 4200.00, '2025-05-01', '2025-05-03 02:43:14', '2025-05-03 02:43:14'),
(573, 2, 76, NULL, 336, NULL, NULL, 0.00, 4200.00, '2025-05-01', '2025-05-03 02:43:14', '2025-05-03 02:43:14'),
(574, 2, 77, NULL, 337, NULL, NULL, 0.00, 4200.00, '2025-05-01', '2025-05-03 02:43:14', '2025-05-03 02:43:14'),
(576, 2, 79, NULL, 339, NULL, NULL, 0.00, 4200.00, '2025-05-01', '2025-05-03 02:43:14', '2025-05-03 02:43:14'),
(577, 2, 80, NULL, 340, NULL, NULL, 0.00, 4600.00, '2025-05-01', '2025-05-03 02:43:14', '2025-05-03 02:43:14'),
(578, 2, 81, NULL, 341, NULL, NULL, 0.00, 4000.00, '2025-05-01', '2025-05-03 02:43:14', '2025-05-03 02:43:14'),
(579, 2, 82, NULL, 342, NULL, NULL, 0.00, 4200.00, '2025-05-01', '2025-05-03 02:43:14', '2025-05-03 02:43:14'),
(580, 2, 83, NULL, 343, NULL, NULL, 0.00, 4600.00, '2025-05-01', '2025-05-03 02:43:14', '2025-05-03 02:43:14'),
(582, 2, 115, NULL, 345, NULL, NULL, 0.00, 2100.00, '2025-05-01', '2025-05-03 02:43:14', '2025-05-03 02:43:14'),
(583, 2, 119, NULL, 346, NULL, NULL, 0.00, 4500.00, '2025-05-01', '2025-05-03 02:43:14', '2025-05-03 02:43:14'),
(584, 2, 82, 225, 342, 1, NULL, 4200.00, 0.00, '2025-05-03', '2025-05-03 02:45:12', '2025-05-03 02:45:12'),
(585, 2, 76, 226, 336, 1, NULL, 4200.00, 0.00, '2025-05-03', '2025-05-03 02:46:13', '2025-05-03 02:46:13'),
(586, 2, 66, 227, 298, 1, NULL, 2400.00, 0.00, '2025-05-03', '2025-05-03 09:29:03', '2025-05-03 09:29:03'),
(587, 2, 15, 228, 130, 1, NULL, 500.00, 0.00, '2025-05-04', '2025-05-03 23:02:58', '2025-05-03 23:02:58'),
(588, 2, 96, 229, 219, 1, NULL, 9500.00, 0.00, '2025-05-04', '2025-05-04 10:23:01', '2025-05-04 10:23:01'),
(589, 2, 140, NULL, 347, NULL, 1750.00, 0.00, 0.00, '2025-05-01', '2025-05-05 01:28:43', '2025-05-05 01:28:43'),
(590, 2, 140, 230, 347, 1, NULL, 1750.00, 0.00, '2025-05-04', '2025-05-05 01:29:23', '2025-05-05 01:29:23'),
(591, 2, 18, 231, 253, 1, NULL, 2100.00, 0.00, '2025-05-05', '2025-05-05 09:29:43', '2025-05-05 09:29:43'),
(592, 2, 105, 232, 301, 1, NULL, 2000.00, 0.00, '2025-05-05', '2025-05-05 10:18:44', '2025-05-05 10:18:44'),
(593, 2, 93, 233, 216, 1, NULL, 8800.00, 0.00, '2025-05-05', '2025-05-05 10:55:38', '2025-05-05 10:55:38'),
(594, 2, 84, 234, 208, 1, NULL, 10480.00, 0.00, '2025-05-06', '2025-05-06 07:10:25', '2025-05-06 07:10:25'),
(595, 2, 64, 235, 177, 1, NULL, 1000.00, 0.00, '2025-05-06', '2025-05-06 07:38:33', '2025-05-06 07:38:33'),
(596, 2, 40, 236, 274, 1, NULL, 2100.00, 0.00, '2025-05-06', '2025-05-06 07:41:18', '2025-05-06 07:41:18'),
(597, 2, 41, 237, 275, 1, NULL, 2100.00, 0.00, '2025-05-06', '2025-05-06 08:44:25', '2025-05-06 08:44:25'),
(598, 2, 6, 238, 242, 1, NULL, 4800.00, 0.00, '2025-05-06', '2025-05-06 08:55:57', '2025-05-06 08:55:57'),
(599, 2, 87, 239, 210, 1, NULL, 4500.00, 0.00, '2025-05-06', '2025-05-06 08:59:10', '2025-05-06 08:59:10'),
(600, 2, 87, 240, 229, 1, NULL, 5000.00, 0.00, '2025-05-06', '2025-05-06 09:01:07', '2025-05-06 09:01:07'),
(601, 2, 65, 241, 297, 1, NULL, 2000.00, 0.00, '2025-05-06', '2025-05-06 09:08:58', '2025-05-06 09:08:58'),
(602, 2, 52, 242, 165, 1, NULL, 2100.00, 0.00, '2025-05-06', '2025-05-06 10:38:17', '2025-05-06 10:38:17'),
(603, 2, 52, 243, 285, 1, NULL, 2100.00, 0.00, '2025-05-06', '2025-05-06 10:38:44', '2025-05-06 10:38:44'),
(604, 2, 12, NULL, 348, NULL, 5600.00, 0.00, 0.00, '2025-05-01', '2025-05-07 03:42:28', '2025-05-07 03:42:28'),
(605, 2, 99, 244, 315, 1, NULL, 8000.00, 0.00, '2025-05-07', '2025-05-07 09:32:21', '2025-05-07 09:32:21'),
(606, 2, 74, 245, 334, 1, NULL, 4500.00, 0.00, '2025-05-07', '2025-05-07 09:42:15', '2025-05-07 09:42:15'),
(607, 2, 45, 246, 279, 1, NULL, 4800.00, 0.00, '2025-05-12', '2025-05-12 08:20:59', '2025-05-12 08:20:59'),
(608, 2, 29, 247, 263, 1, NULL, 2800.00, 0.00, '2025-05-12', '2025-05-12 08:31:57', '2025-05-12 08:31:57'),
(609, 2, 31, 248, 265, 1, NULL, 2200.00, 0.00, '2025-05-12', '2025-05-12 08:45:04', '2025-05-12 08:45:04'),
(610, 2, 42, 249, 276, 1, NULL, 4800.00, 0.00, '2025-05-12', '2025-05-12 08:46:00', '2025-05-12 08:46:00'),
(611, 2, 36, 250, 150, 1, NULL, 1000.00, 0.00, '2025-05-12', '2025-05-12 08:47:21', '2025-05-12 08:47:21'),
(612, 2, 36, 251, 270, 1, NULL, 750.00, 0.00, '2025-05-12', '2025-05-12 08:48:21', '2025-05-12 08:48:21'),
(613, 2, 126, 252, 324, 1, NULL, 1400.00, 0.00, '2025-05-12', '2025-05-12 08:56:00', '2025-05-12 08:56:00'),
(614, 2, 7, 253, 123, 1, NULL, 2000.00, 0.00, '2025-05-12', '2025-05-12 09:41:12', '2025-05-12 09:41:12'),
(615, 2, 107, 254, 302, 1, NULL, 5500.00, 0.00, '2025-05-12', '2025-05-12 09:56:33', '2025-05-12 09:56:33'),
(616, 2, 119, 255, 346, 1, NULL, 4500.00, 0.00, '2025-05-12', '2025-05-12 10:09:04', '2025-05-12 10:09:04'),
(617, 2, 124, 256, 322, 1, NULL, 4000.00, 0.00, '2025-05-12', '2025-05-12 10:12:27', '2025-05-12 10:12:27'),
(618, 2, 118, 257, 320, 1, NULL, 6000.00, 0.00, '2025-05-13', '2025-05-12 23:06:59', '2025-05-12 23:06:59'),
(619, 2, 102, 258, 318, 1, NULL, 6000.00, 0.00, '2025-05-13', '2025-05-12 23:09:15', '2025-05-12 23:09:15'),
(620, 2, 44, 259, 278, 1, NULL, 4200.00, 0.00, '2025-05-13', '2025-05-13 08:33:10', '2025-05-13 08:33:10'),
(621, 2, 90, 260, 213, 1, NULL, 10000.00, 0.00, '2025-05-13', '2025-05-13 09:09:44', '2025-05-13 09:09:44'),
(622, 2, 53, 261, 166, 1, NULL, 4500.00, 0.00, '2025-05-13', '2025-05-13 09:10:30', '2025-05-13 09:10:30'),
(623, 2, 53, 262, 286, 1, NULL, 3400.00, 0.00, '2025-05-13', '2025-05-13 09:11:14', '2025-05-13 09:11:14'),
(624, 2, 65, 263, 297, 1, NULL, 2000.00, 0.00, '2025-05-13', '2025-05-13 09:46:17', '2025-05-13 09:46:17'),
(625, 2, 37, 264, 271, 1, NULL, 5000.00, 0.00, '2025-05-13', '2025-05-13 19:10:49', '2025-05-13 19:10:49'),
(626, 2, 33, 265, 267, 1, NULL, 4000.00, 0.00, '2025-05-13', '2025-05-13 19:11:36', '2025-05-13 19:11:36'),
(627, 2, 34, 266, 268, 1, NULL, 4500.00, 0.00, '2025-05-14', '2025-05-13 19:12:55', '2025-05-13 19:12:55'),
(628, 2, 117, 267, 319, 1, NULL, 8000.00, 0.00, '2025-05-14', '2025-05-13 21:53:14', '2025-05-13 21:53:14'),
(629, 2, 13, 268, 249, 1, NULL, 4200.00, 0.00, '2025-05-14', '2025-05-14 09:11:48', '2025-05-14 09:11:48'),
(630, 2, 24, 269, 259, 1, NULL, 3800.00, 0.00, '2025-05-14', '2025-05-14 09:12:30', '2025-05-14 09:12:30'),
(631, 2, 83, 270, 343, 1, NULL, 4600.00, 0.00, '2025-05-14', '2025-05-14 09:13:09', '2025-05-14 09:13:09'),
(632, 2, 63, 271, 295, 1, NULL, 4000.00, 0.00, '2025-05-15', '2025-05-15 00:10:56', '2025-05-15 00:10:56'),
(634, 2, 60, 273, 173, 1, NULL, 1430.00, 0.00, '2025-05-15', '2025-05-15 09:25:25', '2025-05-15 09:25:25'),
(635, 2, 60, 274, 292, 1, NULL, 3400.00, 0.00, '2025-05-15', '2025-05-15 09:30:01', '2025-05-15 09:30:01'),
(636, 2, 46, 275, 160, 1, NULL, 4000.00, 0.00, '2025-05-15', '2025-05-15 09:36:23', '2025-05-15 09:36:23'),
(637, 2, 16, 276, 251, 1, NULL, 4200.00, 0.00, '2025-05-15', '2025-05-15 10:39:09', '2025-05-15 10:39:09'),
(638, 2, 19, 277, 254, 1, NULL, 2400.00, 0.00, '2025-05-15', '2025-05-15 10:39:33', '2025-05-15 10:39:33'),
(639, 2, 94, 278, 236, 1, NULL, 10000.00, 0.00, '2025-05-12', '2025-05-15 11:03:38', '2025-05-15 11:03:38'),
(641, 2, 97, NULL, 350, NULL, 9000.00, 0.00, 0.00, '2025-05-01', '2025-05-15 11:07:17', '2025-05-15 11:07:17'),
(642, 2, 97, 279, 350, 1, NULL, 8700.00, 0.00, '2025-05-15', '2025-05-15 11:07:58', '2025-05-15 11:07:58'),
(643, 2, 134, 280, 321, 1, NULL, 9500.00, 0.00, '2025-05-17', '2025-05-16 22:33:02', '2025-05-16 22:33:02'),
(644, 2, 101, 281, 317, 1, NULL, 7500.00, 0.00, '2025-05-17', '2025-05-16 22:36:37', '2025-05-16 22:36:37'),
(645, 2, 59, 282, 291, 1, NULL, 4000.00, 0.00, '2025-05-17', '2025-05-16 23:48:04', '2025-05-16 23:48:04'),
(646, 2, 15, 283, 250, 1, NULL, 4500.00, 0.00, '2025-05-17', '2025-05-17 08:29:21', '2025-05-17 08:29:21'),
(647, 2, 61, 284, 293, 1, NULL, 3000.00, 0.00, '2025-05-17', '2025-05-17 08:30:04', '2025-05-17 08:30:04'),
(648, 2, 62, 285, 294, 1, NULL, 2000.00, 0.00, '2025-05-17', '2025-05-17 08:30:38', '2025-05-17 08:30:38'),
(649, 2, 22, 286, 257, 1, NULL, 2400.00, 0.00, '2025-05-17', '2025-05-17 08:52:11', '2025-05-17 08:52:11'),
(650, 2, 35, 287, 269, 1, NULL, 2400.00, 0.00, '2025-05-17', '2025-05-17 08:56:40', '2025-05-17 08:56:40'),
(651, 2, 32, 288, 266, 2, NULL, 4200.00, 0.00, '2025-05-17', '2025-05-17 09:32:54', '2025-05-17 09:32:54'),
(652, 2, 86, 289, 228, 1, NULL, 10000.00, 0.00, '2025-05-18', '2025-05-18 09:17:16', '2025-05-18 09:17:16'),
(653, 2, 20, 290, 255, 1, NULL, 2400.00, 0.00, '2025-05-18', '2025-05-18 09:37:30', '2025-05-18 09:37:30'),
(654, 2, 92, 291, 234, 1, NULL, 9000.00, 0.00, '2025-05-19', '2025-05-19 09:56:54', '2025-05-19 09:56:54'),
(655, 2, 81, 292, 341, 1, NULL, 4000.00, 0.00, '2025-05-19', '2025-05-19 10:01:31', '2025-05-19 10:01:31'),
(656, 2, 139, 293, 332, 1, NULL, 1400.00, 0.00, '2025-05-19', '2025-05-20 02:05:17', '2025-05-20 02:05:17'),
(657, 2, 48, NULL, 351, NULL, 4600.00, 0.00, 0.00, '2025-05-01', '2025-05-20 02:38:00', '2025-05-20 02:38:00'),
(658, 2, 48, 294, 351, 1, NULL, 4600.00, 0.00, '2025-05-20', '2025-05-20 02:38:37', '2025-05-20 02:38:37'),
(659, 2, 51, 295, 284, 1, NULL, 2100.00, 0.00, '2025-05-20', '2025-05-20 02:39:07', '2025-05-20 02:39:07'),
(660, 2, 132, 296, 330, 1, NULL, 1400.00, 0.00, '2025-05-20', '2025-05-20 02:41:45', '2025-05-20 02:41:45'),
(661, 2, 130, 297, 328, 1, NULL, 1400.00, 0.00, '2025-05-20', '2025-05-20 07:37:32', '2025-05-20 07:37:32'),
(662, 2, 131, 298, 329, 1, NULL, 1400.00, 0.00, '2025-05-20', '2025-05-20 07:40:50', '2025-05-20 07:40:50'),
(663, 2, 11, 299, 247, 1, NULL, 7000.00, 0.00, '2025-05-20', '2025-05-20 07:53:04', '2025-05-20 07:53:04'),
(664, 2, 114, 300, 308, 1, NULL, 1700.00, 0.00, '2025-05-20', '2025-05-20 08:21:00', '2025-05-20 08:21:00');

--
-- Indexes for dumped tables
--

--
-- Indexes for table `bank_transactions`
--
ALTER TABLE `bank_transactions`
  ADD PRIMARY KEY (`id`),
  ADD KEY `bank_transactions_user_id_foreign` (`user_id`),
  ADD KEY `bank_transactions_payment_method_id_foreign` (`payment_method_id`);

--
-- Indexes for table `categories`
--
ALTER TABLE `categories`
  ADD PRIMARY KEY (`id`),
  ADD KEY `categories_user_id_foreign` (`user_id`);

--
-- Indexes for table `designations`
--
ALTER TABLE `designations`
  ADD PRIMARY KEY (`id`),
  ADD KEY `designations_user_id_foreign` (`user_id`);

--
-- Indexes for table `employees`
--
ALTER TABLE `employees`
  ADD PRIMARY KEY (`id`),
  ADD UNIQUE KEY `employees_email_unique` (`email`),
  ADD KEY `employees_user_id_foreign` (`user_id`),
  ADD KEY `employees_designation_id_foreign` (`designation_id`);

--
-- Indexes for table `failed_jobs`
--
ALTER TABLE `failed_jobs`
  ADD PRIMARY KEY (`id`),
  ADD UNIQUE KEY `failed_jobs_uuid_unique` (`uuid`);

--
-- Indexes for table `floors`
--
ALTER TABLE `floors`
  ADD PRIMARY KEY (`id`),
  ADD KEY `floors_user_id_foreign` (`user_id`),
  ADD KEY `floors_house_id_foreign` (`house_id`);

--
-- Indexes for table `houses`
--
ALTER TABLE `houses`
  ADD PRIMARY KEY (`id`),
  ADD KEY `houses_user_id_foreign` (`user_id`);

--
-- Indexes for table `income_expences`
--
ALTER TABLE `income_expences`
  ADD PRIMARY KEY (`id`),
  ADD KEY `income_expences_user_id_foreign` (`user_id`),
  ADD KEY `income_expences_income_expence_category_id_foreign` (`income_expence_category_id`),
  ADD KEY `income_expences_payment_method_id_foreign` (`payment_method_id`),
  ADD KEY `income_expences_house_id_foreign` (`house_id`);

--
-- Indexes for table `income_expence_categories`
--
ALTER TABLE `income_expence_categories`
  ADD PRIMARY KEY (`id`),
  ADD KEY `income_expence_categories_user_id_foreign` (`user_id`);

--
-- Indexes for table `migrations`
--
ALTER TABLE `migrations`
  ADD PRIMARY KEY (`id`);

--
-- Indexes for table `model_has_permissions`
--
ALTER TABLE `model_has_permissions`
  ADD PRIMARY KEY (`permission_id`,`model_id`,`model_type`),
  ADD KEY `model_has_permissions_model_id_model_type_index` (`model_id`,`model_type`);

--
-- Indexes for table `model_has_roles`
--
ALTER TABLE `model_has_roles`
  ADD PRIMARY KEY (`role_id`,`model_id`,`model_type`),
  ADD KEY `model_has_roles_model_id_model_type_index` (`model_id`,`model_type`);

--
-- Indexes for table `monthly_rents`
--
ALTER TABLE `monthly_rents`
  ADD PRIMARY KEY (`id`),
  ADD KEY `monthly_rents_rent_id_foreign` (`rent_id`),
  ADD KEY `monthly_rents_user_id_foreign` (`user_id`);

--
-- Indexes for table `password_resets`
--
ALTER TABLE `password_resets`
  ADD KEY `password_resets_email_index` (`email`);

--
-- Indexes for table `payment_methods`
--
ALTER TABLE `payment_methods`
  ADD PRIMARY KEY (`id`),
  ADD KEY `payment_methods_user_id_foreign` (`user_id`);

--
-- Indexes for table `permissions`
--
ALTER TABLE `permissions`
  ADD PRIMARY KEY (`id`);

--
-- Indexes for table `permission_categories`
--
ALTER TABLE `permission_categories`
  ADD PRIMARY KEY (`id`);

--
-- Indexes for table `personal_access_tokens`
--
ALTER TABLE `personal_access_tokens`
  ADD PRIMARY KEY (`id`),
  ADD UNIQUE KEY `personal_access_tokens_token_unique` (`token`),
  ADD KEY `personal_access_tokens_tokenable_type_tokenable_id_index` (`tokenable_type`,`tokenable_id`);

--
-- Indexes for table `phonebooks`
--
ALTER TABLE `phonebooks`
  ADD PRIMARY KEY (`id`),
  ADD KEY `phonebooks_user_id_foreign` (`user_id`),
  ADD KEY `phonebooks_category_id_foreign` (`category_id`);

--
-- Indexes for table `remainders`
--
ALTER TABLE `remainders`
  ADD PRIMARY KEY (`id`),
  ADD KEY `remainders_user_id_foreign` (`user_id`),
  ADD KEY `remainders_renter_id_foreign` (`renter_id`);

--
-- Indexes for table `renters`
--
ALTER TABLE `renters`
  ADD PRIMARY KEY (`id`),
  ADD KEY `renters_user_id_foreign` (`user_id`);

--
-- Indexes for table `rents`
--
ALTER TABLE `rents`
  ADD PRIMARY KEY (`id`),
  ADD KEY `rents_floor_id_foreign` (`floor_id`),
  ADD KEY `rents_house_id_foreign` (`house_id`),
  ADD KEY `rents_renter_id_foreign` (`renter_id`),
  ADD KEY `rents_unit_id_foreign` (`unit_id`),
  ADD KEY `rents_user_id_foreign` (`user_id`);

--
-- Indexes for table `rent_adjustments`
--
ALTER TABLE `rent_adjustments`
  ADD PRIMARY KEY (`id`),
  ADD KEY `rent_adjustments_rent_id_foreign` (`rent_id`),
  ADD KEY `rent_adjustments_renter_id_foreign` (`renter_id`),
  ADD KEY `rent_adjustments_user_id_foreign` (`user_id`);

--
-- Indexes for table `rent_collection_histories`
--
ALTER TABLE `rent_collection_histories`
  ADD PRIMARY KEY (`id`),
  ADD KEY `rent_id` (`rent_id`),
  ADD KEY `monthly_rents_foreign` (`monthly_rent_id`);

--
-- Indexes for table `roles`
--
ALTER TABLE `roles`
  ADD PRIMARY KEY (`id`);

--
-- Indexes for table `role_has_permissions`
--
ALTER TABLE `role_has_permissions`
  ADD PRIMARY KEY (`permission_id`,`role_id`),
  ADD KEY `role_has_permissions_role_id_foreign` (`role_id`);

--
-- Indexes for table `salary_records`
--
ALTER TABLE `salary_records`
  ADD PRIMARY KEY (`id`),
  ADD KEY `salary_records_user_id_foreign` (`user_id`),
  ADD KEY `salary_records_employee_id_foreign` (`employee_id`),
  ADD KEY `salary_records_payment_method_id_foreign` (`payment_method_id`);

--
-- Indexes for table `sessions`
--
ALTER TABLE `sessions`
  ADD PRIMARY KEY (`id`),
  ADD KEY `sessions_user_id_index` (`user_id`),
  ADD KEY `sessions_last_activity_index` (`last_activity`);

--
-- Indexes for table `settings`
--
ALTER TABLE `settings`
  ADD PRIMARY KEY (`id`),
  ADD KEY `settings_user_id_foreign` (`user_id`);

--
-- Indexes for table `teams`
--
ALTER TABLE `teams`
  ADD PRIMARY KEY (`id`),
  ADD KEY `teams_user_id_index` (`user_id`);

--
-- Indexes for table `transactions`
--
ALTER TABLE `transactions`
  ADD PRIMARY KEY (`id`),
  ADD KEY `transactions_user_id_foreign` (`user_id`),
  ADD KEY `transactions_payment_method_id_foreign` (`payment_method_id`);

--
-- Indexes for table `units`
--
ALTER TABLE `units`
  ADD PRIMARY KEY (`id`),
  ADD KEY `units_user_id_foreign` (`user_id`),
  ADD KEY `units_house_id_foreign` (`house_id`),
  ADD KEY `units_floor_id_foreign` (`floor_id`);

--
-- Indexes for table `users`
--
ALTER TABLE `users`
  ADD PRIMARY KEY (`id`),
  ADD UNIQUE KEY `users_email_unique` (`email`);

--
-- Indexes for table `user_has_permissions`
--
ALTER TABLE `user_has_permissions`
  ADD PRIMARY KEY (`permission_id`,`user_id`,`model_type`),
  ADD KEY `model_has_permissions_model_id_model_type_index` (`user_id`,`model_type`);

--
-- Indexes for table `user_has_roles`
--
ALTER TABLE `user_has_roles`
  ADD PRIMARY KEY (`role_id`,`user_id`,`model_type`),
  ADD KEY `model_has_roles_model_id_model_type_index` (`user_id`,`model_type`);

--
-- Indexes for table `user_statements`
--
ALTER TABLE `user_statements`
  ADD PRIMARY KEY (`id`),
  ADD KEY `user_statements_monthly_rent_id_foreign` (`monthly_rent_id`),
  ADD KEY `user_statements_payment_method_id_foreign` (`payment_method_id`),
  ADD KEY `user_statements_rent_id_foreign` (`rent_id`),
  ADD KEY `user_statements_user_id_foreign` (`user_id`);

--
-- AUTO_INCREMENT for dumped tables
--

--
-- AUTO_INCREMENT for table `bank_transactions`
--
ALTER TABLE `bank_transactions`
  MODIFY `id` bigint(20) UNSIGNED NOT NULL AUTO_INCREMENT;

--
-- AUTO_INCREMENT for table `categories`
--
ALTER TABLE `categories`
  MODIFY `id` bigint(20) UNSIGNED NOT NULL AUTO_INCREMENT;

--
-- AUTO_INCREMENT for table `designations`
--
ALTER TABLE `designations`
  MODIFY `id` bigint(20) UNSIGNED NOT NULL AUTO_INCREMENT;

--
-- AUTO_INCREMENT for table `employees`
--
ALTER TABLE `employees`
  MODIFY `id` bigint(20) UNSIGNED NOT NULL AUTO_INCREMENT;

--
-- AUTO_INCREMENT for table `failed_jobs`
--
ALTER TABLE `failed_jobs`
  MODIFY `id` bigint(20) UNSIGNED NOT NULL AUTO_INCREMENT;

--
-- AUTO_INCREMENT for table `floors`
--
ALTER TABLE `floors`
  MODIFY `id` bigint(20) UNSIGNED NOT NULL AUTO_INCREMENT, AUTO_INCREMENT=12;

--
-- AUTO_INCREMENT for table `houses`
--
ALTER TABLE `houses`
  MODIFY `id` bigint(20) UNSIGNED NOT NULL AUTO_INCREMENT, AUTO_INCREMENT=7;

--
-- AUTO_INCREMENT for table `income_expences`
--
ALTER TABLE `income_expences`
  MODIFY `id` bigint(20) UNSIGNED NOT NULL AUTO_INCREMENT, AUTO_INCREMENT=255;

--
-- AUTO_INCREMENT for table `income_expence_categories`
--
ALTER TABLE `income_expence_categories`
  MODIFY `id` bigint(20) UNSIGNED NOT NULL AUTO_INCREMENT, AUTO_INCREMENT=31;

--
-- AUTO_INCREMENT for table `migrations`
--
ALTER TABLE `migrations`
  MODIFY `id` int(10) UNSIGNED NOT NULL AUTO_INCREMENT, AUTO_INCREMENT=39;

--
-- AUTO_INCREMENT for table `monthly_rents`
--
ALTER TABLE `monthly_rents`
  MODIFY `id` bigint(20) UNSIGNED NOT NULL AUTO_INCREMENT, AUTO_INCREMENT=352;

--
-- AUTO_INCREMENT for table `payment_methods`
--
ALTER TABLE `payment_methods`
  MODIFY `id` bigint(20) UNSIGNED NOT NULL AUTO_INCREMENT, AUTO_INCREMENT=5;

--
-- AUTO_INCREMENT for table `permissions`
--
ALTER TABLE `permissions`
  MODIFY `id` bigint(20) UNSIGNED NOT NULL AUTO_INCREMENT, AUTO_INCREMENT=17;

--
-- AUTO_INCREMENT for table `permission_categories`
--
ALTER TABLE `permission_categories`
  MODIFY `id` bigint(20) UNSIGNED NOT NULL AUTO_INCREMENT, AUTO_INCREMENT=6;

--
-- AUTO_INCREMENT for table `personal_access_tokens`
--
ALTER TABLE `personal_access_tokens`
  MODIFY `id` bigint(20) UNSIGNED NOT NULL AUTO_INCREMENT;

--
-- AUTO_INCREMENT for table `phonebooks`
--
ALTER TABLE `phonebooks`
  MODIFY `id` bigint(20) UNSIGNED NOT NULL AUTO_INCREMENT;

--
-- AUTO_INCREMENT for table `remainders`
--
ALTER TABLE `remainders`
  MODIFY `id` bigint(20) UNSIGNED NOT NULL AUTO_INCREMENT, AUTO_INCREMENT=48;

--
-- AUTO_INCREMENT for table `renters`
--
ALTER TABLE `renters`
  MODIFY `id` bigint(20) UNSIGNED NOT NULL AUTO_INCREMENT, AUTO_INCREMENT=121;

--
-- AUTO_INCREMENT for table `rents`
--
ALTER TABLE `rents`
  MODIFY `id` bigint(20) UNSIGNED NOT NULL AUTO_INCREMENT, AUTO_INCREMENT=141;

--
-- AUTO_INCREMENT for table `rent_adjustments`
--
ALTER TABLE `rent_adjustments`
  MODIFY `id` bigint(20) UNSIGNED NOT NULL AUTO_INCREMENT, AUTO_INCREMENT=142;

--
-- AUTO_INCREMENT for table `rent_collection_histories`
--
ALTER TABLE `rent_collection_histories`
  MODIFY `id` bigint(20) UNSIGNED NOT NULL AUTO_INCREMENT, AUTO_INCREMENT=301;

--
-- AUTO_INCREMENT for table `roles`
--
ALTER TABLE `roles`
  MODIFY `id` bigint(20) UNSIGNED NOT NULL AUTO_INCREMENT, AUTO_INCREMENT=8;

--
-- AUTO_INCREMENT for table `salary_records`
--
ALTER TABLE `salary_records`
  MODIFY `id` bigint(20) UNSIGNED NOT NULL AUTO_INCREMENT;

--
-- AUTO_INCREMENT for table `settings`
--
ALTER TABLE `settings`
  MODIFY `id` bigint(20) UNSIGNED NOT NULL AUTO_INCREMENT, AUTO_INCREMENT=2;

--
-- AUTO_INCREMENT for table `teams`
--
ALTER TABLE `teams`
  MODIFY `id` bigint(20) UNSIGNED NOT NULL AUTO_INCREMENT;

--
-- AUTO_INCREMENT for table `transactions`
--
ALTER TABLE `transactions`
  MODIFY `id` bigint(20) UNSIGNED NOT NULL AUTO_INCREMENT, AUTO_INCREMENT=565;

--
-- AUTO_INCREMENT for table `units`
--
ALTER TABLE `units`
  MODIFY `id` bigint(20) UNSIGNED NOT NULL AUTO_INCREMENT, AUTO_INCREMENT=123;

--
-- AUTO_INCREMENT for table `users`
--
ALTER TABLE `users`
  MODIFY `id` bigint(20) UNSIGNED NOT NULL AUTO_INCREMENT, AUTO_INCREMENT=24;

--
-- AUTO_INCREMENT for table `user_statements`
--
ALTER TABLE `user_statements`
  MODIFY `id` bigint(20) UNSIGNED NOT NULL AUTO_INCREMENT, AUTO_INCREMENT=665;

--
-- Constraints for dumped tables
--

--
-- Constraints for table `bank_transactions`
--
ALTER TABLE `bank_transactions`
  ADD CONSTRAINT `bank_transactions_payment_method_id_foreign` FOREIGN KEY (`payment_method_id`) REFERENCES `payment_methods` (`id`) ON UPDATE CASCADE,
  ADD CONSTRAINT `bank_transactions_user_id_foreign` FOREIGN KEY (`user_id`) REFERENCES `users` (`id`) ON UPDATE CASCADE;

--
-- Constraints for table `categories`
--
ALTER TABLE `categories`
  ADD CONSTRAINT `categories_user_id_foreign` FOREIGN KEY (`user_id`) REFERENCES `users` (`id`) ON UPDATE CASCADE;

--
-- Constraints for table `designations`
--
ALTER TABLE `designations`
  ADD CONSTRAINT `designations_user_id_foreign` FOREIGN KEY (`user_id`) REFERENCES `users` (`id`) ON UPDATE CASCADE;

--
-- Constraints for table `employees`
--
ALTER TABLE `employees`
  ADD CONSTRAINT `employees_designation_id_foreign` FOREIGN KEY (`designation_id`) REFERENCES `designations` (`id`) ON UPDATE CASCADE,
  ADD CONSTRAINT `employees_user_id_foreign` FOREIGN KEY (`user_id`) REFERENCES `users` (`id`) ON UPDATE CASCADE;

--
-- Constraints for table `floors`
--
ALTER TABLE `floors`
  ADD CONSTRAINT `floors_house_id_foreign` FOREIGN KEY (`house_id`) REFERENCES `houses` (`id`) ON UPDATE CASCADE,
  ADD CONSTRAINT `floors_user_id_foreign` FOREIGN KEY (`user_id`) REFERENCES `users` (`id`) ON UPDATE CASCADE;

--
-- Constraints for table `houses`
--
ALTER TABLE `houses`
  ADD CONSTRAINT `houses_user_id_foreign` FOREIGN KEY (`user_id`) REFERENCES `users` (`id`) ON UPDATE CASCADE;

--
-- Constraints for table `income_expences`
--
ALTER TABLE `income_expences`
  ADD CONSTRAINT `income_expences_house_id_foreign` FOREIGN KEY (`house_id`) REFERENCES `houses` (`id`) ON UPDATE CASCADE,
  ADD CONSTRAINT `income_expences_income_expence_category_id_foreign` FOREIGN KEY (`income_expence_category_id`) REFERENCES `income_expence_categories` (`id`) ON UPDATE CASCADE,
  ADD CONSTRAINT `income_expences_payment_method_id_foreign` FOREIGN KEY (`payment_method_id`) REFERENCES `payment_methods` (`id`) ON UPDATE CASCADE,
  ADD CONSTRAINT `income_expences_user_id_foreign` FOREIGN KEY (`user_id`) REFERENCES `users` (`id`) ON UPDATE CASCADE;

--
-- Constraints for table `income_expence_categories`
--
ALTER TABLE `income_expence_categories`
  ADD CONSTRAINT `income_expence_categories_user_id_foreign` FOREIGN KEY (`user_id`) REFERENCES `users` (`id`) ON UPDATE CASCADE;

--
-- Constraints for table `monthly_rents`
--
ALTER TABLE `monthly_rents`
  ADD CONSTRAINT `monthly_rents_rent_id_foreign` FOREIGN KEY (`rent_id`) REFERENCES `rents` (`id`) ON UPDATE CASCADE,
  ADD CONSTRAINT `monthly_rents_user_id_foreign` FOREIGN KEY (`user_id`) REFERENCES `users` (`id`) ON UPDATE CASCADE;

--
-- Constraints for table `payment_methods`
--
ALTER TABLE `payment_methods`
  ADD CONSTRAINT `payment_methods_user_id_foreign` FOREIGN KEY (`user_id`) REFERENCES `users` (`id`) ON UPDATE CASCADE;

--
-- Constraints for table `phonebooks`
--
ALTER TABLE `phonebooks`
  ADD CONSTRAINT `phonebooks_category_id_foreign` FOREIGN KEY (`category_id`) REFERENCES `categories` (`id`) ON DELETE CASCADE,
  ADD CONSTRAINT `phonebooks_user_id_foreign` FOREIGN KEY (`user_id`) REFERENCES `users` (`id`) ON DELETE CASCADE;

--
-- Constraints for table `remainders`
--
ALTER TABLE `remainders`
  ADD CONSTRAINT `remainders_renter_id_foreign` FOREIGN KEY (`renter_id`) REFERENCES `renters` (`id`) ON UPDATE CASCADE,
  ADD CONSTRAINT `remainders_user_id_foreign` FOREIGN KEY (`user_id`) REFERENCES `users` (`id`) ON UPDATE CASCADE;

--
-- Constraints for table `renters`
--
ALTER TABLE `renters`
  ADD CONSTRAINT `renters_user_id_foreign` FOREIGN KEY (`user_id`) REFERENCES `users` (`id`) ON UPDATE CASCADE;

--
-- Constraints for table `rents`
--
ALTER TABLE `rents`
  ADD CONSTRAINT `rents_floor_id_foreign` FOREIGN KEY (`floor_id`) REFERENCES `floors` (`id`) ON UPDATE CASCADE,
  ADD CONSTRAINT `rents_house_id_foreign` FOREIGN KEY (`house_id`) REFERENCES `houses` (`id`) ON UPDATE CASCADE,
  ADD CONSTRAINT `rents_renter_id_foreign` FOREIGN KEY (`renter_id`) REFERENCES `renters` (`id`) ON UPDATE CASCADE,
  ADD CONSTRAINT `rents_unit_id_foreign` FOREIGN KEY (`unit_id`) REFERENCES `units` (`id`) ON UPDATE CASCADE,
  ADD CONSTRAINT `rents_user_id_foreign` FOREIGN KEY (`user_id`) REFERENCES `users` (`id`) ON UPDATE CASCADE;

--
-- Constraints for table `rent_adjustments`
--
ALTER TABLE `rent_adjustments`
  ADD CONSTRAINT `rent_adjustments_rent_id_foreign` FOREIGN KEY (`rent_id`) REFERENCES `rents` (`id`) ON UPDATE CASCADE,
  ADD CONSTRAINT `rent_adjustments_renter_id_foreign` FOREIGN KEY (`renter_id`) REFERENCES `renters` (`id`) ON UPDATE CASCADE,
  ADD CONSTRAINT `rent_adjustments_user_id_foreign` FOREIGN KEY (`user_id`) REFERENCES `users` (`id`) ON UPDATE CASCADE;

--
-- Constraints for table `rent_collection_histories`
--
ALTER TABLE `rent_collection_histories`
  ADD CONSTRAINT `monthly_rents_foreign` FOREIGN KEY (`monthly_rent_id`) REFERENCES `monthly_rents` (`id`) ON UPDATE CASCADE,
  ADD CONSTRAINT `rent_id` FOREIGN KEY (`rent_id`) REFERENCES `rents` (`id`) ON UPDATE CASCADE;

--
-- Constraints for table `salary_records`
--
ALTER TABLE `salary_records`
  ADD CONSTRAINT `salary_records_employee_id_foreign` FOREIGN KEY (`employee_id`) REFERENCES `employees` (`id`) ON UPDATE CASCADE,
  ADD CONSTRAINT `salary_records_payment_method_id_foreign` FOREIGN KEY (`payment_method_id`) REFERENCES `payment_methods` (`id`) ON UPDATE CASCADE,
  ADD CONSTRAINT `salary_records_user_id_foreign` FOREIGN KEY (`user_id`) REFERENCES `users` (`id`) ON UPDATE CASCADE;

--
-- Constraints for table `settings`
--
ALTER TABLE `settings`
  ADD CONSTRAINT `settings_user_id_foreign` FOREIGN KEY (`user_id`) REFERENCES `users` (`id`) ON UPDATE CASCADE;

--
-- Constraints for table `transactions`
--
ALTER TABLE `transactions`
  ADD CONSTRAINT `transactions_payment_method_id_foreign` FOREIGN KEY (`payment_method_id`) REFERENCES `payment_methods` (`id`) ON UPDATE CASCADE,
  ADD CONSTRAINT `transactions_user_id_foreign` FOREIGN KEY (`user_id`) REFERENCES `users` (`id`) ON UPDATE CASCADE;

--
-- Constraints for table `units`
--
ALTER TABLE `units`
  ADD CONSTRAINT `units_floor_id_foreign` FOREIGN KEY (`floor_id`) REFERENCES `floors` (`id`) ON UPDATE CASCADE,
  ADD CONSTRAINT `units_house_id_foreign` FOREIGN KEY (`house_id`) REFERENCES `houses` (`id`) ON UPDATE CASCADE,
  ADD CONSTRAINT `units_user_id_foreign` FOREIGN KEY (`user_id`) REFERENCES `users` (`id`) ON UPDATE CASCADE;

--
-- Constraints for table `user_statements`
--
ALTER TABLE `user_statements`
  ADD CONSTRAINT `user_statements_monthly_rent_id_foreign` FOREIGN KEY (`monthly_rent_id`) REFERENCES `monthly_rents` (`id`) ON UPDATE CASCADE,
  ADD CONSTRAINT `user_statements_payment_method_id_foreign` FOREIGN KEY (`payment_method_id`) REFERENCES `payment_methods` (`id`) ON UPDATE CASCADE,
  ADD CONSTRAINT `user_statements_rent_id_foreign` FOREIGN KEY (`rent_id`) REFERENCES `rents` (`id`) ON UPDATE CASCADE,
  ADD CONSTRAINT `user_statements_user_id_foreign` FOREIGN KEY (`user_id`) REFERENCES `users` (`id`) ON UPDATE CASCADE;
COMMIT;

/*!40101 SET CHARACTER_SET_CLIENT=@OLD_CHARACTER_SET_CLIENT */;
/*!40101 SET CHARACTER_SET_RESULTS=@OLD_CHARACTER_SET_RESULTS */;
/*!40101 SET COLLATION_CONNECTION=@OLD_COLLATION_CONNECTION */;
